Complaint_ID;Shipment_ID;Complaint_DateTime;Complaint_Category;Complaint_Reason;Complaint_Channel;Resolved_Flag
CMP-0000253;SHP-2025-0010412;2025-02-13 23:40:32;Failed Delivery;Courier did not reach customer;Phone;TRUE
CMP-0004690;SHP-2026-0187902;2026-07-12 02:13:30;Late Delivery;Delivery date repeatedly changed;Phone;FALSE
CMP-0001587;SHP-2025-0064201;2025-08-07 10:38:27;Failed Delivery;Courier did not reach customer;Web Form;TRUE
CMP-0003118;SHP-2026-0121801;2026-01-30 07:55:11;Failed Delivery;Delivery unsuccessful;Phone;TRUE
CMP-0001336;SHP-2025-0054136;2025-07-19 06:00:32;Other;Other;Web Form;TRUE
CMP-0000864;SHP-2025-0034154;2025-05-01 02:46:56;Late Delivery;Long transit time;Web Form;TRUE
CMP-0003841;SHP-2026-0151966;2026-04-30 22:12:42;Failed Delivery;Courier did not reach customer;Web Form;TRUE
CMP-0001631;SHP-2025-0065716;2025-08-16 04:43:41;Incorrect Delivery;Wrong delivery instructions;Email;TRUE
CMP-0002550;SHP-2025-0102899;2025-11-12 03:34:20;Late Delivery;Delivered after promised date;Web Form;TRUE
CMP-0000246;SHP-2025-0010226;2025-02-13 04:24:32;Incorrect Delivery;Wrong delivery instructions;Chat;TRUE
CMP-0003457;SHP-2026-0136462;2026-02-16 09:13:18;Failed Delivery;Repeated delivery attempt;Web Form;TRUE
CMP-0001069;SHP-2025-0043104;2025-06-05 22:02:44;Late Delivery;Delivered after promised date;Email;TRUE
CMP-0002553;SHP-2025-0102972;2025-11-20 18:18:17;Failed Delivery;Courier did not reach customer;Phone;TRUE
CMP-0003377;SHP-2026-0133078;2026-02-07 22:39:20;Other;Tracking issue;Phone;TRUE
CMP-0006235;SHP-2026-0244641;2026-12-18 09:10:11;Late Delivery;Delivery date repeatedly changed;Phone;TRUE
CMP-0001283;SHP-2025-0051693;2025-07-06 18:53:58;Late Delivery;Long transit time;Web Form;TRUE
CMP-0000845;SHP-2025-0033291;2025-04-13 01:28:21;Other;Tracking issue;Chat;TRUE
CMP-0004476;SHP-2026-0179550;2026-07-21 10:57:28;Other;Tracking issue;Web Form;TRUE
CMP-0005779;SHP-2026-0230219;2026-12-04 22:23:29;Failed Delivery;Courier did not reach customer;Web Form;TRUE
CMP-0001279;SHP-2025-0051331;2025-06-30 15:04:23;Other;Tracking issue;Chat;TRUE
CMP-0003099;SHP-2025-0121099;2025-12-09 15:49:37;Incorrect Delivery;Tracking issue;Email;TRUE
CMP-0003695;SHP-2026-0146476;2026-04-05 10:38:39;Late Delivery;Delivered after promised date;Phone;TRUE
CMP-0001027;SHP-2025-0041510;2025-05-11 08:31:12;Other;Other;Email;TRUE
CMP-0005583;SHP-2026-0222954;2026-11-22 22:53:29;Late Delivery;Long transit time;Chat;TRUE
CMP-0003690;SHP-2026-0146241;2026-03-26 08:35:31;Incorrect Delivery;Other;Chat;TRUE
CMP-0002213;SHP-2025-0089083;2025-11-02 14:25:30;Failed Delivery;Courier did not reach customer;Email;TRUE
CMP-0005509;SHP-2026-0220426;2026-10-10 14:25:37;Other;Tracking issue;Email;TRUE
CMP-0002431;SHP-2025-0098612;2025-11-07 00:42:00;Incorrect Delivery;Wrong delivery instructions;Web Form;TRUE
CMP-0004328;SHP-2026-0173883;2026-07-03 00:39:30;Late Delivery;Delivery date repeatedly changed;Web Form;TRUE
CMP-0000281;SHP-2025-0011569;2025-02-19 21:39:37;Incorrect Delivery;Other;Web Form;TRUE
CMP-0006305;SHP-2026-0247009;2026-12-30 00:18:29;Failed Delivery;Customer not available;Chat;TRUE
CMP-0003435;SHP-2026-0135660;2026-03-03 07:44:59;Incorrect Delivery;Other;Email;TRUE
CMP-0004632;SHP-2026-0185531;2026-07-11 12:03:15;Other;Wrong delivery instructions;Web Form;TRUE
CMP-0000850;SHP-2025-0033453;2025-04-07 12:02:46;Late Delivery;Delivery date repeatedly changed;Phone;TRUE
CMP-0000605;SHP-2025-0024067;2025-03-30 08:29:33;Late Delivery;Delivery date repeatedly changed;Phone;TRUE
CMP-0005412;SHP-2026-0216582;2026-10-11 09:00:34;Failed Delivery;Repeated delivery attempt;Email;TRUE
CMP-0000326;SHP-2025-0013282;2025-02-23 17:25:45;Late Delivery;Delivery date repeatedly changed;Email;FALSE
CMP-0005361;SHP-2026-0214424;2026-11-01 11:24:40;Damaged Shipment;Contents damaged;Phone;TRUE
CMP-0005573;SHP-2026-0222523;2026-11-26 12:47:30;Failed Delivery;Courier did not reach customer;Email;TRUE
CMP-0001645;SHP-2025-0066372;2025-08-08 01:41:05;Failed Delivery;Courier did not reach customer;Email;TRUE
CMP-0004774;SHP-2026-0191421;2026-08-28 21:36:53;Incorrect Delivery;Other;Web Form;TRUE
CMP-0005037;SHP-2026-0201418;2026-09-16 13:45:05;Other;Wrong delivery instructions;Web Form;TRUE
CMP-0004865;SHP-2026-0195119;2026-08-12 07:42:05;Damaged Shipment;Contents damaged;Phone;TRUE
CMP-0000206;SHP-2025-0008503;2025-02-24 03:18:07;Incorrect Delivery;Wrong delivery instructions;Web Form;TRUE
CMP-0004852;SHP-2026-0194565;2026-08-21 08:18:32;Incorrect Delivery;Wrong delivery instructions;Phone;TRUE
CMP-0000600;SHP-2025-0023851;2025-03-07 07:05:21;Incorrect Delivery;Other;Phone;TRUE
CMP-0001787;SHP-2025-0071417;2025-08-17 16:37:51;Other;Other;Phone;TRUE
CMP-0003258;SHP-2026-0128317;2026-01-20 16:00:47;Late Delivery;Delivered after promised date;Web Form;TRUE
CMP-0002541;SHP-2025-0102539;2025-11-21 05:04:26;Other;Wrong delivery instructions;Web Form;TRUE
CMP-0005732;SHP-2026-0228656;2026-11-29 11:01:30;Failed Delivery;Delivery unsuccessful;Phone;TRUE
CMP-0001387;SHP-2025-0056059;2025-07-25 00:19:35;Late Delivery;Delivered after promised date;Web Form;TRUE
CMP-0000111;SHP-2025-0004591;2025-01-15 08:43:59;Damaged Shipment;Package damaged;Email;TRUE
CMP-0005946;SHP-2026-0236025;2027-01-03 20:49:06;Late Delivery;Delivery date repeatedly changed;Email;TRUE
CMP-0001334;SHP-2025-0054068;2025-07-22 21:00:03;Other;Wrong delivery instructions;Email;TRUE
CMP-0005585;SHP-2026-0223051;2026-12-04 01:57:01;Late Delivery;Delivery date repeatedly changed;Email;TRUE
CMP-0000476; SHP-2025-0018700 ;2025-03-30 05:13:40;Late Delivery;Long transit time;Phone;TRUE
CMP-0004133;SHP-2026-0165352;2026-06-02 06:35:30;Late Delivery;Long transit time;Web Form;TRUE
CMP-0003596;SHP-2026-0142481;2026-03-21 11:09:51;Failed Delivery;Customer not available;Email;TRUE
CMP-0001580;SHP-2025-0063919;2025-08-20 18:51:17;Failed Delivery;Repeated delivery attempt;Phone;FALSE
CMP-0002206;SHP-2025-0088857;2025-10-23 07:55:02;Late Delivery;Delivery date repeatedly changed;Phone;TRUE
CMP-0002815;SHP-2025-0111753;2025-12-06 04:49:10;Incorrect Delivery;Wrong delivery instructions;Phone;TRUE
CMP-0003938;SHP-2026-0156148;2026-04-15 12:45:59;Late Delivery;Delivered after promised date;Web Form;TRUE
CMP-0004684;SHP-2026-0187675;2026-07-18 05:30:07;Incorrect Delivery;Other;Web Form;TRUE
CMP-0003142;SHP-2026-0123162;2026-01-31 05:07:21;Other;Other;Email;TRUE
CMP-0006273;SHP-2026-0245866;2026-12-16 17:50:12;Late Delivery;Long transit time;Email;TRUE
CMP-0000761;SHP-2025-0029895;2025-05-04 19:19:45;Other;Wrong delivery instructions;Email;TRUE
CMP-0000621;SHP-2025-0024580;2025-03-27 13:20:52;Late Delivery;Long transit time;Phone;TRUE
CMP-0000357;SHP-2025-0014365;2025-02-26 16:45:30;Failed Delivery;Courier did not reach customer;Email;TRUE
CMP-0000079;SHP-2025-0003111;2025-01-31 17:59:40;Incorrect Delivery;Wrong delivery instructions;Phone;TRUE
CMP-0002257;SHP-2025-0090883;2025-10-25 12:13:30;Failed Delivery;Returned to sender;Chat;TRUE
CMP-0004845;SHP-2026-0194234;2026-08-07 15:48:11;Late Delivery;Delivered after promised date;Phone;TRUE
CMP-0001234;SHP-2025-0049833;2025-06-22 13:21:02;Other;Wrong delivery instructions;Email;TRUE
CMP-0004816;SHP-2026-0192929;2026-08-24 16:26:43;Failed Delivery;Courier did not reach customer;Chat;TRUE
CMP-0003341;SHP-2026-0131940;2026-03-05 02:06:39;Failed Delivery;Returned to sender;Phone;TRUE
CMP-0006297;SHP-2026-0246628;2026-12-28 15:14:33;Incorrect Delivery;Other;Email;TRUE
CMP-0001017;SHP-2025-0041149;2025-06-01 16:23:01;Incorrect Delivery;Other;Email;TRUE
CMP-0004305;SHP-2026-0172982;2026-07-03 01:36:33;Incorrect Delivery;Wrong delivery instructions;Web Form;TRUE
CMP-0001603;SHP-2025-0064960;2025-08-31 08:53:57;Late Delivery;Delivery date repeatedly changed;Web Form;TRUE
CMP-0005728;SHP-2026-0228491;2026-11-11 23:14:20;Failed Delivery;Repeated delivery attempt;Phone;TRUE
CMP-0001794;SHP-2025-0071685;2025-08-11 02:38:08;Failed Delivery;Courier did not reach customer;Phone;TRUE
CMP-0006133;SHP-2026-0241456;2026-12-25 15:30:49;Late Delivery;Long transit time;Phone;TRUE
CMP-0001341;SHP-2025-0054255;2025-07-31 02:35:28;Incorrect Delivery;Other;Email;TRUE
CMP-0001321;SHP-2025-0053330;2025-07-01 17:10:41;Failed Delivery;Repeated delivery attempt;Web Form;TRUE
CMP-0001399;SHP-2025-0056482;2025-08-07 13:44:03;Failed Delivery;Customer not available;Chat;TRUE
CMP-0004289;SHP-2026-0172063;2026-06-13 06:22:08;Late Delivery;Delivered after promised date;Email;TRUE
CMP-0006087;SHP-2026-0240423;2026-12-11 18:51:50;Incorrect Delivery;Tracking issue;Chat;TRUE
CMP-0002547;SHP-2025-0102690;2025-11-28 02:02:28;Other;Tracking issue;Email;TRUE
CMP-0001689;SHP-2025-0067879;2025-08-20 19:40:55;Late Delivery;Delivery date repeatedly changed;Phone;TRUE
CMP-0000130;SHP-2025-0005242;2025-01-09 17:42:48;Other;Tracking issue;Web Form;TRUE
CMP-0003805;SHP-2026-0150624;2026-04-27 14:43:18;Other;Wrong delivery instructions;Email;TRUE
CMP-0006318;SHP-2026-0247465;2026-12-22 08:49:18;Late Delivery;Delivery date repeatedly changed;Phone;FALSE
CMP-0004196;SHP-2026-0167888;2026-07-02 14:07:11;Lost Shipment;No tracking progress;Phone;TRUE
CMP-0003170;SHP-2026-0124409;2026-01-16 01:43:18;Other;Tracking issue;Phone;TRUE
CMP-0003659;SHP-2026-0145094;2026-03-26 02:17:47;Late Delivery;Delivery date repeatedly changed;Phone;TRUE
CMP-0004678;SHP-2026-0187479;2026-07-17 04:28:35;Other;Wrong delivery instructions;Email;TRUE
CMP-0002375;SHP-2025-0096006;2025-11-14 11:27:23;Failed Delivery;Customer not available;Email;TRUE
CMP-0004741;SHP-2026-0190034;2026-08-11 04:16:36;Incorrect Delivery;Tracking issue;Web Form;TRUE
CMP-0003568;SHP-2026-0140922;2026-03-29 22:26:39;Late Delivery;Delivered after promised date;Email;TRUE
CMP-0000683;SHP-2025-0027355;2025-04-04 17:13:46;Damaged Shipment;Package damaged;Phone;TRUE
CMP-0005003;SHP-2026-0200159;2026-09-11 11:13:41;Incorrect Delivery;Wrong delivery instructions;Email;TRUE
CMP-0000751;SHP-2025-0029695;2025-04-23 08:08:00;Incorrect Delivery;Other;Web Form;TRUE
CMP-0005909;SHP-2026-0235008;2026-12-12 03:49:54;Damaged Shipment;Packaging failure;Phone;TRUE
CMP-0003332;SHP-2026-0131427;2026-03-05 07:10:39;Failed Delivery;Customer not available;Phone;TRUE
CMP-0005537;SHP-2026-0221381;2026-11-15 15:37:41;Failed Delivery;;Chat;TRUE
CMP-0005741;SHP-2026-0228995;2026-11-10 00:21:05;Incorrect Delivery;Wrong delivery instructions;Phone;TRUE
CMP-0003191;SHP-2026-0125328;2026-01-27 00:05:21;Other;Other;Web Form;TRUE
CMP-0005733;SHP-2026-0228668;2026-11-11 23:36:06;Late Delivery;Delivery date repeatedly changed;Web Form;TRUE
CMP-0005832;SHP-2026-0231955;2026-11-27 16:15:56;Lost Shipment;Declared lost;Web Form;TRUE
CMP-0000619;SHP-2025-0024461;2025-04-01 03:50:30;Incorrect Delivery;Tracking issue;Web Form;TRUE
CMP-0004059;SHP-2026-0162112;2026-05-21 07:04:42;Late Delivery;Long transit time;Chat;TRUE
CMP-0005621;SHP-2026-0224554;2026-11-13 09:35:45;Late Delivery;Delivered after promised date;Chat;TRUE
CMP-0003432;SHP-2026-0135552;2026-02-27 22:51:27;Failed Delivery;Repeated delivery attempt;Chat;TRUE
CMP-0000667;SHP-2025-0026655;2025-04-08 09:50:53;Late Delivery;Delivered after promised date;Web Form;TRUE
CMP-0000044;SHP-2025-0001929;2025-01-21 23:16:50;Late Delivery;Delivered after promised date;Email;TRUE
CMP-0000916;SHP-2025-0036311;2025-05-22 22:06:10;Late Delivery;Delivered after promised date;Web Form;TRUE
CMP-0003508;SHP-2026-0138401;2026-03-22 20:22:02;Other;Tracking issue;Email;FALSE
CMP-0000629;SHP-2025-0025006;2025-04-25 18:44:14;Incorrect Delivery;Other;Web Form;TRUE
CMP-0005187;SHP-2026-0208190;2026-10-03 08:00:06;Late Delivery;Delivery date repeatedly changed;Email;TRUE
CMP-0001511;SHP-2025-0060628;2025-07-22 05:45:55;Late Delivery;Delivered after promised date;Email;TRUE
CMP-0005304;SHP-2026-0212865;2026-10-27 19:50:34;Failed Delivery;Courier did not reach customer;Email;TRUE
CMP-0000239;SHP-2025-0009746;2025-02-16 04:49:22;Late Delivery;Delivery date repeatedly changed;Phone;TRUE
CMP-0003456;SHP-2026-0136412;2026-02-20 06:33:45;Late Delivery;Delivery date repeatedly changed;Chat;TRUE
CMP-0005384;SHP-2026-0215398;2026-10-17 11:33:20;Incorrect Delivery;Wrong delivery instructions;Chat;TRUE
CMP-0003361;SHP-2026-0132830;2026-03-03 11:19:07;Incorrect Delivery;Other;Email;TRUE
CMP-0005302;SHP-2026-0212807;2026-10-27 17:02:44;Other;Tracking issue;Web Form;TRUE
CMP-0001551;SHP-2025-0062358;2025-07-23 18:06:55;Late Delivery;Delivered after promised date;Email;TRUE
CMP-0004925;SHP-2026-0197245;2026-08-24 04:21:25;Incorrect Delivery;Tracking issue;Chat;TRUE
CMP-0000161;SHP-2025-0006569;2025-01-20 09:12:10;Failed Delivery;Courier did not reach customer;Email;TRUE
CMP-0001969;SHP-2025-0079574;2025-09-21 00:01:48;Failed Delivery;Courier did not reach customer;Email;TRUE
CMP-0005391;SHP-2026-0215668;2026-10-12 17:39:04;Late Delivery;Delivery date repeatedly changed;Web Form;TRUE
CMP-0002810;SHP-2025-0111577;2025-12-30 00:02:06;Late Delivery;Delivery date repeatedly changed;Phone;TRUE
CMP-0005920;SHP-2026-0235251;2026-12-12 07:19:10;Failed Delivery;Repeated delivery attempt;Email;TRUE
CMP-0001535;SHP-2025-0061841;2025-07-07 01:16:36;Late Delivery;Delivery date repeatedly changed;Phone;TRUE
CMP-0001987;SHP-2025-0080476;2025-09-11 21:52:38;Incorrect Delivery;Wrong delivery instructions;Email;TRUE
CMP-0000277;SHP-2025-0011319;2025-02-17 04:45:40;Other;Other;Email;TRUE
CMP-0002496;SHP-2025-0101002;2025-12-02 00:22:22;Other;Wrong delivery instructions;Email;TRUE
CMP-0000030;SHP-2025-0001468;2025-01-16 04:29:52;Lost Shipment;Declared lost;Email;TRUE
CMP-0002226;SHP-2025-0089577;2025-10-30 07:47:12;Late Delivery;Long transit time;Chat;TRUE
CMP-0004957;SHP-2026-0198477;2026-09-24 18:23:42;Late Delivery;Delivery date repeatedly changed;Phone;TRUE
CMP-0000402;SHP-2025-0016063;2026-01-02 03:00:54;Other;Other;Phone;TRUE
CMP-0000840;SHP-2025-0033192;2025-04-10 12:59:36;Late Delivery;Long transit time;Chat;TRUE
CMP-0004685;SHP-2026-0187768;2026-07-28 04:48:41;Failed Delivery;Repeated delivery attempt;Web Form;TRUE
CMP-0000925;SHP-2025-0036586;2025-05-22 13:31:30;Incorrect Delivery;Other;Phone;TRUE
CMP-0004169;SHP-2026-0166747;2026-05-10 02:36:45;Incorrect Delivery;Tracking issue;Phone;TRUE
CMP-0005198;SHP-2026-0208508;2026-09-17 11:51:58;Other;Other;Web Form;TRUE
CMP-0004791;SHP-2026-0191817;2026-08-24 18:23:33;Failed Delivery;Delivery unsuccessful;Phone;TRUE
CMP-0001337;SHP-2025-0054156;2025-07-31 08:35:43;Late Delivery;Delivery date repeatedly changed;Email;TRUE
CMP-0006394;SHP-2026-0249959;2026-12-30 21:12:09;Late Delivery;Delivered after promised date;Web Form;TRUE
CMP-0005764;SHP-2026-0229783;2026-11-28 07:48:27;Other;Other;Phone;TRUE
CMP-0004390;SHP-2026-0176210;2026-07-04 18:04:39;Other;Other;Web Form;TRUE
CMP-0004582;SHP-2026-0183195;2026-07-11 15:35:26;Late Delivery;Delivered after promised date;Web Form;TRUE
CMP-0001602;SHP-2025-0064868;2025-08-14 23:01:08;Failed Delivery;Repeated delivery attempt;Email;TRUE
CMP-0004009;SHP-2026-0160171;2026-05-24 23:40:07;Other;Other;Phone;TRUE
CMP-0004555;SHP-2026-0182347;2026-07-22 09:03:40;Failed Delivery;Customer not available;Web Form;TRUE
CMP-0006389;SHP-2026-0249792;2027-01-06 06:11:18;Late Delivery;Delivered after promised date;Web Form;TRUE
CMP-0004193;SHP-2026-0167721;2026-06-05 07:02:52;Other;Tracking issue;Web Form;TRUE
CMP-0004356;SHP-2026-0174999;2026-06-27 16:30:18;Late Delivery;Long transit time;Web Form;TRUE
CMP-0000065;SHP-2025-0002714;2025-01-14 21:19:26;Failed Delivery;Courier did not reach customer;Web Form;TRUE
CMP-0002790;SHP-2025-0111103;2025-12-12 12:16:25;Late Delivery;Delivery date repeatedly changed;Web Form;TRUE
CMP-0003013;SHP-2025-0118391;2025-12-07 06:12:45;Late Delivery;Long transit time;Phone;TRUE
CMP-0003640;SHP-2026-0144460;2026-04-01 11:06:11;Incorrect Delivery;Tracking issue;Web Form;FALSE
CMP-0000638;SHP-2025-0025301;2025-04-09 07:19:21;Late Delivery;Long transit time;Web Form;TRUE
CMP-0003506;SHP-2026-0138354;2026-03-13 02:10:20;Other;Tracking issue;Email;TRUE
CMP-0006000;SHP-2026-0237918;2027-01-05 16:00:02;Late Delivery;Delivery date repeatedly changed;Email;TRUE
CMP-0003487;SHP-2026-0137447;2026-02-14 00:43:41;Failed Delivery;Repeated delivery attempt;Web Form;TRUE
CMP-0001372;SHP-2025-0055224;2025-07-26 01:22:05;Incorrect Delivery;Wrong delivery instructions;Web Form;TRUE
CMP-0002058;SHP-2025-0083153;2025-10-18 02:18:21;Other;Other;Email;TRUE
CMP-0002500;SHP-2025-0101127;2025-11-05 20:29:00;Other;Tracking issue;Phone;TRUE
CMP-0004720;SHP-2026-0189375;2026-09-01 14:43:35;Late Delivery;Delivered after promised date;Chat;TRUE
CMP-0001743;SHP-2025-0069841;2025-08-23 23:30:30;Failed Delivery;Courier did not reach customer;Web Form;TRUE
CMP-0003772;SHP-2026-0149111;2026-05-04 01:06:26;Late Delivery;Delivery date repeatedly changed;Web Form;TRUE
CMP-0000330;SHP-2025-0013446;2025-02-11 23:09:09;Failed Delivery;Repeated delivery attempt;Phone;TRUE
CMP-0003829;SHP-2026-0151499;2026-05-05 22:04:46;Other;Other;Email;TRUE
CMP-0003251;SHP-2026-0127853;2026-02-05 01:39:16;Late Delivery;Delivered after promised date;Phone;TRUE
CMP-0000021;SHP-2025-0000885;2025-02-06 00:03:51;Late Delivery;Long transit time;Email;TRUE
CMP-0003541;SHP-2026-0139643;2026-04-08 07:13:41;Late Delivery;Delivered after promised date;Phone;TRUE
CMP-0003720;SHP-2026-0147433;2026-03-22 03:02:58;Lost Shipment;No tracking progress;Phone;TRUE
CMP-0001875;SHP-2025-0074800;2025-09-15 15:12:38;Failed Delivery;Returned to sender;Chat;FALSE
CMP-0000514;SHP-2025-0020226;2025-03-18 00:03:30;Damaged Shipment;Packaging failure;Email;TRUE
CMP-0004142;SHP-2026-0165675;2026-05-16 18:48:48;Incorrect Delivery;Tracking issue;Chat;TRUE
CMP-0001288;SHP-2025-0051801;2025-06-26 19:24:35;Late Delivery;Delivered after promised date;Email;TRUE
CMP-0003198;SHP-2026-0125767;2026-02-03 20:40:00;Late Delivery;Delivered after promised date;Phone;TRUE
CMP-0006281;SHP-2026-0246205;2027-01-01 05:04:02;Late Delivery;Long transit time;Phone;TRUE
CMP-0002389;SHP-2025-0096493;2025-11-15 11:36:15;Failed Delivery;Returned to sender;Web Form;TRUE
CMP-0004036;SHP-2026-0161277;2026-05-27 05:24:46;Lost Shipment;Declared lost;Phone;TRUE
CMP-0000296;SHP-2025-0012117;2025-02-25 09:27:13;Late Delivery;Delivered after promised date;Web Form;TRUE
CMP-0000096;SHP-2025-0003955;2025-02-03 16:53:17;Incorrect Delivery;Wrong delivery instructions;Web Form;TRUE
CMP-0003288;SHP-2026-0129465;2026-01-28 14:41:25;Incorrect Delivery;Wrong delivery instructions;Phone;TRUE
CMP-0000561;SHP-2025-0022133;2025-03-08 05:28:16;Failed Delivery;Customer not available;Email;TRUE
CMP-0001029;SHP-2025-0041583;2025-05-17 07:10:13;Incorrect Delivery;Other;Email;TRUE
CMP-0001168;SHP-2025-0047265;2025-07-03 00:53:09;Late Delivery;Delivery date repeatedly changed;Email;TRUE
CMP-0005092;SHP-2026-0203876;2026-09-14 13:41:52;Other;Wrong delivery instructions;Email;TRUE
CMP-0001629;SHP-2025-0065691;2025-08-21 22:50:15;Late Delivery;Delivered after promised date;Phone;TRUE
CMP-0004379;SHP-2026-0175600;2026-07-03 10:41:48;Failed Delivery;Courier did not reach customer;Email;TRUE
CMP-0002243;SHP-2025-0090249;2025-10-18 13:18:19;Other;Wrong delivery instructions;Email;TRUE
CMP-0002031;SHP-2025-0081773;2025-09-26 18:36:38;Damaged Shipment;Contents damaged;Email;TRUE
CMP-0000025;SHP-2025-0001163;2025-01-18 14:48:39;Late Delivery;Long transit time;Email;FALSE
CMP-0005061;SHP-2026-0202534;2026-09-26 21:57:52;Damaged Shipment;Packaging failure;Email;TRUE
CMP-0001893;SHP-2025-0075588;2025-09-06 21:39:59;Incorrect Delivery;Wrong delivery instructions;Email;FALSE
CMP-0002814;SHP-2025-0111706;2026-01-02 12:26:08;Failed Delivery;Courier did not reach customer;Email;TRUE
CMP-0000069;SHP-2025-0002827;2025-01-29 04:13:02;Incorrect Delivery;Other;Phone;TRUE
CMP-0001907;SHP-2025-0076256;2025-09-14 00:31:40;Failed Delivery;Courier did not reach customer;Email;TRUE
CMP-0005711;SHP-2026-0228177;2026-11-06 20:44:24;Failed Delivery;Customer not available;Web Form;TRUE
CMP-0002057;SHP-2025-0083118;2026-01-02 07:13:24;Other;Other;Email;TRUE
CMP-0001895;SHP-2025-0075741;2025-09-14 22:35:15;Lost Shipment;No tracking progress;Email;TRUE
CMP-0000551;SHP-2025-0021665;2025-03-28 09:16:59;Late Delivery;Delivery date repeatedly changed;Phone;TRUE
CMP-0005263;SHP-2026-0211223;2026-10-10 05:55:03;Incorrect Delivery;Other;Chat;TRUE
CMP-0005938;SHP-2026-0235732;2026-12-29 09:31:00;Late Delivery;Long transit time;Phone;TRUE
CMP-0000072;SHP-2025-0002931;2025-01-30 01:09:01;Other;Wrong delivery instructions;Email;TRUE
CMP-0000695; SHP-2025-0027867 ;2025-05-04 00:41:02;Incorrect Delivery;Tracking issue;Web Form;FALSE
CMP-0000582;SHP-2025-0023082;2025-03-24 00:24:02;Late Delivery;Long transit time;Phone;TRUE
CMP-0001772;SHP-2025-0070685;2025-08-21 09:12:50;Incorrect Delivery;Tracking issue;Email;TRUE
CMP-0006182;SHP-2026-0242938;2026-12-24 07:53:41;Late Delivery;Long transit time;Phone;TRUE
CMP-0003729;SHP-2026-0147749;2026-04-14 04:19:16;Late Delivery;Delivered after promised date;Chat;TRUE
CMP-0004444;SHP-2026-0178448;2026-08-01 22:00:01;Late Delivery;Delivery date repeatedly changed;Chat;TRUE
CMP-0000266;SHP-2025-0010984;2025-02-24 11:16:48;Late Delivery;Delivery date repeatedly changed;Email;TRUE
CMP-0000762;SHP-2025-0029971;2025-04-11 13:41:37;Incorrect Delivery;Tracking issue;Web Form;TRUE
CMP-0001561;SHP-2025-0063188;2025-08-03 05:50:44;Incorrect Delivery;Other;Chat;TRUE
CMP-0000536;SHP-2025-0021161;2025-03-24 17:38:37;Other;Wrong delivery instructions;Phone;TRUE
CMP-0005933;SHP-2026-0235660;2027-01-02 11:54:57;Late Delivery;Delivery date repeatedly changed;Chat;TRUE
CMP-0002046;SHP-2025-0082446;2025-09-26 13:08:08;Incorrect Delivery;Wrong delivery instructions;Email;TRUE
CMP-0005346;SHP-2026-0214045;2026-10-18 03:35:11;Other;Tracking issue;Web Form;TRUE
CMP-0001274; SHP-2025-0051209 ;2025-07-02 02:25:37;Incorrect Delivery;Tracking issue;Phone;TRUE
CMP-0001205;SHP-2025-0048442;2025-06-18 07:13:55;Late Delivery;Long transit time;Chat;TRUE
CMP-0003668;SHP-2026-0145274;2026-03-24 20:47:55;Incorrect Delivery;Tracking issue;Email;TRUE
CMP-0002012;SHP-2025-0081115;2025-09-28 06:52:24;Late Delivery;Delivered after promised date;Email;TRUE
CMP-0001695;SHP-2025-0068048;2025-08-19 17:22:03;Other;Wrong delivery instructions;Web Form;TRUE
CMP-0000056;SHP-2025-0002533;2025-02-03 01:05:56;Late Delivery;Delivery date repeatedly changed;Email;TRUE
CMP-0001047;SHP-2025-0042236;2025-05-28 04:55:28;Failed Delivery;Repeated delivery attempt;Web Form;TRUE
CMP-0002339;SHP-2025-0094520;2025-11-07 02:16:58;Incorrect Delivery;Tracking issue;Email;FALSE
CMP-0003889;SHP-2026-0154223;2026-04-23 02:01:59;Late Delivery;Delivery date repeatedly changed;Email;TRUE
CMP-0001721;SHP-2025-0069116;2025-08-25 18:49:25;Incorrect Delivery;Other;Email;TRUE
CMP-0002356;SHP-2025-0095222;2025-11-23 00:46:36;Failed Delivery;Courier did not reach customer;Phone;TRUE
CMP-0003024;SHP-2025-0118834;2025-12-27 19:25:27;Late Delivery;Long transit time; Phone ;TRUE
CMP-0004538;SHP-2026-0181537;2026-07-22 00:26:45;Failed Delivery;Courier did not reach customer;Email;TRUE
CMP-0000067;SHP-2025-0002773;2025-01-16 16:56:36;Failed Delivery;Courier did not reach customer;Email;TRUE
CMP-0000766;SHP-2025-0030187;2025-04-14 19:49:01;Incorrect Delivery;Tracking issue;Phone;TRUE
CMP-0003732;SHP-2026-0147923;2026-04-27 07:06:20;Incorrect Delivery;Wrong delivery instructions;Web Form;TRUE
CMP-0001060;SHP-2025-0042646;2025-05-28 21:02:46;Incorrect Delivery;Other;Web Form;TRUE
CMP-0001087;SHP-2025-0043824;2025-05-12 16:08:42;Late Delivery;Delivered after promised date;Email;TRUE
CMP-0001662;SHP-2025-0067015;2025-08-26 04:57:47;Late Delivery;Delivery date repeatedly changed;Email;TRUE
CMP-0000649;SHP-2025-0025601;2026-01-01 07:24:37;Incorrect Delivery;Tracking issue;Phone;TRUE
CMP-0001527;SHP-2025-0061272;2025-08-01 14:35:42;Incorrect Delivery;Other;Web Form;TRUE
CMP-0001488;SHP-2025-0059844;2025-07-15 20:16:56;Other;Tracking issue;Phone;TRUE
CMP-0002595;SHP-2025-0104031;2025-11-08 17:05:33;Late Delivery;Delivered after promised date;Web Form;TRUE
CMP-0005427;SHP-2026-0217163;2026-10-13 19:42:54;Incorrect Delivery;Wrong delivery instructions;Chat;TRUE
CMP-0001102;SHP-2025-0044314;2025-06-10 08:10:31;Late Delivery;Long transit time;Email;TRUE
CMP-0000003;SHP-2025-0000238;2025-01-06 00:55:58;Incorrect Delivery;Wrong delivery instructions;Chat;TRUE
CMP-0005128;SHP-2026-0205268;2026-09-07 07:08:14;Failed Delivery;Customer not available;Phone;TRUE
CMP-0006345;SHP-2026-0248329;2027-01-05 22:22:07;Late Delivery;Delivered after promised date;Web Form;TRUE
CMP-0004014;SHP-2026-0160355;2026-05-13 01:30:58;Incorrect Delivery;Wrong delivery instructions;Email;TRUE
CMP-0004672;SHP-2026-0187203;2026-07-24 15:02:00;Late Delivery;Delivery date repeatedly changed;Phone;TRUE
CMP-0002566;SHP-2025-0103381;2025-11-08 03:35:48;Late Delivery;Delivery date repeatedly changed;Web Form;TRUE
CMP-0002367;SHP-2025-0095695;2025-11-24 08:06:29;Failed Delivery;Courier did not reach customer;Phone;TRUE
CMP-0004673;SHP-2026-0187211;2026-07-17 13:50:11;Incorrect Delivery;Tracking issue;Phone;TRUE
CMP-0005054;SHP-2026-0202131;2026-09-19 09:35:56;Late Delivery;Delivered after promised date;Email;TRUE
CMP-0004977;SHP-2026-0199385;2026-09-19 11:58:05;Incorrect Delivery;Tracking issue;Phone;TRUE
CMP-0004360;SHP-2026-0175163;2026-06-28 20:55:55;Damaged Shipment;Packaging failure;Email;TRUE
CMP-0004849;SHP-2026-0194516;2026-09-04 09:20:49;Failed Delivery;Customer not available;Phone;TRUE
CMP-0003248;SHP-2026-0127734;2026-01-27 06:10:02;Incorrect Delivery;Tracking issue; Email ;TRUE
CMP-0006286;SHP-2026-0246362;2026-12-30 05:27:39;Late Delivery;Delivery date repeatedly changed;Phone;TRUE
CMP-0004292;SHP-2026-0172318;2026-06-15 20:48:33;Incorrect Delivery;Other;Web Form;TRUE
CMP-0005904;SHP-2026-0234728;2026-12-28 16:16:26;Failed Delivery;Courier did not reach customer;Phone;FALSE
CMP-0004066;SHP-2026-0162352;2026-05-20 12:01:53;Late Delivery;Long transit time;Email;FALSE
CMP-0005446;SHP-2026-0217813;2026-10-28 09:32:00;Late Delivery;Delivery date repeatedly changed;Email;TRUE
CMP-0000633;SHP-2025-0025200;2025-04-10 17:41:13;Damaged Shipment;Contents damaged;Email;TRUE
CMP-0005500;SHP-2026-0220037;2026-11-03 17:38:20;Lost Shipment;Declared lost;Phone;TRUE
CMP-0001890;SHP-2025-0075493;2025-09-17 15:04:36;Late Delivery;Long transit time;Email;TRUE
CMP-0004707;SHP-2026-0188467;2026-08-22 21:53:43;Damaged Shipment;Package damaged;Web Form;TRUE
CMP-0000522;SHP-2025-0020545;2025-03-20 15:09:26;Failed Delivery;Customer not available;Phone;TRUE
CMP-0000795;SHP-2025-0031769;2025-04-09 20:32:34;Other;Wrong delivery instructions;Web Form;TRUE
CMP-0001130;SHP-2025-0045908;2025-06-13 07:19:41;Failed Delivery;Customer not available;Email;TRUE
CMP-0000356;SHP-2025-0014360;2025-02-20 05:43:13;Failed Delivery;Repeated delivery attempt;Phone;TRUE
CMP-0004861;SHP-2026-0194857;2026-08-13 14:30:22;Failed Delivery;Repeated delivery attempt;Web Form;TRUE
CMP-0000093;SHP-2025-0003719;2025-01-31 18:39:39;Late Delivery;Long transit time;Email;TRUE
CMP-0001501;SHP-2025-0060353;2025-08-04 23:47:28;Late Delivery;Delivered after promised date;Email;TRUE
CMP-0005267;SHP-2026-0211312;2026-10-22 01:06:53;Incorrect Delivery;Wrong delivery instructions;Phone;TRUE
CMP-0004781;SHP-2026-0191680;2026-08-30 18:16:49;Failed Delivery;Delivery unsuccessful;Email;TRUE
CMP-0000566;SHP-2025-0022330;2025-03-14 11:21:54;Incorrect Delivery;Wrong delivery instructions;Web Form;TRUE
CMP-0001105;SHP-2025-0044634;2025-06-18 07:58:43;Late Delivery;Delivery date repeatedly changed;Web Form;TRUE
CMP-0000658;SHP-2025-0025893;2025-05-05 13:51:49;Late Delivery;Long transit time;Email;TRUE
CMP-0000110;SHP-2025-0004558;2025-01-15 08:57:02;Failed Delivery;Customer not available;Email;TRUE
CMP-0001872;SHP-2025-0074745;2025-09-09 18:15:17;Failed Delivery;Repeated delivery attempt;Web Form;TRUE
CMP-0005345;SHP-2026-0214006;2026-10-26 16:09:39;Late Delivery;Delivered after promised date;Email;TRUE
CMP-0004671;SHP-2026-0187169;2026-07-21 23:31:43;Incorrect Delivery;Other;Web Form;TRUE
CMP-0006302;SHP-2026-0246766;2026-12-06 12:02:07;Failed Delivery;Courier did not reach customer;Phone;FALSE
CMP-0003804;SHP-2026-0150620;2026-04-30 09:30:44;Lost Shipment;No tracking progress;Email;TRUE
CMP-0004573;SHP-2026-0182924;2026-07-23 02:14:36;Late Delivery;Long transit time;Phone;TRUE
CMP-0002813;SHP-2025-0111669;2025-12-15 05:54:49;Late Delivery;Delivered after promised date;Email;TRUE
CMP-0000921;SHP-2025-0036414;2025-06-03 01:28:11;Other;Other;Web Form;TRUE
CMP-0000923;SHP-2025-0036522;2025-05-18 20:20:38;Failed Delivery;Repeated delivery attempt;Phone;TRUE
CMP-0003563;SHP-2026-0140543;2026-03-11 18:47:10;Late Delivery;Delivery date repeatedly changed;Phone;TRUE
CMP-0004702;SHP-2026-0188280;2026-08-18 19:15:46;Late Delivery;Long transit time;Email;TRUE
CMP-0001860;SHP-2025-0074330;2025-09-18 10:03:28;Late Delivery;Long transit time;Web Form;TRUE
CMP-0001138;SHP-2025-0046221;2025-06-11 15:38:56;Late Delivery;Delivered after promised date;Phone;TRUE
CMP-0000679;SHP-2025-0027162;2025-04-10 09:45:46;Failed Delivery;Repeated delivery attempt;Chat;TRUE
CMP-0002995;SHP-2025-0117842;2025-12-28 13:31:30;Failed Delivery;Customer not available;Email;TRUE
CMP-0003137;SHP-2026-0122790;2026-01-18 00:30:45;Other;Wrong delivery instructions;Email;TRUE
CMP-0001305;SHP-2025-0052347;2025-06-22 15:47:49;Failed Delivery;Delivery unsuccessful;Email;TRUE
CMP-0001441;SHP-2025-0057990;2025-07-18 22:47:01;Late Delivery;Long transit time;Phone;TRUE
CMP-0003054;SHP-2025-0119891;2025-12-29 15:52:21;Other;Other;Phone;TRUE
CMP-0005647;SHP-2026-0225481;2026-12-06 22:07:36;Failed Delivery;Delivery unsuccessful;Phone;TRUE
CMP-0000276;SHP-2025-0011298;2025-02-10 17:23:18;Late Delivery;Delivered after promised date;Email;TRUE
CMP-0005523;SHP-2026-0220803;2026-11-04 14:01:58;Other;Wrong delivery instructions;Email;TRUE
CMP-0004402;SHP-2026-0176617;2026-07-04 23:55:08;Late Delivery;Long transit time;Email;TRUE
CMP-0004433;SHP-2026-0177946;2026-06-29 17:52:16;Late Delivery;Delivery date repeatedly changed;Web Form;TRUE
CMP-0001104;SHP-2025-0044591;2025-06-27 17:51:14;Late Delivery;Delivered after promised date;Phone;TRUE
CMP-0003866;SHP-2026-0153096;2026-04-20 17:52:27;Late Delivery;Delivery date repeatedly changed;Email;TRUE
CMP-0004339;SHP-2026-0174385;2026-06-30 02:26:58;Damaged Shipment;Packaging failure;Email;TRUE
CMP-0002645;SHP-2025-0106491;2025-11-17 09:18:46;Failed Delivery;Customer not available;Email;TRUE
CMP-0004144;SHP-2026-0165688;2026-05-09 18:32:18;Damaged Shipment;Contents damaged;Chat;TRUE
CMP-0002679;SHP-2025-0107766;2026-01-05 13:32:38;Late Delivery;Long transit time;Email;TRUE
CMP-0002918;SHP-2025-0114901;2025-12-06 18:55:01;Late Delivery;Long transit time;Web Form;TRUE
CMP-0001651;SHP-2025-0066554;2025-08-30 09:39:58;Late Delivery;Delivered after promised date;Email;TRUE
CMP-0006135;SHP-2026-0241475;2026-12-18 11:59:56;Late Delivery;Delivery date repeatedly changed;Chat;TRUE
CMP-0002193;SHP-2025-0088278;2025-10-20 21:50:16;Other;Other;Email;TRUE
CMP-0005465;SHP-2026-0218992;2026-10-16 08:06:49;Late Delivery;Long transit time;Phone;TRUE
CMP-0000416;SHP-2025-0016482;2025-03-11 18:45:14;Late Delivery;Long transit time;Chat;TRUE
CMP-0005290;SHP-2026-0212110;2026-11-02 05:35:36;Late Delivery;Delivery date repeatedly changed;Chat;TRUE
CMP-0004340;SHP-2026-0174410;2026-06-26 18:05:47;Other;Other;Web Form;TRUE
CMP-0002763;SHP-2025-0110365;2025-12-23 16:38:18;Late Delivery;Delivery date repeatedly changed;Web Form;TRUE
CMP-0002029;SHP-2025-0081739;2025-09-19 04:12:49;Incorrect Delivery;Tracking issue;Chat;TRUE
CMP-0000063;SHP-2025-0002680;2025-01-15 02:46:59;Incorrect Delivery;Wrong delivery instructions;Phone;TRUE
CMP-0005251;SHP-2026-0210423;2026-10-17 23:52:45;Late Delivery;Long transit time;Email;TRUE
CMP-0003245;SHP-2026-0127617;2026-02-04 12:52:31;Late Delivery;Delivered after promised date;Phone;TRUE
CMP-0001477;SHP-2025-0059553;2025-08-03 13:07:32;Damaged Shipment;Contents damaged;Email;TRUE
CMP-0005246;SHP-2026-0210191;2026-10-09 00:14:30;Incorrect Delivery;Wrong delivery instructions;Phone;TRUE
CMP-0004025;SHP-2026-0160693;2026-06-06 00:01:37;Incorrect Delivery;Wrong delivery instructions;Email;TRUE
CMP-0003114;SHP-2025-0121504;2025-12-08 21:15:11;Failed Delivery;Repeated delivery attempt;Web Form;TRUE
CMP-0002640;SHP-2025-0106143;2025-11-21 01:40:11;Failed Delivery;Repeated delivery attempt;Web Form;TRUE
CMP-0004352;SHP-2026-0174771;2026-07-05 09:24:16;Late Delivery;Long transit time;Web Form;TRUE
CMP-0005147;SHP-2026-0206751;2026-09-22 00:28:33;Late Delivery;Delivery date repeatedly changed;Email;TRUE
CMP-0000256;SHP-2025-0010658;2025-02-24 10:03:45;Incorrect Delivery;Wrong delivery instructions;Web Form;TRUE
CMP-0002806;SHP-2025-0111532;2025-12-27 00:05:40;late delivery;Delivered after promised date;Web Form;TRUE
CMP-0003583;SHP-2026-0141735;2026-03-25 09:37:32;Lost Shipment;Shipment not delivered;Phone;TRUE
CMP-0005186;SHP-2026-0208135;2026-09-15 20:42:53;Late Delivery;Long transit time;Phone;TRUE
CMP-0003791;SHP-2026-0149696;2026-04-08 22:05:20;Incorrect Delivery;Tracking issue;Phone;FALSE
CMP-0000862;SHP-2025-0034068;2025-04-06 11:38:00;Failed Delivery;Courier did not reach customer;Web Form;TRUE
CMP-0005531;SHP-2026-0221188;2026-11-10 03:38:03;late delivery;Delivered after promised date;Email;TRUE
CMP-0002484;SHP-2025-0100662;2025-11-11 14:14:31;Late Delivery;Delivered after promised date;Web Form;TRUE
CMP-0003106;SHP-2025-0121226;2026-01-07 08:47:21;Late Delivery;Delivered after promised date;Phone;TRUE
CMP-0003246;SHP-2026-0127655;2026-01-21 11:36:26;Failed Delivery;Customer not available;Phone;TRUE
CMP-0002420;SHP-2025-0098250;2025-12-05 20:52:13;Late Delivery;Delivery date repeatedly changed;Phone;TRUE
CMP-0002653;SHP-2025-0106858;2025-12-12 20:08:31;Late Delivery;Delivery date repeatedly changed;Phone;TRUE
CMP-0004787;SHP-2026-0191722;2026-08-20 12:36:48;Late Delivery;Long transit time;Web Form;TRUE
CMP-0005696;SHP-2026-0227397;2026-12-02 15:26:12;Late Delivery;Delivered after promised date;Phone;TRUE
CMP-0002939;SHP-2025-0115653;2026-01-03 00:56:33;Other;Tracking issue;Web Form;TRUE
CMP-0000115;SHP-2025-0004688;2025-01-30 18:13:08;Lost Shipment;Declared lost;Email;TRUE
CMP-0006358;SHP-2026-0248909;2026-12-19 02:04:59;Other;Other;Email;TRUE
CMP-0000895;SHP-2025-0035615;2025-05-14 15:02:00;Other;Wrong delivery instructions;Web Form;FALSE
CMP-0005370;SHP-2026-0214941;2026-10-16 01:59:10;Incorrect Delivery;Wrong delivery instructions;Phone;TRUE
CMP-0000669;SHP-2025-0026794;2025-04-27 07:52:17;Late Delivery;Delivery date repeatedly changed;Phone;FALSE
CMP-0000488;SHP-2025-0019055;2025-03-30 05:51:22;Incorrect Delivery;Other;Email;TRUE
CMP-0005752;SHP-2026-0229404;2026-12-04 21:49:09;Incorrect Delivery;Tracking issue;Web Form;TRUE
CMP-0005504;SHP-2026-0220261;2026-10-29 14:22:17;Incorrect Delivery;;Phone;TRUE
CMP-0004772;SHP-2026-0191411;2026-08-12 08:43:19;Late Delivery;Delivery date repeatedly changed;Email;FALSE
CMP-0002848;SHP-2025-0112737;2025-12-31 02:05:25;Other;Wrong delivery instructions;Email;TRUE
CMP-0002262;SHP-2025-0091128;2025-10-22 18:38:25;Failed Delivery;Returned to sender;Email;TRUE
CMP-0002025;SHP-2025-0081575;2025-09-14 18:00:56;Late Delivery;Delivered after promised date;Email;TRUE
CMP-0002515;SHP-2025-0101555;2025-12-02 22:42:28;Failed Delivery;Returned to sender;Phone;TRUE
CMP-0001292;SHP-2025-0051948;2025-07-05 16:26:53;Other;Wrong delivery instructions;Phone;TRUE
CMP-0002654;SHP-2025-0106874;2025-12-24 08:08:07;Late Delivery;Long transit time;Email;TRUE
CMP-0005746;SHP-2026-0229192;2026-12-07 04:29:33;Late Delivery;Long transit time;Chat;TRUE
CMP-0003711;SHP-2026-0147155;2026-03-22 12:49:42;Late Delivery;Long transit time;Phone;TRUE
CMP-0005566;SHP-2026-0222323;2026-11-05 20:30:13;Other;Tracking issue;Web Form;TRUE
CMP-0000492;SHP-2025-0019412;2025-03-23 22:00:05;Incorrect Delivery;Tracking issue;Web Form;TRUE
CMP-0001661;SHP-2025-0067015;2025-08-26 09:04:47;Late Delivery;Delivered after promised date;Email;TRUE
CMP-0004501;SHP-2026-0180091;2026-07-23 16:54:19;Incorrect Delivery;Other;Email;TRUE
CMP-0005653;SHP-2026-0225655;2026-12-04 17:59:36;Late Delivery;Delivery date repeatedly changed;Web Form;TRUE
CMP-0000646;SHP-2025-0025558;2025-04-20 23:14:15;Other;Tracking issue;Email;TRUE
CMP-0004624;SHP-2026-0185223;2026-07-26 13:28:54;Incorrect Delivery;Other;Phone;TRUE
CMP-0000994;SHP-2025-0039923;2025-05-28 02:19:53;Other;Wrong delivery instructions;Email;TRUE
CMP-0002394;SHP-2025-0096825;2025-11-22 09:34:23;Late Delivery;Delivered after promised date;Phone;TRUE
CMP-0005837;SHP-2026-0232127;2026-11-21 04:16:04;Failed Delivery;Returned to sender;Email;TRUE
CMP-0002702;SHP-2025-0108417;2025-12-10 14:41:31;Incorrect Delivery;Wrong delivery instructions;Chat;TRUE
CMP-0006037;SHP-2026-0238898;2026-12-27 17:00:43;Late Delivery;Delivered after promised date;Web Form;TRUE
CMP-0001000;SHP-2025-0040270;2025-05-22 02:23:09;Failed Delivery;Courier did not reach customer;Chat;TRUE
CMP-0003769;SHP-2026-0149059;2026-04-12 06:09:33;Failed Delivery;Courier did not reach customer;Web Form;TRUE
CMP-0002475;SHP-2025-0100254;2025-11-11 15:36:56;Late Delivery;Delivery date repeatedly changed;Email;TRUE
CMP-0001656;SHP-2025-0066700;2025-09-01 03:46:05;Failed Delivery;Courier did not reach customer;Web Form;TRUE
CMP-0001831;SHP-2025-0072896;2025-09-24 11:19:09;Failed Delivery;Courier did not reach customer;Web Form;TRUE
CMP-0000162;SHP-2025-0006575;2025-02-02 04:47:33;Incorrect Delivery;Wrong delivery instructions;Email;TRUE
CMP-0002669;SHP-2025-0107491;2025-12-07 11:06:59;Late Delivery;Delivered after promised date;Phone;TRUE
CMP-0004655;SHP-2026-0186162;2026-07-30 14:31:19;Late Delivery;Delivery date repeatedly changed;Chat;TRUE
CMP-0002166;SHP-2025-0086661;2025-10-24 12:22:28;Incorrect Delivery;Other;Phone;TRUE
CMP-0003322;SHP-2026-0131035;2026-03-04 17:37:55;Failed Delivery;Repeated delivery attempt;Phone;TRUE
CMP-0001606;SHP-2025-0065002;2025-08-17 23:44:13;Late Delivery;Delivered after promised date;Email;TRUE
CMP-0002014;SHP-2025-0081153;2025-09-08 14:10:57;Damaged Shipment;Package damaged;Chat;TRUE
CMP-0002288;SHP-2025-0092404;2025-10-20 08:52:08;Incorrect Delivery;Wrong delivery instructions;Web Form;TRUE
CMP-0000651;SHP-2025-0025683;2025-04-05 15:56:04;Failed Delivery;Customer not available;Web Form;TRUE
CMP-0004374;SHP-2026-0175436;2026-06-22 01:20:09;Failed Delivery;Repeated delivery attempt;Email;TRUE
CMP-0000830;SHP-2025-0032908;2025-04-26 15:32:59;Failed Delivery;Courier did not reach customer;Chat;TRUE
CMP-0000991;SHP-2025-0039852;2025-06-04 16:06:00;Failed Delivery;Courier did not reach customer;Web Form;TRUE
CMP-0000714;SHP-2025-0028657;2025-04-12 02:32:02;Late Delivery;Delivered after promised date;Chat;TRUE
CMP-0003882;SHP-2026-0153890;2026-04-13 07:33:24;Failed Delivery;Courier did not reach customer;Email;TRUE
CMP-0000527;SHP-2025-0020682;2025-03-24 03:07:10;Failed Delivery;Repeated delivery attempt;Email;TRUE
CMP-0004876;SHP-2026-0195424;2026-09-01 21:02:32;Late Delivery;Delivered after promised date;Email;TRUE
CMP-0005417;SHP-2026-0216671;2026-10-30 04:39:32;Late Delivery;Long transit time;Email;TRUE
CMP-0002154;SHP-2025-0086246;2025-10-09 08:42:45;Late Delivery;Delivery date repeatedly changed;Chat;TRUE
CMP-0004934;SHP-2026-0197648;2026-08-17 05:58:38;Failed Delivery;Repeated delivery attempt;Web Form;TRUE
CMP-0005793;SHP-2026-0230687;2026-12-02 22:58:41;Late Delivery;Delivered after promised date;Phone;TRUE
CMP-0000844;SHP-2025-0033232;2025-04-29 21:31:14;Other;Wrong delivery instructions;Email;TRUE
CMP-0005992;SHP-2026-0237546;2027-01-02 16:21:44;Incorrect Delivery;Tracking issue;Web Form;TRUE
CMP-0004776;SHP-2026-0191459;2026-08-15 08:56:36;Late Delivery;Delivery date repeatedly changed;Phone;FALSE
CMP-0001182;SHP-2025-0047551;2025-06-19 19:03:42;Late Delivery;Delivery date repeatedly changed;Web Form;TRUE
CMP-0004956;SHP-2026-0198425;2026-09-10 19:08:10;Failed Delivery;Courier did not reach customer;Phone;TRUE
CMP-0001722;SHP-2025-0069127;2025-08-23 12:36:50;Late Delivery;Long transit time;Email;TRUE
CMP-0003886;SHP-2026-0154120;2026-04-16 22:14:46;Late Delivery;Delivery date repeatedly changed;Phone;TRUE
CMP-0005173;SHP-2026-0207562;2026-09-21 12:18:08;Late Delivery;Long transit time;Web Form;TRUE
CMP-0003109;SHP-2025-0121327;2025-12-30 19:01:47;Late Delivery;Delivery date repeatedly changed;Web Form;TRUE
CMP-0006260;SHP-2026-0245352;2026-12-26 17:21:13;Late Delivery;Delivery date repeatedly changed;Chat;TRUE
CMP-0003098;SHP-2025-0121086;2026-01-01 08:53:51;Late Delivery;Delivery date repeatedly changed;Phone;TRUE
CMP-0005068;SHP-2026-0202678;2026-09-26 16:14:24;Late Delivery;Long transit time;Email;TRUE
CMP-0004837;SHP-2026-0193871;2026-08-26 17:13:01;Late Delivery;Delivered after promised date;Chat;TRUE
CMP-0001900;SHP-2025-0076036;2025-09-18 05:23:45;Late Delivery;Long transit time;Web Form;TRUE
CMP-0001223;SHP-2025-0049183;2025-06-10 16:56:57;Late Delivery;Delivered after promised date;Web Form;TRUE
CMP-0005494;SHP-2026-0219864;2026-10-29 23:42:41;Damaged Shipment;Contents damaged;Web Form;TRUE
CMP-0000987;SHP-2025-0039660;2025-05-16 07:14:49;Late Delivery;Long transit time;Email;TRUE
CMP-0002312;SHP-2025-0093419;2025-10-10 15:28:29;Failed Delivery;Courier did not reach customer;Email;TRUE
CMP-0001206;SHP-2025-0048481;2025-07-04 22:18:42;Late Delivery;Delivered after promised date;Web Form;TRUE
CMP-0003553;SHP-2026-0140189;2026-03-08 12:33:51;Incorrect Delivery;Tracking issue;Web Form;FALSE
CMP-0003677;SHP-2026-0145767;2026-03-19 00:25:01;Late Delivery;Delivered after promised date;Chat;TRUE
CMP-0002127;SHP-2025-0085463;2025-10-31 20:01:12;Failed Delivery;Customer not available;Chat;TRUE
CMP-0000884;SHP-2025-0035069;2025-05-14 18:18:22;Late Delivery;Delivered after promised date;Chat;TRUE
CMP-0004731;SHP-2026-0189796;2026-08-19 07:17:39;Failed Delivery;Repeated delivery attempt;Web Form;TRUE
CMP-0004559;SHP-2026-0182429;2026-07-04 07:18:46;Incorrect Delivery;Other;Email;TRUE
CMP-0002644;SHP-2025-0106432;2025-11-24 23:20:38;Late Delivery;Delivery date repeatedly changed;Email;TRUE
CMP-0005461;SHP-2026-0218891;2026-10-25 17:52:33;Late Delivery;Long transit time;Email;TRUE
CMP-0004549;SHP-2026-0182078;2026-07-16 17:36:57;Failed Delivery;Repeated delivery attempt;Phone;TRUE
CMP-0003147;SHP-2026-0123316;2026-01-31 10:16:10;Other;Wrong delivery instructions;Phone;TRUE
CMP-0003017;SHP-2025-0118468;2025-12-26 14:10:37;Late Delivery;Long transit time;Email;TRUE
CMP-0000873;SHP-2025-0034596;2025-05-23 09:33:12;Failed Delivery;Customer not available;Web Form;TRUE
CMP-0001985;SHP-2025-0080400;2025-09-17 11:00:45;Incorrect Delivery;Wrong delivery instructions;Email;TRUE
CMP-0004985;SHP-2026-0199594;2026-09-08 02:55:57;Incorrect Delivery;Other;Phone;TRUE
CMP-0003331;SHP-2026-0131412;2026-02-26 06:09:50;Failed Delivery;Courier did not reach customer;Web Form;TRUE
CMP-0000274;SHP-2025-0011136;2025-02-22 17:38:54;Late Delivery;Long transit time;Email;TRUE
CMP-0000674;SHP-2025-0026973;2025-04-08 20:45:11;Incorrect Delivery;Wrong delivery instructions;Phone;TRUE
CMP-0004232;SHP-2026-0169384;2026-06-20 00:15:13;Incorrect Delivery;Wrong delivery instructions;Phone;TRUE
CMP-0001359;SHP-2025-0054769;2025-08-03 06:14:57;Lost Shipment;Shipment not delivered;Chat;TRUE
CMP-0002864;SHP-2025-0113226;2025-12-25 22:07:23;Late Delivery;Delivered after promised date;Email;TRUE
CMP-0003284;SHP-2026-0129382;2026-02-01 22:54:13;Other;Other;Phone;TRUE
CMP-0001100;SHP-2025-0044270;2025-06-15 04:10:50;Other;Wrong delivery instructions;Email;TRUE
CMP-0001639;SHP-2025-0066148;2025-08-15 17:06:32;Other;Other;Phone;TRUE
CMP-0005755;SHP-2026-0229488;2026-12-02 18:27:41;Late Delivery;Delivered after promised date;Web Form;TRUE
CMP-0003654;SHP-2026-0144914;2026-03-17 23:46:51;Late Delivery;Long transit time;Web Form;TRUE
CMP-0005129;SHP-2026-0205273;2026-09-06 05:14:08;Other;Other;Phone;TRUE
CMP-0002308;SHP-2025-0093308;2025-10-23 21:33:30;Late Delivery;Long transit time;Web Form;TRUE
CMP-0000960;SHP-2025-0038355;2025-05-15 15:20:39;Late Delivery;Delivered after promised date;Email;TRUE
CMP-0000090;SHP-2025-0003501;2025-01-09 01:45:34;Other;Other;Email;TRUE
CMP-0001550;SHP-2025-0062276;2025-07-09 20:03:36;Lost Shipment;Shipment not delivered;Email;TRUE
CMP-0000760;SHP-2025-0029809;2025-04-24 20:03:37;Late Delivery;Delivery date repeatedly changed;Web Form;TRUE
CMP-0002427;SHP-2025-0098549;2025-11-25 07:28:57;Lost Shipment;No tracking progress;Web Form;TRUE
CMP-0001611;SHP-2025-0065155;2025-08-16 22:29:29;Late Delivery;Delivery date repeatedly changed;Email;TRUE
CMP-0001943;SHP-2025-0077869;2025-09-22 09:33:48;Other;Wrong delivery instructions;Phone;TRUE
CMP-0000265;SHP-2025-0010948;2025-02-26 06:10:19;Failed Delivery;Customer not available;Email;TRUE
CMP-0000575;SHP-2025-0022724;2025-03-16 03:24:11;Late Delivery;Long transit time;Email;TRUE
CMP-0001586;SHP-2025-0064123;2025-08-30 23:49:08;Other;Tracking issue;Chat;TRUE
CMP-0003707;SHP-2026-0146970;2026-03-11 21:55:29;Late Delivery;Long transit time;Web Form;TRUE
CMP-0003259;SHP-2026-0128429;2026-01-27 09:20:36;Late Delivery;Delivery date repeatedly changed;Phone;TRUE
CMP-0000219;SHP-2025-0008859;2025-02-09 00:14:38;Incorrect Delivery;Wrong delivery instructions;Chat;TRUE
CMP-0005774;SHP-2026-0230085;2026-12-03 18:39:36;Late Delivery;Delivered after promised date;Email;FALSE
CMP-0005943;SHP-2026-0235890;2026-12-27 14:53:37;Failed Delivery;Customer not available;Email;TRUE
CMP-0001210;SHP-2025-0048767;2025-06-15 23:41:34;Incorrect Delivery;Other;Phone;TRUE
CMP-0001376;SHP-2025-0055384;2025-07-19 06:16:13;Failed Delivery;Returned to sender;Phone;TRUE
CMP-0004268;SHP-2026-0171223;2026-06-30 14:32:57;Incorrect Delivery;Wrong delivery instructions;Phone;TRUE
CMP-0000798;SHP-2025-0031837;2025-05-04 01:32:50;Incorrect Delivery;Tracking issue;Email;TRUE
CMP-0001415;SHP-2025-0057267;2025-07-19 15:01:53;Incorrect Delivery;Wrong delivery instructions;Email;TRUE
CMP-0004308;SHP-2026-0173117;2026-06-27 04:04:43;Late Delivery;Delivery date repeatedly changed;Chat;TRUE
CMP-0004198;SHP-2026-0168044;2026-07-03 12:21:54;Other;Tracking issue;Phone;TRUE
CMP-0002721;SHP-2025-0108893;2026-01-03 06:38:16;Late Delivery;Delivered after promised date;Web Form;FALSE
CMP-0006061;SHP-2026-0239668;2027-01-03 21:34:05;Failed Delivery;Customer not available;Web Form;TRUE
CMP-0001331;SHP-2025-0053985;2025-07-06 22:34:59;Other;Wrong delivery instructions;Chat;TRUE
CMP-0000122;SHP-2025-0004918;2025-01-25 08:34:30;Late Delivery;Delivery date repeatedly changed;Chat;FALSE
CMP-0005863;SHP-2026-0233065;2026-11-29 17:52:42;Failed Delivery;Courier did not reach customer;Phone;TRUE
CMP-0004316;SHP-2026-0173523;2026-07-02 05:39:47;Late Delivery;Delivery date repeatedly changed;Phone;TRUE
CMP-0002118;SHP-2025-0085265;2025-10-25 07:54:51;Late Delivery;Long transit time;Chat;TRUE
CMP-0003645;SHP-2026-0144709;2026-03-13 06:35:21;Incorrect Delivery;Wrong delivery instructions;Phone;TRUE
CMP-0002766;SHP-2025-0110436;2026-01-02 12:26:23;Failed Delivery;Repeated delivery attempt;Phone;TRUE
CMP-0001464;SHP-2025-0058969;2025-07-09 12:38:47;Incorrect Delivery;Other;Email;TRUE
CMP-0000672;SHP-2025-0026887;2025-04-24 15:01:14;Late Delivery;Long transit time;Email;TRUE
CMP-0006336;SHP-2026-0247952;2026-12-24 12:38:07;Incorrect Delivery;Wrong delivery instructions;Web Form;TRUE
CMP-0004762;SHP-2026-0191076;2026-08-18 03:02:04;Failed Delivery;Returned to sender;Email;TRUE
CMP-0006021;SHP-2026-0238486;2026-12-08 04:42:56;Other;Tracking issue;Phone;TRUE
CMP-0000131;SHP-2025-0005244;2025-02-01 16:21:04;Incorrect Delivery;Other;Web Form;FALSE
CMP-0004591;SHP-2026-0183671;2026-08-05 08:34:41;Other;Wrong delivery instructions;Phone;TRUE
CMP-0001197;SHP-2025-0048192;2025-06-27 13:16:40;Late Delivery;Delivered after promised date;Email;FALSE
CMP-0002510;SHP-2025-0101415;2025-11-29 09:53:43;Incorrect Delivery;Wrong delivery instructions;Web Form;TRUE
CMP-0005869;SHP-2026-0233243;2026-11-26 14:14:34;Other;Tracking issue;Email;TRUE
CMP-0003613;SHP-2026-0143443;2026-03-25 06:29:33;Incorrect Delivery;Wrong delivery instructions;Web Form;TRUE
CMP-0006027;SHP-2026-0238681;2026-12-11 18:37:30;Late Delivery;Delivery date repeatedly changed;Chat;TRUE
CMP-0001426;SHP-2025-0057640;2025-07-30 05:02:34;Other;Other;Email;TRUE
CMP-0000869;SHP-2025-0034437;2025-06-06 04:49:45;Incorrect Delivery;Wrong delivery instructions;Phone;TRUE
CMP-0000612;SHP-2025-0024258;2025-04-04 12:53:05;Late Delivery;Delivered after promised date;Chat;TRUE
CMP-0005612;SHP-2026-0224069;2026-11-10 14:33:07;Late Delivery;Delivered after promised date;Chat;TRUE
CMP-0001782;SHP-2025-0071219;2025-08-22 01:47:43;Late Delivery;Long transit time;Email;TRUE
CMP-0004185;SHP-2026-0167224;2026-06-02 05:40:31;Late Delivery;Delivery date repeatedly changed;Email;TRUE
CMP-0006377;SHP-2026-0249434;2026-12-09 06:14:07;Late Delivery;Delivery date repeatedly changed;Web Form;TRUE
CMP-0006294;SHP-2026-0246551;2026-12-22 01:22:26;Late Delivery;Delivery date repeatedly changed;Email;TRUE
CMP-0000563;SHP-2025-0022163;2025-03-29 01:49:37;Late Delivery;Delivery date repeatedly changed;Chat;TRUE
CMP-0000258;SHP-2025-0010683;2025-03-03 17:37:47;Other;Wrong delivery instructions;Chat;TRUE
CMP-0003949;SHP-2026-0156974;2026-05-01 04:29:19;Late Delivery;Delivered after promised date;Phone;TRUE
CMP-0000106;SHP-2025-0004438;2025-01-07 14:14:05;Failed Delivery;Returned to sender;Web Form;TRUE
CMP-0004746;SHP-2026-0190182;2026-08-06 21:03:51;Failed Delivery;Courier did not reach customer;Email;TRUE
CMP-0000578;SHP-2025-0023011;2025-03-24 20:12:51;Other;Tracking issue;Email;TRUE
CMP-0002881;SHP-2025-0113872;2026-01-04 19:33:35;Late Delivery;Delivery date repeatedly changed;Email;TRUE
CMP-0001825;SHP-2025-0072703;2025-09-10 14:15:19;Late Delivery;Long transit time;Email;FALSE
CMP-0001140;SHP-2025-0046238;2025-06-27 05:55:53;Incorrect Delivery;Wrong delivery instructions;Web Form;TRUE
CMP-0000340;SHP-2025-0013863;2025-02-23 12:32:48;Failed Delivery;Courier did not reach customer;Chat;TRUE
CMP-0003939;SHP-2026-0156271;2026-04-17 04:41:12;Incorrect Delivery;Other;Web Form;FALSE
CMP-0006248;SHP-2026-0245034;2026-12-24 15:36:19;Damaged Shipment;Contents damaged;Email;TRUE
CMP-0004705;SHP-2026-0188457;2026-09-02 10:39:58;Late Delivery;Delivery date repeatedly changed;Web Form;TRUE
CMP-0005967;SHP-2026-0236738;2026-12-09 08:46:40;Late Delivery;Delivery date repeatedly changed;Chat;TRUE
CMP-0003352;SHP-2026-0132579;2026-03-03 14:54:31;Failed Delivery;Repeated delivery attempt;Phone;TRUE
CMP-0000940;SHP-2025-0037201;2025-05-14 03:56:11;Damaged Shipment;Package damaged;Web Form;TRUE
CMP-0001457;SHP-2025-0058809;2025-07-23 07:51:39;Incorrect Delivery;Tracking issue;Phone;TRUE
CMP-0006304;SHP-2026-0246785;2026-12-25 22:12:05;Other;Wrong delivery instructions;Email;TRUE
CMP-0003157;SHP-2026-0123705;2026-01-23 02:45:38;Other;Wrong delivery instructions;Email;TRUE
CMP-0006052;SHP-2026-0239454;2026-12-20 18:02:20;Incorrect Delivery;Other;Email;TRUE
CMP-0004649;SHP-2026-0185976;2026-08-03 01:09:53;Failed Delivery;Customer not available;Email;TRUE
CMP-0002975;SHP-2025-0117035;2025-12-20 10:07:59;Late Delivery;Delivered after promised date;Web Form;TRUE
CMP-0003778;SHP-2026-0149357;2026-04-18 06:11:31;Incorrect Delivery;Other;Email;TRUE
CMP-0005958;SHP-2026-0236417;2026-12-28 20:48:14;Failed Delivery;Customer not available;Web Form;TRUE
CMP-0005329;SHP-2026-0213486;2026-10-22 12:52:56;Late Delivery;Long transit time;Web Form;TRUE
CMP-0000914;SHP-2025-0036182;2025-05-17 18:38:23;Other;Wrong delivery instructions;Email;TRUE
CMP-0005023;SHP-2026-0201028;2026-09-27 12:54:59;Late Delivery;Delivered after promised date;Chat;TRUE
CMP-0002277;SHP-2025-0091956;2025-11-06 16:19:14;Failed Delivery;Repeated delivery attempt;Email;TRUE
CMP-0003148;SHP-2026-0123390;2026-01-08 21:48:36;Late Delivery;Delivered after promised date;Chat;TRUE
CMP-0003116;SHP-2026-0121699;2026-02-02 03:41:12;Incorrect Delivery;Tracking issue;Phone;FALSE
CMP-0005538;SHP-2026-0221404;2026-11-18 05:20:00;Late Delivery;Delivered after promised date;Phone;TRUE
CMP-0003441;SHP-2026-0135767;2026-02-07 02:34:04;Other;Tracking issue;Email;TRUE
CMP-0000008;SHP-2025-0000430;2025-01-12 00:02:26;Late Delivery;Delivery date repeatedly changed;Web Form;TRUE
CMP-0004740;SHP-2026-0189979;2026-09-05 02:25:16;Late Delivery;Delivery date repeatedly changed;Web Form;TRUE
CMP-0001666;SHP-2025-0067234;2025-08-16 06:06:33;Failed Delivery;Courier did not reach customer;Web Form;TRUE
CMP-0001516;SHP-2025-0060836;2025-07-10 12:22:07;Late Delivery;Delivered after promised date;Web Form;TRUE
CMP-0002491;SHP-2025-0100889;2025-12-03 20:18:26;Incorrect Delivery;Wrong delivery instructions;Email;TRUE
CMP-0002391;SHP-2025-0096696;2025-11-19 21:37:51;Late Delivery;Delivery date repeatedly changed;Email;TRUE
CMP-0000552;SHP-2025-0021702;2025-03-24 06:22:06;Incorrect Delivery;Tracking issue;Email;TRUE
CMP-0000963;SHP-2025-0038490;2025-05-26 06:52:19;Late Delivery;Long transit time;Phone;TRUE
CMP-0006109;SHP-2026-0240748;2026-12-20 01:31:32;Incorrect Delivery;Tracking issue;Chat;TRUE
CMP-0006245;SHP-2026-0244960;2026-12-24 18:16:32;Incorrect Delivery;Other;Web Form;TRUE
CMP-0006219;SHP-2026-0244254;2026-12-31 09:12:51;Other;Other;Email;TRUE
CMP-0003299;SHP-2026-0130059;2026-01-24 14:43:44;Other;Other;Email;TRUE
CMP-0003454;SHP-2026-0136345;2026-02-12 08:04:29;Late Delivery;Delivery date repeatedly changed;Phone;TRUE
CMP-0001588;SHP-2025-0064216;2025-09-02 15:48:56;Failed Delivery;Courier did not reach customer;Chat;TRUE
CMP-0001824;SHP-2025-0072693;2025-09-21 07:42:36;Other;Wrong delivery instructions;Phone;TRUE
CMP-0001219;SHP-2025-0049037;2025-06-22 22:36:56;Failed Delivery;Customer not available;Phone;TRUE
CMP-0002077;SHP-2025-0083619;2025-10-19 00:38:43;Incorrect Delivery;Tracking issue;Web Form;TRUE
CMP-0003981;SHP-2026-0158696;2026-05-25 00:13:09;Other;Tracking issue;Phone;FALSE
CMP-0002429;SHP-2025-0098605;2025-11-10 18:30:42;Incorrect Delivery;Wrong delivery instructions;Email;FALSE
CMP-0004263;SHP-2026-0171086;2026-06-08 19:00:09;Incorrect Delivery;Wrong delivery instructions;Email;TRUE
CMP-0006303;SHP-2026-0246783;2027-01-01 05:43:58;Late Delivery;Delivered after promised date;Phone;TRUE
CMP-0001800;SHP-2025-0071824;2025-08-26 08:34:11;Failed Delivery;Delivery unsuccessful;Email;TRUE
CMP-0005656;SHP-2026-0225875;2026-11-08 00:52:21;Incorrect Delivery;Wrong delivery instructions;Phone;FALSE
CMP-0001982;SHP-2025-0080335;2025-09-17 12:34:44;Failed Delivery;Delivery unsuccessful;Phone;TRUE
CMP-0003168;SHP-2026-0124345;2026-01-23 04:29:39;Lost Shipment;Shipment not delivered;Web Form;FALSE
CMP-0004322;SHP-2026-0173751;2026-07-03 21:55:33;Other;Other;Email;TRUE
CMP-0006391;SHP-2026-0249870;2026-12-31 01:29:00;Late Delivery;Delivery date repeatedly changed;Phone;TRUE
CMP-0000379;SHP-2025-0015352;2025-02-26 15:54:06;Damaged Shipment;Contents damaged;Phone;TRUE
CMP-0001979;SHP-2025-0080182;2025-09-06 19:49:53;Late Delivery;Long transit time;Email;TRUE
CMP-0006057;SHP-2026-0239582;2026-12-14 04:30:40;Failed Delivery;Customer not available;Phone;TRUE
CMP-0005744;SHP-2026-0229142;2026-01-03 09:37:50;Incorrect Delivery;Other;Web Form;TRUE
CMP-0005242;SHP-2026-0209910;2026-10-12 23:19:29;Incorrect Delivery;Other;Phone;TRUE
CMP-0004846;SHP-2026-0194250;2026-08-13 00:03:12;Late Delivery;Long transit time;Email;TRUE
CMP-0006116;SHP-2026-0240948;2026-12-31 04:19:26;Late Delivery;Delivery date repeatedly changed;Phone;TRUE
CMP-0002090;SHP-2025-0084137;2025-10-27 02:43:48;Failed Delivery;Customer not available;Email;TRUE
CMP-0000858;SHP-2025-0033805;2025-04-11 16:01:13;Other;Other;Phone;TRUE
CMP-0005796;SHP-2026-0230888;2026-11-24 21:04:21;Other;Other;Email;TRUE
CMP-0002997;SHP-2025-0117892;2025-12-15 22:43:33;Late Delivery;Delivered after promised date;Web Form;TRUE
CMP-0004703;SHP-2026-0188414;2026-09-05 14:11:54;Damaged Shipment;Contents damaged;Phone;TRUE
CMP-0002352;SHP-2025-0094990;2025-12-08 11:39:27;Other;Other;Chat;TRUE
CMP-0003262;SHP-2026-0128753;2026-02-05 03:49:57;Late Delivery;Delivery date repeatedly changed;Web Form;TRUE
CMP-0003478;SHP-2026-0137197;2026-02-23 14:57:37;Other;Tracking issue;Email;TRUE
CMP-0003140;SHP-2026-0122995;2026-01-13 08:41:48;Incorrect Delivery;Wrong delivery instructions;Chat;TRUE
CMP-0006164;SHP-2026-0242368;2027-01-03 17:59:32;Failed Delivery;Repeated delivery attempt;Email;TRUE
CMP-0005237;SHP-2026-0209805;2026-10-25 09:40:27;Other;Tracking issue;Email;TRUE
CMP-0002812;SHP-2025-0111657;2025-12-09 14:59:02;Damaged Shipment;Packaging failure;Phone;TRUE
CMP-0000332;SHP-2025-0013515;2025-02-13 14:27:00;Failed Delivery;Repeated delivery attempt;Phone;TRUE
CMP-0001261;SHP-2025-0050879;2025-07-02 08:38:30;Incorrect Delivery;Tracking issue;Phone;TRUE
CMP-0006011;SHP-2026-0238232;2027-01-04 19:53:48;Late Delivery;Delivery date repeatedly changed;Email;TRUE
CMP-0004517;SHP-2026-0180613;2026-07-10 12:55:58;Late Delivery;Delivered after promised date;Email;TRUE
CMP-0004635;SHP-2026-0185587;2026-08-04 10:09:16;Lost Shipment;No tracking progress;Phone;TRUE
CMP-0003773;SHP-2026-0149112;2026-04-24 15:24:08;Incorrect Delivery;Other;Web Form;TRUE
CMP-0002736;SHP-2025-0109345;2025-12-22 05:31:51;Late Delivery;Delivered after promised date;Phone;TRUE
CMP-0006388;SHP-2026-0249779;2026-12-21 16:39:19;Incorrect Delivery;Wrong delivery instructions;Phone;TRUE
CMP-0001406;SHP-2025-0056860;2025-07-30 20:20:16;Failed Delivery;Delivery unsuccessful;Phone;TRUE
CMP-0001480;SHP-2025-0059620;2025-08-06 07:38:09;Failed Delivery;Customer not available;Phone;TRUE
CMP-0004917;SHP-2026-0196787;2026-08-30 14:53:39;Other;Other;Email;TRUE
CMP-0005249;SHP-2026-0210357;2026-10-11 01:08:35;Incorrect Delivery;Other;Web Form;FALSE
CMP-0005772;SHP-2026-0230025;2026-11-19 12:32:00;Late Delivery;Delivery date repeatedly changed;Phone;TRUE
CMP-0001859;SHP-2025-0074293;2025-10-04 03:32:33;Late Delivery;Long transit time;Chat;TRUE
CMP-0003023;SHP-2025-0118795;2025-12-23 19:16:34;Late Delivery;Delivery date repeatedly changed;Email;TRUE
CMP-0005911;SHP-2026-0235044;2026-12-29 23:42:25;Late Delivery;Delivered after promised date;Email;FALSE
CMP-0004134;SHP-2026-0165397;2026-05-08 12:11:07;Other;Wrong delivery instructions;Chat;TRUE
CMP-0002785;SHP-2025-0110997;2025-12-27 23:27:34;Late Delivery;Delivery date repeatedly changed;Chat;TRUE
CMP-0004768;SHP-2026-0191372;2026-09-02 21:38:50;Late Delivery;Delivered after promised date;Phone;TRUE
CMP-0005225;SHP-2026-0209293;2026-10-24 08:33:48;Failed Delivery;Delivery unsuccessful;Email;TRUE
CMP-0005406;SHP-2026-0216237;2026-10-22 03:14:37;Late Delivery;Delivery date repeatedly changed;Web Form;TRUE
CMP-0006307;SHP-2026-0247066;2026-12-07 22:39:59;Late Delivery;Delivery date repeatedly changed;Web Form;TRUE
CMP-0002350;SHP-2025-0094955;2025-11-22 23:20:20;Other;Tracking issue;Email;TRUE
CMP-0000251;SHP-2025-0010390;2025-02-16 04:53:34;Other;Other;Web Form;TRUE
CMP-0005080;SHP-2026-0203145;2026-09-20 11:42:27;Failed Delivery;Repeated delivery attempt;Email;TRUE
CMP-0004344;SHP-2026-0174535;2026-06-25 05:47:42;Incorrect Delivery;Wrong delivery instructions;Phone;TRUE
CMP-0005903;SHP-2026-0234637;2026-12-14 10:15:19;Failed Delivery;Returned to sender;Email;TRUE
CMP-0003196;SHP-2026-0125528;2026-01-11 18:39:16;Other;Tracking issue;Phone;TRUE
CMP-0003851;SHP-2026-0152295;2026-04-19 19:38:33;Late Delivery;Delivery date repeatedly changed;Email;TRUE
CMP-0005382;SHP-2026-0215337;2026-10-13 12:45:48;Lost Shipment;Shipment not delivered;Email;FALSE
CMP-0003173;SHP-2026-0124538;2026-01-19 21:33:55;Late Delivery;;Web Form;TRUE
CMP-0002759;SHP-2025-0110217;2025-12-31 08:50:29;Late Delivery;Long transit time;Chat;TRUE
CMP-0004064;SHP-2026-0162351;2026-05-17 18:11:06;Incorrect Delivery;Other; Phone ;TRUE
CMP-0006385;SHP-2026-0249746;2026-12-23 03:40:54;Late Delivery;Delivery date repeatedly changed;Email;TRUE
CMP-0002902;SHP-2025-0114368;2025-12-08 10:46:26;Late Delivery;Delivered after promised date;Email;TRUE
CMP-0005978;SHP-2026-0237070;2027-01-07 14:54:59;Other;Tracking issue;Phone;TRUE
CMP-0005473;SHP-2026-0219264;2026-10-19 21:56:16;Other;Tracking issue;Phone;TRUE
CMP-0003987;SHP-2026-0158885;2026-05-27 23:19:18;Incorrect Delivery;Tracking issue;Web Form;TRUE
CMP-0001932;SHP-2025-0077432;2025-09-22 16:06:25;Incorrect Delivery;Tracking issue;Email;TRUE
CMP-0004658;SHP-2026-0186380;2026-07-30 12:57:59;Other;Tracking issue;Email;TRUE
CMP-0001073;SHP-2025-0043454;2025-05-11 09:01:47;Late Delivery;Long transit time;Chat;TRUE
CMP-0004172;SHP-2026-0166826;2026-05-09 11:16:57;Incorrect Delivery;Other;Web Form;TRUE
CMP-0004022;SHP-2026-0160644;2026-05-07 03:20:50;Incorrect Delivery;Wrong delivery instructions;Web Form;TRUE
CMP-0002449;SHP-2025-0099071;2025-11-26 02:02:52;Late Delivery;Delivery date repeatedly changed;Web Form;TRUE
CMP-0006349;SHP-2026-0248559;2026-12-21 08:56:13;Failed Delivery;Delivery unsuccessful;Email;TRUE
CMP-0003574;SHP-2026-0141121;2026-03-29 03:18:42;Late Delivery;Delivered after promised date;Chat;TRUE
CMP-0004129;SHP-2026-0165151;2026-06-03 12:24:55;Late Delivery;Delivery date repeatedly changed;Chat;TRUE
CMP-0003970;SHP-2026-0158160;2026-05-14 13:14:44;Other;Tracking issue;Email;TRUE
CMP-0002688;SHP-2025-0108122;2025-12-11 20:41:47;Failed Delivery;Customer not available;Email;TRUE
CMP-0004067;SHP-2026-0162377;2026-05-10 18:52:56;Failed Delivery;Repeated delivery attempt;Email;TRUE
CMP-0003578;SHP-2026-0141192;2026-03-31 08:09:26;Other;Other;Phone;TRUE
CMP-0003404;SHP-2026-0134575;2026-02-19 15:20:09;Late Delivery;Delivery date repeatedly changed;Email;TRUE
CMP-0005910;SHP-2026-0235024;2026-12-25 03:11:22;Failed Delivery;Repeated delivery attempt;Email;TRUE
CMP-0000425;SHP-2025-0017106;2025-03-28 11:33:03;Other;Wrong delivery instructions;Web Form;TRUE
CMP-0002685;SHP-2025-0108018;2025-12-23 23:06:26;Late Delivery;Delivered after promised date;Phone;TRUE
CMP-0002917;SHP-2025-0114885;2025-12-12 13:50:46;Late Delivery;Long transit time;Web Form;TRUE
CMP-0006229;SHP-2026-0244512;2026-12-26 16:18:23;Late Delivery;Delivery date repeatedly changed;Chat;TRUE
CMP-0004725;SHP-2026-0189568;2026-09-02 22:22:46;Incorrect Delivery;Other;Email;TRUE
CMP-0001119;SHP-2025-0045505;2025-06-28 02:43:22;Failed Delivery;Returned to sender;Web Form;TRUE
CMP-0005889;SHP-2026-0234115;2026-11-25 05:50:08;Late Delivery;Delivered after promised date;Email;FALSE
CMP-0004813;SHP-UNKNOWN-373;2026-08-10 23:34:03;Late Delivery;Delivery date repeatedly changed;Chat;TRUE
CMP-0002052;SHP-2025-0083078;2025-10-28 20:08:51;Failed Delivery;Courier did not reach customer;Email;TRUE
CMP-0006007;SHP-2026-0238197;2027-01-04 23:11:10;Late Delivery;Delivery date repeatedly changed;Phone;TRUE
CMP-0000818;SHP-2025-0032387;2025-05-05 16:24:43;Late Delivery;Delivered after promised date;Phone;FALSE
CMP-0003536;SHP-2026-0139368;2026-03-11 23:29:34;Failed Delivery;Delivery unsuccessful;Chat;TRUE
CMP-0006340;SHP-2026-0248058;2026-12-26 12:29:53;Late Delivery;Delivered after promised date;Phone;TRUE
CMP-0002754;SHP-2025-0110132;2026-01-01 18:49:55;Incorrect Delivery;Other;Email;TRUE
CMP-0003534;SHP-2026-0139169;2026-03-06 18:07:46;Other;Tracking issue;Phone;TRUE
CMP-0006013;SHP-2026-0238272;2027-01-01 15:49:22;Late Delivery;Delivered after promised date;Email;TRUE
CMP-0002336;SHP-2025-0094444;2026-01-02 01:20:23;Incorrect Delivery;Other;Web Form;TRUE
CMP-0005033;SHP-2026-0201264;2026-09-13 08:43:34;Failed Delivery;Repeated delivery attempt;Phone;TRUE
CMP-0004616;SHP-2026-0184845;2026-07-31 06:05:11;Late Delivery;Long transit time;Web Form;TRUE
CMP-0005990;SHP-2026-0237351;2026-12-10 23:44:46;Incorrect Delivery;Other;Email;TRUE
CMP-0005639;SHP-2026-0225224;2026-11-06 21:31:30;Incorrect Delivery;Other;Web Form;TRUE
CMP-0000320;SHP-2025-0012987;2025-02-20 07:47:17;Other;Other;Email;TRUE
CMP-0002401;SHP-2025-0097203;2025-11-22 16:42:56;Late Delivery;Delivered after promised date;Chat;FALSE
CMP-0003836;SHP-2026-0151858;2026-04-18 23:44:13;Failed Delivery;Repeated delivery attempt;Email;TRUE
CMP-0005769;SHP-2026-0229931;2026-12-04 01:03:14;Failed Delivery;Repeated delivery attempt;Phone;FALSE
CMP-0000180;SHP-2025-0007359;2025-01-30 02:06:00;Late Delivery;Delivered after promised date;Email;TRUE
CMP-0004187;SHP-2026-0167293;2026-05-21 16:32:46;Late Delivery;Delivered after promised date;Email;TRUE
CMP-0001923;SHP-2025-0076829;2025-10-06 02:36:50;Late Delivery;Long transit time;Email;TRUE
CMP-0000634;SHP-2025-0025205;2025-04-13 03:29:39;Failed Delivery;Courier did not reach customer;Phone;TRUE
CMP-0004868;SHP-2026-0195202;2026-08-28 04:09:27;Failed Delivery;Delivery unsuccessful;Phone;TRUE
CMP-0003982;SHP-2026-0158732;2026-05-26 17:39:27;Late Delivery;Delivery date repeatedly changed;Phone;TRUE
CMP-0003231;SHP-2026-0127034;2026-02-04 07:26:48;Failed Delivery;Repeated delivery attempt;Web Form;TRUE
CMP-0000152;SHP-2025-0006190;2025-01-30 17:20:08;Failed Delivery;Returned to sender;Email;TRUE
CMP-0006242;SHP-2026-0244865;2027-01-02 16:27:52;Late Delivery;;Email;TRUE
CMP-0005492;SHP-2026-0219753;2026-11-01 05:43:48;other;Tracking issue;Phone;TRUE
CMP-0002192;SHP-2025-0088265;2025-10-25 19:56:38;Other;Wrong delivery instructions;Web Form;TRUE
CMP-0002251;SHP-2025-0090683;2025-10-28 22:40:04;Other;Tracking issue;Chat;TRUE
CMP-0002686;SHP-2025-0108039;2025-12-13 20:16:56;Late Delivery;Long transit time;Phone;TRUE
CMP-0003236;SHP-2026-0127169;2026-01-11 18:29:21;Late Delivery;Long transit time;Phone;TRUE
CMP-0005544;SHP-2026-0221679;2026-11-13 16:44:54;Failed Delivery;Customer not available;Phone;TRUE
CMP-0003926;SHP-2026-0155594;2026-04-18 15:21:25;Other;Wrong delivery instructions;Web Form;TRUE
CMP-0002608;SHP-2025-0104571;2025-12-05 09:29:07;Late Delivery;Long transit time;Phone;TRUE
CMP-0002704;SHP-2025-0108457;2025-12-25 08:52:40;Late Delivery;Delivered after promised date;Email;TRUE
CMP-0006278;SHP-2026-0246121;2026-12-13 04:59:12;Late Delivery;Long transit time;Email;TRUE
CMP-0004888;SHP-2026-0195800;2026-09-05 15:57:27;Late Delivery;Delivered after promised date;Phone;TRUE
CMP-0004324;SHP-2026-0173796;2026-06-29 14:08:41;Late Delivery;Delivered after promised date;Phone;TRUE
CMP-0003488;SHP-2026-0137458;2026-02-10 00:11:11;Late Delivery;Long transit time;Email;TRUE
CMP-0004046;SHP-2026-0161737;2026-05-08 21:33:40;Late Delivery;Delivery date repeatedly changed;Phone;TRUE
CMP-0005569;SHP-2026-0222389;2026-11-29 11:50:19;Late Delivery;Long transit time;Email;TRUE
CMP-0003602;SHP-2026-0142782;2026-03-29 03:35:05;Other;Wrong delivery instructions;Phone;TRUE
CMP-0005454;SHP-2026-0218227;2026-11-02 23:35:50;Other;Tracking issue;Email;TRUE
CMP-0001106;SHP-2025-0044641;2025-06-20 20:05:08;Late Delivery;Delivery date repeatedly changed;Web Form;TRUE
CMP-0002619;SHP-2025-0104969;2025-11-17 01:50:54;Damaged Shipment;Packaging failure;Chat;TRUE
CMP-0004490;SHP-2026-0179850;2026-07-05 13:37:55;Late Delivery;Delivered after promised date;Phone;TRUE
CMP-0000020;SHP-2025-0000868;2025-01-13 12:42:53;Damaged Shipment;Contents damaged;Chat;TRUE
CMP-0001018;SHP-2025-0041174;2025-05-18 16:41:53;Failed Delivery;Repeated delivery attempt;Phone;TRUE
CMP-0001010;SHP-2025-0040730;2025-05-08 22:13:54;Late Delivery;Delivered after promised date;Phone;TRUE
CMP-0001314;SHP-2025-0053023;2025-06-07 10:04:10;Other;Other;Email;TRUE
CMP-0001448;SHP-2025-0058302;2025-08-01 02:36:31;Late Delivery;Delivered after promised date;Phone;TRUE
CMP-0003347;SHP-2026-0132218;2026-03-04 02:24:51;Late Delivery;Long transit time;Chat;TRUE
CMP-0000354;SHP-2025-0014320;2025-02-12 05:53:26;Late Delivery;Delivered after promised date;Phone;FALSE
CMP-0000352;SHP-2025-0014308;2025-02-14 22:00:43;Other;Tracking issue;Chat;TRUE
CMP-0000083;SHP-2025-0003252;2025-01-10 21:08:27;Failed Delivery;Delivery unsuccessful;Email;TRUE
CMP-0000852;SHP-2025-0033492;2025-04-27 18:27:53;Failed Delivery;Courier did not reach customer;Email;TRUE
CMP-0003979;SHP-2026-0158533;2026-05-08 08:46:38;Late Delivery;Long transit time;Web Form;TRUE
CMP-0002954;SHP-2025-0116115;2025-12-07 06:14:50;Late Delivery;Long transit time;Web Form;TRUE
CMP-0003956;SHP-2026-0157376;2026-04-26 15:17:20;Other;Wrong delivery instructions;Phone;TRUE
CMP-0000133;SHP-2025-0005333;2025-01-07 05:49:29;Incorrect Delivery;Wrong delivery instructions;Email;TRUE
CMP-0000050;SHP-2025-0002226;2025-02-08 04:11:15;Late Delivery;Delivery date repeatedly changed;Email;TRUE
CMP-0000838;SHP-2025-0033151;2025-04-23 06:35:28;Late Delivery;Delivered after promised date;Phone;TRUE
CMP-0004822;SHP-2026-0193284;2026-08-12 20:15:07;Late Delivery;Long transit time;Web Form;TRUE
CMP-0004420;SHP-2026-0177567;2026-06-11 02:09:09;Other;Wrong delivery instructions;Chat;TRUE
CMP-0002199;SHP-2025-0088598;2025-10-11 00:26:27;Late Delivery;Long transit time;Email;TRUE
CMP-0001155;SHP-2025-0046684;2025-07-03 01:51:09;Incorrect Delivery;Tracking issue;Phone;TRUE
CMP-0000438;SHP-2025-0017460;2025-03-17 14:42:55;Other;Other;Chat;TRUE
CMP-0004333;SHP-2026-0174081;2026-06-12 06:46:27;Failed Delivery;Customer not available;Email;TRUE
CMP-0000742;SHP-2025-0029431;2025-04-18 20:50:56;Failed Delivery;Returned to sender;Email;TRUE
CMP-0004088;SHP-2026-0163303;2026-05-07 10:23:30;Other;Tracking issue;Phone;TRUE
CMP-0004650;SHP-2026-0185986;2026-07-20 05:01:53;Late Delivery;Delivered after promised date;Web Form;TRUE
CMP-0004993;SHP-2026-0199882;2026-09-29 19:20:02;Late Delivery;Delivered after promised date;Phone;TRUE
CMP-0004620;SHP-2026-0185003;2026-07-26 01:22:27;Late Delivery;Delivery date repeatedly changed;Email;TRUE
CMP-0004897;SHP-2026-0196225;2026-08-11 00:16:33;Damaged Shipment;Packaging failure;Chat;TRUE
CMP-0000188;SHP-2025-0007626;2025-01-24 07:53:15;Late Delivery;Long transit time;Email;TRUE
CMP-0004701;SHP-2026-0188213;2026-08-26 02:09:56;Late Delivery;Delivery date repeatedly changed;Email;TRUE
CMP-0000782;SHP-2025-0031044;2025-04-07 07:09:11;Other;Other;Phone;TRUE
CMP-0003862;SHP-2026-0152743;2026-04-19 06:57:09;Incorrect Delivery;Wrong delivery instructions;Web Form;TRUE
CMP-0001228;SHP-2025-0049459;2025-06-24 21:45:45;Late Delivery;Delivered after promised date;Phone;TRUE
CMP-0003310;SHP-2026-0130589;2026-02-09 19:58:10;Late Delivery;Long transit time;Web Form;TRUE
CMP-0004790;SHP-2026-0191799;2026-08-09 21:02:13;Late Delivery;Long transit time;Web Form;TRUE
CMP-0004621;SHP-2026-0185037;2026-07-15 17:16:11;Failed Delivery;Repeated delivery attempt;Web Form;TRUE
CMP-0001793;SHP-2025-0071670;2025-09-04 15:41:56;Other;Wrong delivery instructions;Phone;TRUE
CMP-0004742;SHP-2026-0190034;2026-08-10 18:09:49;Incorrect Delivery;Other;Email;TRUE
CMP-0005600;SHP-2026-0223675;2026-12-05 02:48:06;Other;Wrong delivery instructions;Chat;TRUE
CMP-0003295;SHP-2026-0129780;2026-02-03 23:42:37;Late Delivery;Long transit time;Phone;TRUE
CMP-0004508;SHP-2026-0180400;2026-07-21 08:57:36;Other;Tracking issue;Phone;TRUE
CMP-0000259;SHP-2025-0010795;2025-03-07 00:34:12;Late Delivery;Long transit time;Phone;TRUE
CMP-0000776;SHP-2025-0030682;2025-04-26 14:20:54;Other;Other;Email;TRUE
CMP-0003274;SHP-2026-0129221;2026-01-24 03:38:11;Incorrect Delivery;Other;Email;TRUE
CMP-0005424;SHP-2026-0217033;2026-10-29 22:56:46;Other;Wrong delivery instructions;Email;TRUE
CMP-0000407;SHP-2025-0016298;2025-03-19 23:14:01;Damaged Shipment;Package damaged;Phone;TRUE
CMP-0000866;SHP-2025-0034201;2025-05-24 08:27:17;Incorrect Delivery;Other;Phone;TRUE
CMP-0005466;SHP-2026-0219007;2026-11-06 14:56:07;Late Delivery;Delivered after promised date;Email;TRUE
CMP-0004007;SHP-2026-0160070;2026-05-28 15:29:29;Late Delivery;Delivery date repeatedly changed;Phone;TRUE
CMP-0002996;SHP-2025-0117851;2026-01-06 05:27:33;Late Delivery;Delivered after promised date;Email;TRUE
CMP-0004585;SHP-2026-0183297;2026-07-08 22:26:41;Incorrect Delivery;Wrong delivery instructions;Phone;TRUE
CMP-0001433;SHP-2025-0057803;2025-07-31 17:07:52;Failed Delivery;Returned to sender;Email;TRUE
CMP-0002735;SHP-2025-0109333;2025-12-30 10:27:31;Late Delivery;Long transit time;Phone;TRUE
CMP-0000882;SHP-2025-0035050;2025-05-25 11:13:05;Late Delivery;Long transit time;Web Form;TRUE
CMP-0001837;SHP-2025-0073118;2025-10-01 00:34:52;Incorrect Delivery;Tracking issue;Chat;TRUE
CMP-0002310;SHP-2025-0093390;2025-11-05 02:41:29;Incorrect Delivery;Wrong delivery instructions;Phone;TRUE
CMP-0003357;SHP-2026-0132703;2026-02-18 10:43:23;Other;Tracking issue;Phone;TRUE
CMP-0001167;SHP-2025-0047245;2025-06-11 08:29:56;Late Delivery;Delivery date repeatedly changed;Email;TRUE
CMP-0002299;SHP-2025-0093011;2025-10-10 06:38:10;Other;Tracking issue;Phone;TRUE
CMP-0001230;SHP-2025-0049614;2025-06-12 23:22:24;Failed Delivery;Delivery unsuccessful;Phone;TRUE
CMP-0003149;SHP-2026-0123390;2026-01-10 03:57:28;Failed Delivery;Courier did not reach customer;Email;TRUE
CMP-0002900;SHP-2025-0114351;2025-12-15 04:09:50;Late Delivery;Long transit time;Email;TRUE
CMP-0006034;SHP-2026-0238796;2026-12-10 02:50:15;Late Delivery;Delivery date repeatedly changed;Phone;TRUE
CMP-0001038;SHP-2025-0041905;2025-05-20 07:23:55;Late Delivery;Delivery date repeatedly changed;Web Form;TRUE
CMP-0001905;SHP-2025-0076237;2025-09-15 04:16:16;Other;Tracking issue;Web Form;TRUE
CMP-0003323;SHP-2026-0131035;2026-03-02 12:00:06;Failed Delivery;Courier did not reach customer;Chat;TRUE
CMP-0002852;SHP-2025-0112897;2025-12-22 12:29:37;Late Delivery;Long transit time;Chat;TRUE
CMP-0005493;SHP-2026-0219767;2026-11-03 10:16:45;Incorrect Delivery;Tracking issue;Phone;TRUE
CMP-0002875;SHP-2025-0113733;2025-12-19 07:33:06;Late Delivery;Long transit time;Email;TRUE
CMP-0001655;SHP-2025-0066687;2025-08-28 10:54:56;Late Delivery;Delivery date repeatedly changed;Email;TRUE
CMP-0003427;SHP-2026-0135359;2026-02-27 22:45:32;Late Delivery;Delivered after promised date;Web Form;TRUE
CMP-0003182;SHP-2026-0124892;2026-01-20 00:50:59;Other;Wrong delivery instructions;Email;TRUE
CMP-0005689;SHP-2026-0227089;2026-11-22 04:33:17;Late Delivery;Long transit time;Email;TRUE
CMP-0001848;SHP-2025-0073398;2025-09-12 09:48:07;Failed Delivery;Returned to sender;Web Form;TRUE
CMP-0000786;SHP-2025-0031213;2025-04-09 17:02:45;Failed Delivery;Delivery unsuccessful;Phone;TRUE
CMP-0002968;SHP-2025-0116685;2025-12-08 19:54:59;Late Delivery;Delivered after promised date;Chat;TRUE
CMP-0001108;SHP-2025-0044816;2025-06-09 16:28:41;Other;Tracking issue;Phone;TRUE
CMP-0003031;SHP-2025-0119248;2025-12-19 07:57:03;Late Delivery;Delivered after promised date;Email;TRUE
CMP-0002551;SHP-2025-0102923;2025-11-10 08:31:26;Late Delivery;Delivered after promised date;Email;TRUE
CMP-0003217;SHP-2026-0126666;2026-01-28 00:14:30;Damaged Shipment;Contents damaged;Chat;TRUE
CMP-0000109;SHP-2025-0004555;2025-01-14 15:03:34;Late Delivery;Delivered after promised date;Web Form;FALSE
CMP-0005261;SHP-2026-0211034;2026-01-03 02:36:13;Incorrect Delivery;Tracking issue;Email;TRUE
CMP-0004641;SHP-2026-0185761;2026-07-26 12:19:25;Late Delivery;Delivery date repeatedly changed;Phone;TRUE
CMP-0000802;SHP-2025-0031922;2025-04-15 04:32:11;Other;Tracking issue;Web Form;FALSE
CMP-0005373;SHP-2026-0215028;2026-11-07 23:31:24;Failed Delivery;Delivery unsuccessful;Web Form;TRUE
CMP-0003308;SHP-2026-0130536;2026-02-23 11:13:49;Late Delivery;Delivered after promised date;Email;TRUE
CMP-0000349;SHP-2025-0014270;2025-02-18 07:42:28;Other;Other;Chat;TRUE
CMP-0002845;SHP-2025-0112718;2025-12-30 20:01:16;Other;Other;Web Form;TRUE
CMP-0002501;SHP-2025-0101145;2025-11-17 00:46:17;Incorrect Delivery;Other;Web Form;TRUE
CMP-0003846;SHP-2026-0152117;2026-04-21 19:02:24;Failed Delivery;Customer not available;Web Form;TRUE
CMP-0000273;SHP-2025-0011134;2025-02-06 16:13:56;Other;Tracking issue;Email;TRUE
CMP-0002462;SHP-2025-0099475;2025-11-21 16:36:20;Failed Delivery;Repeated delivery attempt;Phone;TRUE
CMP-0002585;SHP-2025-0103786;2025-11-26 16:15:56;Incorrect Delivery;Tracking issue;Chat;FALSE
CMP-0000831;SHP-2025-0032954;2025-04-27 19:41:03;Late Delivery;Delivered after promised date;Web Form;TRUE
CMP-0003775;SHP-2026-0149176;2026-05-03 16:22:04;Failed Delivery;Delivery unsuccessful;Phone;TRUE
CMP-0000750;SHP-2025-0029614;2025-04-29 14:46:03;Failed Delivery;Courier did not reach customer;Web Form;TRUE
CMP-0001268;SHP-2025-0051050;2025-06-08 20:14:41;Late Delivery;Delivered after promised date;Phone;TRUE
CMP-0005680;SHP-2026-0226632;2026-11-15 18:08:44;Late Delivery;Delivered after promised date;Web Form;TRUE
CMP-0004302;SHP-2026-0172823;2026-06-22 13:16:52;Other;Tracking issue;Email;TRUE
CMP-0002661;SHP-2025-0107225;2025-12-09 22:41:45;Incorrect Delivery;Tracking issue;Phone;TRUE
CMP-0001882;SHP-2025-0075126;2025-09-16 07:05:43;Other;Other;Web Form;TRUE
CMP-0003511;SHP-2026-0138618;2026-03-14 19:20:02;Late Delivery;Delivered after promised date;Phone;TRUE
CMP-0004504;SHP-2026-0180149;2026-07-12 05:29:02;Failed Delivery;Repeated delivery attempt;Phone;TRUE
CMP-0003907;SHP-2026-0154892;2026-04-12 07:12:06;Incorrect Delivery;Wrong delivery instructions;Phone;TRUE
CMP-0002137;SHP-2025-0085798;2025-10-13 23:52:55;Late Delivery;Long transit time;Web Form;TRUE
CMP-0006042;SHP-2026-0239151;2026-12-20 04:55:38;Late Delivery;Long transit time;Email;TRUE
CMP-0003832;SHP-2026-0151766;2026-04-05 17:48:58;Failed Delivery;Courier did not reach customer;Web Form;FALSE
CMP-0006324;SHP-2026-0247555;2027-01-01 04:31:06;Failed Delivery;Repeated delivery attempt;Web Form;TRUE
CMP-0001701;SHP-2025-0068417;2025-08-24 21:11:55;Late Delivery;Delivery date repeatedly changed;Phone;TRUE
CMP-0002013;SHP-2025-0081115;2025-09-30 05:08:33;Late Delivery;Long transit time;Phone;TRUE
CMP-0001285;SHP-2025-0051753;2025-07-05 05:18:11;Lost Shipment;Shipment not delivered;Email;TRUE
CMP-0006114;SHP-2026-0240920;2026-12-24 03:47:39;Late Delivery;Delivery date repeatedly changed;Chat;TRUE
CMP-0005179;SHP-2026-0207940;2026-10-02 22:33:35;Failed Delivery;Delivery unsuccessful;Email;TRUE
CMP-0003443;SHP-2026-0135853;2026-03-02 18:37:09;Incorrect Delivery;Wrong delivery instructions;Email;TRUE
CMP-0001627;SHP-2025-0065652;2025-09-02 18:45:51;Other;Tracking issue;Email;TRUE
CMP-0005159;SHP-2026-0207164;2026-09-04 17:26:08;Failed Delivery;Courier did not reach customer;Phone;TRUE
CMP-0005389;SHP-2026-0215513;2026-10-26 13:47:26;Failed Delivery;Delivery unsuccessful;Phone;TRUE
CMP-0002567;SHP-2025-0103391;2025-11-16 17:56:16;Failed Delivery;Courier did not reach customer;Phone;TRUE
CMP-0000062;SHP-2025-0002678;2025-01-20 07:39:35;Lost Shipment;Shipment not delivered;Email;TRUE
CMP-0000758;SHP-2025-0029785;2025-04-09 15:21:34;Late Delivery;Delivered after promised date;Phone;TRUE
CMP-0003783;SHP-2026-0149411;2026-04-09 01:17:27;Late Delivery;Delivered after promised date;Chat;TRUE
CMP-0003046;SHP-2025-0119700;2025-12-10 22:04:07;Late Delivery;Delivery date repeatedly changed;Web Form;TRUE
CMP-0000172;SHP-2025-0006948;2025-01-08 23:58:04;Failed Delivery;Delivery unsuccessful;Email;TRUE
CMP-0003872;SHP-2026-0153422;2026-04-18 08:25:27;Late Delivery;Delivered after promised date;Email;TRUE
CMP-0002424;SHP-2025-0098342;2025-11-09 20:12:54;Late Delivery;Delivery date repeatedly changed;Email;TRUE
CMP-0000810;SHP-2025-0032156;2025-04-07 15:21:51;Other;Other;Email;TRUE
CMP-0000394;SHP-2025-0015841;2025-02-15 19:45:43;Failed Delivery;Repeated delivery attempt;Email;TRUE
CMP-0005874;SHP-2026-0233506;2026-11-27 01:04:30;Other;Wrong delivery instructions;Web Form;TRUE
CMP-0006150;SHP-2026-0242011;2026-12-09 23:50:04;Late Delivery;Delivered after promised date;Email;TRUE
CMP-0005467;SHP-2026-0219016;2026-10-29 04:39:27;Late Delivery;Long transit time;Email;TRUE
CMP-0001735;SHP-2025-0069571;2025-08-15 02:58:11;Late Delivery;Delivered after promised date;Email;TRUE
CMP-0000278;SHP-2025-0011420;2025-02-20 12:04:59;Failed Delivery;Repeated delivery attempt;Email;TRUE
CMP-0002033;SHP-2025-0081820;2025-09-30 20:33:03;Incorrect Delivery;Wrong delivery instructions;Phone;TRUE
CMP-0003092;SHP-2025-0120930;2026-01-03 07:03:18;Late Delivery;Delivery date repeatedly changed;Phone;TRUE
CMP-0005478;SHP-2026-0219477;2026-10-21 12:30:26;Late Delivery;Long transit time;Phone;TRUE
CMP-0006367;SHP-2026-0249250;2026-12-12 17:13:41;Other;Other;Email;TRUE
CMP-0004397;SHP-2026-0176374;2026-06-28 22:54:30;Late Delivery;Delivered after promised date;Web Form;FALSE
CMP-0001797;SHP-2025-0071755;2025-09-02 01:07:00;Other;Tracking issue;Chat;TRUE
CMP-0005879;SHP-2026-0233757;2026-11-15 09:29:16;Late Delivery;Delivery date repeatedly changed;Email;TRUE
CMP-0005902;SHP-2026-0234635;2027-01-04 21:50:43;Late Delivery;Delivered after promised date;Phone;TRUE
CMP-0000809;SHP-2025-0032153;2025-04-29 06:52:58;Other;Other;Web Form;TRUE
CMP-0002907;SHP-2025-0114485;2025-12-06 02:29:44;Incorrect Delivery;Tracking issue;Web Form;TRUE
CMP-0001273;SHP-2025-0051169;2025-06-25 11:03:26;Late Delivery;Long transit time;Web Form;TRUE
CMP-0005641;SHP-2026-0225283;2026-11-19 11:12:05;Failed Delivery;Repeated delivery attempt;Phone;TRUE
CMP-0000313;SHP-2025-0012773;2025-02-25 01:58:34;Lost Shipment;No tracking progress;Chat;TRUE
CMP-0000477;SHP-2025-0018729;2025-03-21 15:57:11;Other;Wrong delivery instructions;Phone;TRUE
CMP-0003902;SHP-2026-0154835;2026-04-07 19:52:12;Failed Delivery;Courier did not reach customer;Chat;TRUE
CMP-0000660;SHP-2025-0025979;2025-05-06 07:41:35;Late Delivery;Delivery date repeatedly changed;Phone;TRUE
CMP-0004698;SHP-2026-0188171;2026-08-19 15:01:36;Late Delivery;Long transit time;Email;TRUE
CMP-0003628;SHP-2026-0144097;2026-03-23 08:15:35;Other;Other;Chat;TRUE
CMP-0003455;SHP-2026-0136405;2026-03-03 12:43:38;Failed Delivery;Courier did not reach customer;Phone;TRUE
CMP-0002994;SHP-2025-0117831;2026-01-02 14:51:09;Late Delivery;Long transit time;Email;TRUE
CMP-0006134;SHP-2026-0241475;2026-12-18 01:27:55;Late Delivery;Delivered after promised date;Email;TRUE
CMP-0002962;SHP-2025-0116442;2025-12-18 20:01:14;Late Delivery;Long transit time;Web Form;TRUE
CMP-0005690;SHP-2026-0227160;2026-11-23 19:30:55;Other;Other;Web Form;TRUE
CMP-0003143;SHP-2026-0123206;2026-01-28 21:17:37;Other;Other;Chat;TRUE
CMP-0001004;SHP-2025-0040520;2025-05-17 12:39:05;Late Delivery;Delivered after promised date;Email;TRUE
CMP-0003365;SHP-2026-0132893;2026-02-25 03:14:04;Failed Delivery;Customer not available;Phone;TRUE
CMP-0004902;SHP-2026-0196330;2026-08-12 19:01:32;Late Delivery;Delivery date repeatedly changed;Web Form;TRUE
CMP-0004733;SHP-2026-0189838;2026-08-29 02:40:44;Incorrect Delivery;Wrong delivery instructions;Phone;FALSE
CMP-0002698;SHP-2025-0108378;2026-01-02 23:05:00;Late Delivery;Delivery date repeatedly changed;Web Form;TRUE
CMP-0003849;SHP-2026-0152259;2026-04-25 20:22:46;Failed Delivery;Returned to sender;Email;TRUE
CMP-0002933;SHP-2025-0115278;2025-12-28 15:20:36;Late Delivery;Delivered after promised date;Chat;TRUE
CMP-0002189;SHP-2025-0087977;2025-10-29 14:56:22;Late Delivery;Delivered after promised date;Web Form;TRUE
CMP-0006122;SHP-2026-0241123;2026-12-27 23:14:01;Late Delivery;Long transit time;Phone;TRUE
CMP-0001349;SHP-2025-0054521;2025-07-09 15:59:43;Other;Wrong delivery instructions;Web Form;TRUE
CMP-0001926;SHP-2025-0076911;2025-09-20 17:59:12;Other;Other;Email;TRUE
CMP-0005534;SHP-2026-0221241;2026-11-25 03:36:48;Failed Delivery;Repeated delivery attempt;Chat;TRUE
CMP-0000636;SHP-2025-0025236;2025-04-27 22:21:23;Incorrect Delivery;Tracking issue;Phone;TRUE
CMP-0006100;SHP-2026-0240693;2026-12-25 07:58:26;Late Delivery;Long transit time;Email;FALSE
CMP-0001901;SHP-2025-0076039;2025-09-11 13:41:55;Other;Other;Phone;TRUE
CMP-0004639;SHP-2026-0185740;2026-08-06 16:33:19;Incorrect Delivery;Wrong delivery instructions;Email;FALSE
CMP-0003380;SHP-2026-0133263;2026-02-28 20:10:51;Damaged Shipment;Package damaged;Email;TRUE
CMP-0000555;SHP-2025-0021881;2025-03-19 04:10:52;Late Delivery;Long transit time;Email;TRUE
CMP-0005110;SHP-2026-0204525;2026-09-22 04:44:50;Failed Delivery;Customer not available;Phone;TRUE
CMP-0003472;SHP-2026-0136865;2026-03-01 22:37:03;Late Delivery;Long transit time;Email;TRUE
CMP-0000875;SHP-2025-0034662;2025-05-27 09:03:48;Other;Wrong delivery instructions;Web Form;TRUE
CMP-0000086;SHP-2025-0003364;2025-01-29 21:57:17;Late Delivery;Delivered after promised date;Phone;TRUE
CMP-0004942;SHP-2026-0197903;2026-08-29 08:38:05;Late Delivery;Delivered after promised date;Phone;TRUE
CMP-0000252;SHP-2025-0010391;2025-02-10 14:46:50;Late Delivery;Delivered after promised date;Web Form;FALSE
CMP-0003876;SHP-2026-0153674;2026-04-10 23:59:44;Late Delivery;Delivery date repeatedly changed;Phone;TRUE
CMP-0003919;SHP-2026-0155361;2026-04-21 12:03:49;Late Delivery;Delivery date repeatedly changed;Email;TRUE
CMP-0005635;SHP-2026-0225039;2026-11-08 17:38:42;Failed Delivery;Repeated delivery attempt;Email;TRUE
CMP-0004464;SHP-2026-0179140;2026-07-28 19:22:23;Failed Delivery;Customer not available;Email;TRUE
CMP-0002027;SHP-2025-0081706;2025-09-18 15:44:18;Failed Delivery;Delivery unsuccessful;Web Form;TRUE
CMP-0003531;SHP-2026-0139087;2026-04-02 09:27:20;Failed Delivery;Repeated delivery attempt;Web Form;TRUE
CMP-0000823;SHP-2025-0032690;2025-04-20 04:53:50;Other;Wrong delivery instructions;Phone;TRUE
CMP-0000154;SHP-2025-0006289;2025-01-27 10:17:34;Damaged Shipment;Packaging failure;Phone;TRUE
CMP-0004891;SHP-2026-0196054;2026-08-25 09:40:05;Failed Delivery;Repeated delivery attempt;Email;TRUE
CMP-0001495;SHP-2025-0060267;2025-07-17 14:42:52;Failed Delivery;Customer not available;Phone;TRUE
CMP-0000979;SHP-2025-0039250;2025-05-21 21:47:36;Other;Tracking issue;Web Form;TRUE
CMP-0003855;SHP-2026-0152487;2026-04-07 17:17:41;Late Delivery;Long transit time;Email;TRUE
CMP-0003591;SHP-2026-0142207;2026-03-09 20:25:11;Late Delivery;Delivery date repeatedly changed;Phone;TRUE
CMP-0003153;SHP-2026-0123532;2026-01-08 06:43:33;Other;Tracking issue;Chat;TRUE
CMP-0001955;SHP-2025-0078563;2025-09-30 10:31:29;Failed Delivery;Courier did not reach customer;Chat;TRUE
CMP-0005568;SHP-2026-0222361;2026-12-05 11:20:58;Damaged Shipment;Packaging failure;Web Form;TRUE
CMP-0003115;SHP-2026-0121694;2026-01-21 03:33:29;Lost Shipment;No tracking progress;Web Form;TRUE
CMP-0006012;SHP-2026-0238249;2026-12-31 17:48:40;Late Delivery;Long transit time;Chat;TRUE
CMP-0004386;SHP-2026-0176070;2026-06-10 03:19:11;Late Delivery;Delivery date repeatedly changed;Phone;TRUE
CMP-0005561;SHP-2026-0222216;2026-11-09 08:27:09;Other;Wrong delivery instructions;Email;TRUE
CMP-0000606;SHP-2025-0024074;2025-03-15 16:27:28;Failed Delivery;Courier did not reach customer;Email;FALSE
CMP-0004867;SHP-2026-0195171;2026-08-24 02:04:50;Late Delivery;Delivery date repeatedly changed;Chat;TRUE
CMP-0005339;SHP-2026-0213869;2026-10-25 19:25:42;Other;Wrong delivery instructions;Email;TRUE
CMP-0004547;SHP-2026-0181974;2026-07-22 10:27:00;Incorrect Delivery;Tracking issue;Email;TRUE
CMP-0004163;SHP-2026-0166507;2026-05-21 08:03:34;Late Delivery;Long transit time;Chat;TRUE
CMP-0002485;SHP-2025-0100669;2025-12-01 10:26:06;Incorrect Delivery;Tracking issue;Phone;TRUE
CMP-0000732;SHP-2025-0029246;2025-04-11 11:29:40;Incorrect Delivery;Wrong delivery instructions;Chat;TRUE
CMP-0001538;SHP-2025-0061876;2025-08-05 06:12:52;Failed Delivery;Courier did not reach customer;Email;TRUE
CMP-0006283;SHP-2026-0246225;2026-12-17 19:06:24;Incorrect Delivery;Wrong delivery instructions;Web Form;TRUE
CMP-0005906;SHP-2026-0234847;2026-12-16 19:12:56;Late Delivery;Delivery date repeatedly changed;Email;TRUE
CMP-0003883;SHP-2026-0153988;2026-05-03 14:47:56;Late Delivery;Long transit time;Phone;TRUE
CMP-0001533;SHP-2025-0061488;2025-07-28 20:43:50;Incorrect Delivery;Wrong delivery instructions;Chat;TRUE
CMP-0001503;SHP-2025-0060386;2025-07-11 11:36:06;Late Delivery;Delivered after promised date;Email;TRUE
CMP-0005135;SHP-2026-0205643;2026-09-16 13:43:43;Failed Delivery;Courier did not reach customer;Phone;TRUE
CMP-0004922;SHP-2026-0197071;2026-08-19 19:30:24;Late Delivery;Long transit time;Phone;TRUE
CMP-0001989;SHP-2025-0080495;2025-10-02 20:39:21;Incorrect Delivery;Wrong delivery instructions;Web Form;TRUE
CMP-0000166;SHP-2025-0006690;2025-01-30 09:16:39;Other;Wrong delivery instructions;Phone;TRUE
CMP-0001696;SHP-2025-0068058;2025-08-19 13:17:20;Late Delivery;Delivered after promised date;Chat;TRUE
CMP-0000787;SHP-2025-0031273;2025-04-29 04:39:40;Late Delivery;Delivered after promised date;Chat;TRUE
CMP-0004047;SHP-2026-0161754;2026-05-25 15:18:56;Late Delivery;Delivered after promised date;Phone;TRUE
CMP-0001836;SHP-2025-0073091;2025-10-04 13:16:57;Late Delivery;Long transit time;Web Form;TRUE
CMP-0002036;SHP-2025-0081997;2025-10-02 20:39:49;Incorrect Delivery;Other;Phone;TRUE
CMP-0000778;SHP-2025-0030836;2025-04-22 19:48:19;Incorrect Delivery;Tracking issue;Phone;TRUE
CMP-0004477;SHP-2026-0179554;2026-07-19 20:33:06;Late Delivery;Long transit time;Email;TRUE
CMP-0002136;SHP-2025-0085765;2025-10-15 23:52:08;Late Delivery;Long transit time;Phone;TRUE
CMP-0000367;SHP-2025-0014658;2025-02-13 15:01:10;Incorrect Delivery;Tracking issue;Email;TRUE
CMP-0004607;SHP-2026-0184365;2026-07-16 17:57:45;Late Delivery;Delivered after promised date;Phone;TRUE
CMP-0004405;SHP-2026-0176855;2026-06-07 10:28:01;Damaged Shipment;Package damaged;Chat;TRUE
CMP-0006110;SHP-2026-0240785;2026-12-16 01:08:21;Other;Wrong delivery instructions;Phone;TRUE
CMP-0004754;SHP-2026-0190599;2026-08-18 07:00:25;Other;Wrong delivery instructions;Phone;TRUE
CMP-0003379;SHP-2026-0133104;2026-02-21 02:01:24;Late Delivery;Delivered after promised date;Email;TRUE
CMP-0002836;SHP-2025-0112356;2026-01-02 02:14:23;Late Delivery;Delivery date repeatedly changed;Email;TRUE
CMP-0002672;SHP-2025-0107530;2025-12-12 04:38:03;Late Delivery;Long transit time;Phone;TRUE
CMP-0003208;SHP-2026-0126182;2026-02-02 08:30:50;Failed Delivery;Courier did not reach customer;Email;TRUE
CMP-0001137;SHP-2025-0046194;2025-06-24 10:33:32;Failed Delivery;Customer not available;Email;TRUE
CMP-0003353;SHP-2026-0132611;2026-02-19 07:54:10;Late Delivery;Delivery date repeatedly changed;Phone;TRUE
CMP-0001128;SHP-2025-0045843;2025-06-24 04:33:58;Other;Other;Phone;TRUE
CMP-0001009;SHP-2025-0040655;2025-06-02 10:55:29;Incorrect Delivery;Other;Phone;TRUE
CMP-0006102;SHP-2026-0240712;2026-12-19 19:16:19;Incorrect Delivery;Other;Email;TRUE
CMP-0002121;SHP-2025-0085312;2025-10-13 09:40:39;Incorrect Delivery;Wrong delivery instructions;Chat;TRUE
CMP-0005738;SHP-2026-0228904;2026-12-02 08:46:43;Incorrect Delivery;Other;Web Form;FALSE
CMP-0006119;SHP-2026-0241112;2027-01-03 23:50:38;Incorrect Delivery;Wrong delivery instructions;Phone;TRUE
CMP-0001357;SHP-2025-0054726;2025-07-15 00:58:10;Other;Other;Phone;TRUE
CMP-0006356;SHP-2026-0248770;2026-12-25 11:25:36;Late Delivery;Long transit time;Phone;TRUE
CMP-0004362;SHP-2026-0175196;2026-06-13 05:18:27;Incorrect Delivery;Wrong delivery instructions;Web Form;TRUE
CMP-0005220;SHP-2026-0209159;2026-10-19 06:14:46;Damaged Shipment;Contents damaged;Web Form;TRUE
CMP-0003629;SHP-2026-0144173;2026-03-21 13:26:23;Failed Delivery;Courier did not reach customer;Phone;TRUE
CMP-0005973;SHP-2026-0236932;2026-12-08 13:16:25;Late Delivery;Long transit time;Email;TRUE
CMP-0005440;SHP-2026-0217673;2026-10-25 02:39:30;Other;Other;Web Form;TRUE
CMP-0003252;SHP-2026-0127904;2026-01-16 13:26:43;Late Delivery;Delivery date repeatedly changed;Web Form;TRUE
CMP-0006254;SHP-2026-0245156;2026-12-27 07:55:26;Other;Wrong delivery instructions;Email;TRUE
CMP-0005591;SHP-2026-0223295;2026-11-24 07:57:13;Incorrect Delivery;Other;Phone;TRUE
CMP-0000912;SHP-2025-0036132;2025-05-14 08:53:19;Late Delivery;Long transit time;Phone;TRUE
CMP-0004946;SHP-2026-0198084;2026-09-17 10:56:12;Late Delivery;Long transit time;Phone;TRUE
CMP-0000973;SHP-2025-0038953;2025-05-12 19:37:54;Late Delivery;;Email;TRUE
CMP-0000946;SHP-2025-0037694;2025-05-16 08:03:50;Incorrect Delivery;Other;Email;TRUE
CMP-0001043;SHP-2025-0042178;2025-06-02 18:48:56;Late Delivery;Delivery date repeatedly changed;Phone;TRUE
CMP-0004206;SHP-2026-0168378;2026-06-10 10:15:49;Late Delivery;Delivered after promised date;Email;TRUE
CMP-0005153;SHP-2026-0206926;2026-10-02 00:06:46;Failed Delivery;Repeated delivery attempt;Chat;FALSE
CMP-0004930;SHP-2026-0197449;2026-08-30 03:56:08;Failed Delivery;Courier did not reach customer;Email;TRUE
CMP-0005599;SHP-2026-0223641;2026-11-18 14:41:52;Incorrect Delivery;Wrong delivery instructions;Chat;TRUE
CMP-0003452;SHP-2026-0136258;2026-02-24 20:11:46;Other;Tracking issue;Phone;TRUE
CMP-0001039;SHP-2025-0041956;2025-06-08 04:04:37;Late Delivery;Delivery date repeatedly changed;Phone;TRUE
CMP-0001958;SHP-2025-0078844;2025-09-19 13:41:43;Incorrect Delivery;Tracking issue;Email;TRUE
CMP-0001750;SHP-2025-0069938;2025-08-27 10:25:40;Late Delivery;Long transit time;Phone;TRUE
CMP-0003402;SHP-2026-0134479;2026-02-16 23:45:44;Incorrect Delivery;Other;Chat;TRUE
CMP-0004220;SHP-2026-0168965;2026-07-01 19:36:30;Late Delivery;Delivery date repeatedly changed;Phone;TRUE
CMP-0002767;SHP-2025-0110472;2026-01-04 04:12:24;Late Delivery;Delivered after promised date;Email;TRUE
CMP-0003363;SHP-2026-0132845;2026-02-18 15:28:14;Other;Wrong delivery instructions;Chat;TRUE
CMP-0001461;SHP-2025-0058850;2025-07-08 12:09:37;Other;Wrong delivery instructions;Chat;TRUE
CMP-0004315;SHP-2026-0173499;2026-06-12 00:45:25;Late Delivery;Long transit time;Web Form;TRUE
CMP-0000715;SHP-2025-0028691;2025-05-03 12:23:43;Failed Delivery;Repeated delivery attempt;Web Form;TRUE
CMP-0003532;SHP-2026-0139090;2026-04-06 22:26:15;Late Delivery;Delivery date repeatedly changed;Chat;TRUE
CMP-0002779;SHP-2025-0110785;2025-12-12 13:35:19;Failed Delivery;Customer not available;Email;TRUE
CMP-0003230;SHP-2026-0127025;2026-01-27 09:46:17;Failed Delivery;Courier did not reach customer;Web Form;TRUE
CMP-0006174;SHP-2026-0242655;2026-12-10 21:22:31;Other;Other;Email;TRUE
CMP-0002222;SHP-2025-0089516;2025-10-21 06:05:39;Failed Delivery;Repeated delivery attempt;Phone;TRUE
CMP-0000034;SHP-UNKNOWN-692;2025-01-27 21:50:55;Failed Delivery;Courier did not reach customer;Email;FALSE
CMP-0001785;SHP-2025-0071342;2025-08-23 11:12:14;Incorrect Delivery;Tracking issue;Email;TRUE
CMP-0000418;SHP-2025-0016745;2025-03-19 03:08:38;Late Delivery;Long transit time;Phone;TRUE
CMP-0004528;SHP-2026-0181115;2026-07-22 23:12:53;Late Delivery;Long transit time;Email;TRUE
CMP-0002190;SHP-2025-0088074;2025-10-06 20:29:11;Lost Shipment;Declared lost;Chat;TRUE
CMP-0004027;SHP-2026-0160798;2026-05-13 00:10:02;Incorrect Delivery;Tracking issue;Email;TRUE
CMP-0001967;SHP-2025-0079408;2025-09-03 23:07:04;Failed Delivery;Courier did not reach customer;Web Form;TRUE
CMP-0001386;SHP-2025-0056047;2025-07-26 03:21:34;Other;Wrong delivery instructions;Chat;TRUE
CMP-0000595;SHP-2025-0023631;2025-03-25 14:49:47;Incorrect Delivery;Tracking issue;Email;TRUE
CMP-0002855;SHP-2025-0112945;2025-12-14 15:32:27;Failed Delivery;Repeated delivery attempt;Phone;TRUE
CMP-0005250;SHP-2026-0210387;2026-10-16 19:22:27;Other;Other;Email;TRUE
CMP-0000785;SHP-2025-0031104;2025-04-27 16:54:35;Late Delivery;Delivered after promised date;Phone;TRUE
CMP-0000413;SHP-2025-0016416;2025-04-01 01:39:04;Late Delivery;Delivery date repeatedly changed;Email;FALSE
CMP-0002612;SHP-2025-0104776;2025-11-11 02:18:40;Late Delivery;Delivered after promised date;Web Form;TRUE
CMP-0005649;SHP-2026-0225549;2026-11-29 05:33:58;Late Delivery;Long transit time;Phone;TRUE
CMP-0002874;SHP-2025-0113647;2025-12-22 00:38:21;Damaged Shipment;Contents damaged;Email;TRUE
CMP-0004596;SHP-2026-0183841;2026-07-11 23:28:33;Failed Delivery;Repeated delivery attempt;Email;TRUE
CMP-0002383;SHP-2025-0096317;2025-11-28 01:30:49;Other;Other;Chat;TRUE
CMP-0002296;SHP-2025-0092841;2025-10-29 02:43:19;Late Delivery;Long transit time;Web Form;TRUE
CMP-0004212;SHP-2026-0168697;2026-06-29 04:41:50;Incorrect Delivery;Tracking issue;Phone;TRUE
CMP-0005001;SHP-2026-0200137;2026-09-23 16:10:25;Incorrect Delivery;Other;Email;TRUE
CMP-0002082;SHP-2025-0083803;2025-10-10 08:43:41;Lost Shipment;Shipment not delivered;Phone;TRUE
CMP-0001249;SHP-2025-0050469;2025-06-21 22:05:31;Failed Delivery;Repeated delivery attempt;Email;TRUE
CMP-0003008;SHP-2025-0118211;2025-12-26 20:07:29;Failed Delivery;Delivery unsuccessful;Email;TRUE
CMP-0004351;SHP-2026-0174700;2026-06-17 00:15:41;Other;Tracking issue;Phone;TRUE
CMP-0003517;SHP-2026-0138740;2026-03-29 16:47:06;Late Delivery;Delivery date repeatedly changed;Web Form;TRUE
CMP-0002349;SHP-2025-0094955;2025-11-24 16:03:08;Incorrect Delivery;Tracking issue;Phone;TRUE
CMP-0005884;SHP-2026-0233915;2026-11-29 05:38:34;Failed Delivery;Courier did not reach customer;Web Form;TRUE
CMP-0006081;SHP-2026-0240313;2026-12-20 16:03:57;Late Delivery;Delivered after promised date;Phone;TRUE
CMP-0004694;SHP-2026-0188102;2026-07-26 04:39:11;Incorrect Delivery;Wrong delivery instructions;Phone;TRUE
CMP-0005049;SHP-2026-0201841;2026-09-28 09:24:29;Late Delivery;Delivered after promised date;Web Form;TRUE
CMP-0005374;SHP-2026-0215042;2026-10-26 00:33:59;Other;Other;Web Form;TRUE
CMP-0003983;SHP-2026-0158734;2026-05-10 09:29:08;Failed Delivery;Delivery unsuccessful;Email;TRUE
CMP-0005178;SHP-2026-0207884;2026-09-08 17:32:08;Failed Delivery;Repeated delivery attempt;Phone;TRUE
CMP-0004497;SHP-2026-0179994;2026-07-10 23:17:13;Late Delivery;Long transit time;Web Form;TRUE
CMP-0000439;SHP-2025-0017532;2025-03-18 21:44:12;Damaged Shipment;Packaging failure;Email;FALSE
CMP-0003799;SHP-2026-0150338;2026-01-01 07:14:30;Failed Delivery;Customer not available;Phone;TRUE
CMP-0001092;SHP-2025-0044059;2025-06-18 20:29:44;Failed Delivery;Courier did not reach customer;Email;TRUE
CMP-0001318;SHP-2025-0053267;2025-06-07 13:12:13;Incorrect Delivery;Tracking issue;Email;TRUE
CMP-0005296;SHP-2026-0212507;2026-10-31 11:24:40;Incorrect Delivery;Tracking issue;Web Form;TRUE
CMP-0003554;SHP-2026-0140240;2026-04-05 12:33:51;Failed Delivery;Customer not available;Email;FALSE
CMP-0002637;SHP-2025-0106055;2025-11-23 20:55:27;Other;Other;Email;TRUE
CMP-0006022;SHP-2026-0238518;2026-12-23 06:40:12;Other;Other;Phone;TRUE
CMP-0000532;SHP-2025-0021010;2025-04-02 19:43:06;Failed Delivery;Courier did not reach customer;Web Form;TRUE
CMP-0004509;SHP-2026-0180433;2026-07-09 09:12:26;Incorrect Delivery;Other;Phone;TRUE
CMP-0001789;SHP-2025-0071647;2025-08-09 09:55:13;Late Delivery;Long transit time;Web Form;FALSE
CMP-0006105;SHP-2026-0240739;2026-12-28 05:58:48;Failed Delivery;Customer not available;Web Form;TRUE
CMP-0005786;SHP-2026-0230530;2026-11-15 03:03:31;Late Delivery;Delivered after promised date;Chat;TRUE
CMP-0005899;SHP-2026-0234523;2026-12-29 10:55:25;Late Delivery;Long transit time;Phone;TRUE
CMP-0005486;SHP-2026-0219636;2026-11-04 02:53:55;Late Delivery;Long transit time;Email;TRUE
CMP-0001591;SHP-2025-0064484;2025-08-09 09:22:21;Other;Other;Phone;TRUE
CMP-0006072;SHP-2026-0239996;2026-12-10 22:05:12;Lost Shipment;No tracking progress;Web Form;TRUE
CMP-0005698;SHP-2026-0227554;2026-11-18 00:49:43;Failed Delivery;Repeated delivery attempt;Email;TRUE
CMP-0002712;SHP-2025-0108739;2025-12-12 22:20:41;Late Delivery;Delivery date repeatedly changed;Email;TRUE
CMP-0004175;SHP-2026-0166877;2026-05-06 12:11:35;Late Delivery;Delivery date repeatedly changed;Email;TRUE
CMP-0000929;SHP-2025-0036738;2025-05-28 19:25:05;Other;Tracking issue;Chat;TRUE
CMP-0002115;SHP-2025-0085175;2025-11-04 08:41:10;Late Delivery;Delivered after promised date;Phone;TRUE
CMP-0005107;SHP-2026-0204421;2026-09-24 08:49:56;Other;Other;Web Form;TRUE
CMP-0001084;SHP-2025-0043707;2025-05-09 07:01:54;failed delivery;Delivery unsuccessful;Phone;TRUE
CMP-0003187;SHP-2026-0125048;2026-01-27 19:53:35;Other;Other;Email;FALSE
CMP-0004862;SHP-2026-0194942;2026-09-02 07:59:30;Late Delivery;Delivery date repeatedly changed;Phone;TRUE
CMP-0003066;SHP-2025-0120093;2025-12-18 06:17:25;Late Delivery;Long transit time;Chat;TRUE
CMP-0004739;SHP-2026-0189911;2026-09-01 04:24:32;Late Delivery;Long transit time;Email;TRUE
CMP-0005349;SHP-2026-0214161;2026-10-05 02:35:29;Other;Other;Email;TRUE
CMP-0000966;SHP-2025-0038812;2025-05-29 16:13:24;Failed Delivery;Repeated delivery attempt;Chat;TRUE
CMP-0005091;SHP-2026-0203643;2026-09-19 20:51:05;Failed Delivery;Customer not available;Phone;TRUE
CMP-0000016;SHP-2025-0000749;2025-01-11 10:16:57;Late Delivery;Delivered after promised date;Phone;TRUE
CMP-0001555;SHP-2025-0063006;2025-07-31 02:55:04;Incorrect Delivery;Wrong delivery instructions;Phone;TRUE
CMP-0004113;SHP-2026-0164440;2026-05-28 20:31:06;Late Delivery;Long transit time;Email;TRUE
CMP-0001548;SHP-2025-0062259;2025-07-10 07:19:51;Late Delivery;Delivered after promised date;Email;TRUE
CMP-0000965;SHP-2025-0038739;2025-05-30 02:25:04;Late Delivery;Long transit time;Email;TRUE
CMP-0002184;SHP-2025-0087479;2025-10-26 19:31:24;Late Delivery;Delivery date repeatedly changed;Email;TRUE
CMP-0004683;SHP-2026-0187646;2026-07-13 04:11:34;Incorrect Delivery;Tracking issue;Phone;TRUE
CMP-0005851;SHP-2026-0232764;2026-11-07 14:00:24;Late Delivery;Delivered after promised date;Email;TRUE
CMP-0004167;SHP-2026-0166702;2026-05-06 04:25:34;Incorrect Delivery;Wrong delivery instructions;Phone;TRUE
CMP-0004653;SHP-2026-0186076;2026-07-09 14:06:59;Late Delivery;Long transit time;Email;TRUE
CMP-0006148;SHP-2026-0241973;2026-12-23 00:46:29;Late Delivery;Delivered after promised date;Web Form;TRUE
CMP-0003346;SHP-2026-0132168;2026-02-26 20:53:54;Lost Shipment;Shipment not delivered;Email;TRUE
CMP-0005810;SHP-2026-0231201;2026-12-03 14:14:37;Late Delivery;Delivered after promised date;Chat;TRUE
CMP-0005876;SHP-2026-0233598;2026-12-01 23:03:26;Failed Delivery;Courier did not reach customer;Web Form;TRUE
CMP-0002556;SHP-2025-0103040;2025-11-21 04:22:03;Late Delivery;Long transit time;Email;TRUE
CMP-0001214;SHP-2025-0048958;2025-06-05 15:48:02;Late Delivery;Long transit time;Email;TRUE
CMP-0005341;SHP-2026-0213937;2026-10-31 04:20:58;Other;Tracking issue;Chat;TRUE
CMP-0004532;SHP-2026-0181285;2026-07-23 18:14:34;Incorrect Delivery;Other;Chat;TRUE
CMP-0004111;SHP-2026-0164271;2026-05-20 21:37:50;Other;Other;Email;TRUE
CMP-0005518;SHP-2026-0220627;2026-10-11 22:00:24;Failed Delivery;Customer not available;Web Form;TRUE
CMP-0003571;SHP-2026-0141089;2026-03-14 00:09:32;Other;Tracking issue;Email;TRUE
CMP-0003774;SHP-2026-0149153;2026-04-02 14:18:48;Incorrect Delivery;Tracking issue;Email;TRUE
CMP-0005055;SHP-2026-0202239;2026-09-18 03:05:44;Other;Other;Chat;FALSE
CMP-0003105;SHP-2025-0121226;2026-01-07 10:45:39;Late Delivery;Delivery date repeatedly changed;Chat;TRUE
CMP-0002696;SHP-2025-0108318;2026-01-02 13:27:16;Late Delivery;Delivered after promised date;Phone;TRUE
CMP-0004069;SHP-2026-0162442;2026-05-08 06:17:12;Late Delivery;Delivery date repeatedly changed; Email ;TRUE
CMP-0004403;SHP-2026-0176748;2026-06-27 09:04:35;Failed Delivery;Repeated delivery attempt;Web Form;TRUE
CMP-0001525;SHP-2025-0061172;2025-07-20 04:54:49;Late Delivery;Long transit time;Chat;TRUE
CMP-0004648;SHP-2026-0185917;2026-07-12 21:56:14;Other;Wrong delivery instructions;Chat;TRUE
CMP-0005459;SHP-2026-0218627;2026-10-19 23:57:10;Incorrect Delivery;Other;Phone;TRUE
CMP-0002520;SHP-2025-0101737;2025-11-29 20:51:20;Late Delivery;Delivery date repeatedly changed;Web Form;TRUE
CMP-0004847;SHP-2026-0194437;2026-08-10 03:27:59;Failed Delivery;Repeated delivery attempt;Email;TRUE
CMP-0003603;SHP-2026-0142793;2026-03-31 06:30:51;Late Delivery;Delivery date repeatedly changed;Phone;TRUE
CMP-0000693;SHP-2025-0027823;2025-04-24 09:15:56;Failed Delivery;Delivery unsuccessful;Web Form;TRUE
CMP-0001112;SHP-2025-0045164;2025-06-28 14:20:02;Incorrect Delivery;Wrong delivery instructions;Phone;TRUE
CMP-0006295;SHP-2026-0246581;2026-12-12 21:52:36;Late Delivery;Delivery date repeatedly changed;Email;TRUE
CMP-0000013;SHP-2025-0000596;2025-01-09 04:06:20;Late Delivery;Delivery date repeatedly changed;Email;TRUE
CMP-0002220;SHP-2025-0089289;2025-10-13 22:05:17;Other;Other;Phone;TRUE
CMP-0003814;SHP-2026-0151147;2026-05-07 12:33:46;Other;Tracking issue;Chat;TRUE
CMP-0005216;SHP-2026-0209016;2026-10-21 11:20:35;Other;Other;Chat;TRUE
CMP-0000039;SHP-2025-0001747;2025-01-07 07:47:50;Lost Shipment;Declared lost;Email;TRUE
CMP-0000533;SHP-2025-0021018;2025-03-05 20:30:21;Incorrect Delivery;Tracking issue;Web Form;TRUE
CMP-0004045;SHP-2026-0161595;2026-05-17 14:37:09;Failed Delivery;Customer not available;Web Form;TRUE
CMP-0004085;SHP-2026-0163169;2026-05-07 19:58:49;Late Delivery;Delivery date repeatedly changed;Phone;TRUE
CMP-0003320;SHP-2026-0130884;2026-03-03 05:17:55;Damaged Shipment;Contents damaged;Email;FALSE
CMP-0000229;SHP-2025-0009493;2025-03-01 09:28:21;Lost Shipment;No tracking progress;Email;TRUE
CMP-0002386;SHP-2025-0096472;2025-11-10 01:22:33;Other;Other;Web Form;TRUE
CMP-0000136;SHP-2025-0005707;2025-01-17 17:27:20;Incorrect Delivery;Tracking issue;Email;FALSE
CMP-0005736;SHP-2026-0228874;2026-11-10 18:54:23;Incorrect Delivery;Tracking issue;Email;FALSE
CMP-0002063;SHP-2025-0083350;2025-10-31 08:32:04;Incorrect Delivery;Other;Email;TRUE
CMP-0004795;SHP-2026-0191859;2026-08-20 13:32:08;Incorrect Delivery;Other;Phone;TRUE
CMP-0002889;SHP-2025-0114072;2025-12-15 22:26:51;Late Delivery;Delivered after promised date;Chat;TRUE
CMP-0004550;SHP-2026-0182095;2026-07-22 04:39:47;Failed Delivery;Delivery unsuccessful;Email;TRUE
CMP-0001429;SHP-2025-0057696;2025-07-24 18:59:13;Late Delivery;Delivery date repeatedly changed;Email;TRUE
CMP-0000137;SHP-2025-0005712;2025-02-07 14:24:47;Late Delivery;Delivery date repeatedly changed;Chat;TRUE
CMP-0004266;SHP-2026-0171105;2026-06-23 19:09:28;Incorrect Delivery;Tracking issue;Phone;TRUE
CMP-0004760;SHP-2026-0190862;2026-08-12 02:01:32;Damaged Shipment;Package damaged;Phone;TRUE
CMP-0004785;SHP-2026-0191712;2026-08-22 13:33:00;Other;Wrong delivery instructions;Phone;TRUE
CMP-0000417;SHP-2025-0016482;2025-03-10 12:06:27;Late Delivery;Long transit time;Phone;TRUE
CMP-0004125;SHP-2026-0164992;2026-06-08 01:22:38;Late Delivery;Delivered after promised date;Email;TRUE
CMP-0004244;SHP-2026-0170419;2026-07-04 04:14:35;Failed Delivery;Courier did not reach customer;Phone;TRUE
CMP-0005151;SHP-2026-0206892;2026-09-26 00:57:40;Failed Delivery;Repeated delivery attempt;Phone;TRUE
CMP-0000001;SHP-2025-0000050;2025-02-04 14:41:18;Late Delivery;Delivery date repeatedly changed;Email;TRUE
CMP-0004794;SHP-2026-0191840;2026-09-03 19:08:36;Failed Delivery;Repeated delivery attempt;Email;TRUE
CMP-0001186;SHP-2025-0047609;2025-07-01 01:54:24;Failed Delivery;Customer not available;Web Form;TRUE
CMP-0003890;SHP-2026-0154261;2026-04-14 15:42:10;Other;Other;Phone;TRUE
CMP-0005347;SHP-2026-0214084;2026-10-17 07:27:32;Failed Delivery;Repeated delivery attempt;Chat;TRUE
CMP-0003423;SHP-2026-0135295;2026-02-15 11:45:49;Failed Delivery;Repeated delivery attempt;Phone;TRUE
CMP-0005303;SHP-2026-0212840;2026-10-07 05:40:12;Failed Delivery;Courier did not reach customer;Web Form;FALSE
CMP-0004487;SHP-2026-0179747;2026-07-18 02:54:37;Other;Wrong delivery instructions;Phone;TRUE
CMP-0005236;SHP-2026-0209767;2026-10-08 06:12:16;Failed Delivery;Delivery unsuccessful;Chat;TRUE
CMP-0002370;SHP-2025-0095858;2025-11-18 19:47:18;Failed Delivery;Courier did not reach customer;Email;TRUE
CMP-0000041;SHP-2025-0001780;2025-01-22 16:57:38;Other;Wrong delivery instructions;Phone;FALSE
CMP-0002512;SHP-2025-0101427;2025-12-05 00:13:31;Incorrect Delivery;Tracking issue;Phone;TRUE
CMP-0000622;SHP-2025-0024617;2025-03-09 08:38:31;Failed Delivery;Returned to sender;Web Form;TRUE
CMP-0002300;SHP-2025-0093013;2025-10-19 21:54:54;Other;Tracking issue;Phone;TRUE
CMP-0001725;SHP-2025-0069263;2025-08-22 09:40:22;Incorrect Delivery;Wrong delivery instructions;Email;TRUE
CMP-0000345;SHP-2025-0014075;2025-03-05 09:25:44;Failed Delivery;Customer not available;Phone;TRUE
CMP-0001398;SHP-2025-0056404;2025-07-09 12:48:32;Failed Delivery;Courier did not reach customer;Phone;TRUE
CMP-0001956;SHP-2025-0078661;2025-10-04 03:56:26;Incorrect Delivery;Tracking issue;Email;TRUE
CMP-0001528;SHP-2025-0061430;2025-07-20 22:36:31;Failed Delivery;Repeated delivery attempt;Web Form;TRUE
CMP-0005497;SHP-2026-0220025;2026-10-25 19:49:29;Incorrect Delivery;Tracking issue;Phone;TRUE
CMP-0000656;SHP-2025-0025883;2025-04-29 13:59:00;Late Delivery;Delivery date repeatedly changed;Email;TRUE
CMP-0004158;SHP-2026-0166139;2026-05-29 17:47:07;Incorrect Delivery;Other;Phone;TRUE
CMP-0003623;SHP-2026-0143904;2026-03-24 21:43:51;Incorrect Delivery;Tracking issue;Phone;TRUE
CMP-0000967;SHP-2025-0038819;2025-05-07 16:27:42;Incorrect Delivery;Other;Email;TRUE
CMP-0003040;SHP-2025-0119499;2025-12-06 20:09:37;Incorrect Delivery;Wrong delivery instructions;Web Form;TRUE
CMP-0004584;SHP-2026-0183242;2026-08-04 08:28:45;Damaged Shipment;Packaging failure;Email;TRUE
CMP-0005452;SHP-2026-0218162;2026-10-24 21:58:31;Other;Tracking issue;Web Form;FALSE
CMP-0005273;SHP-2026-0211470;2026-10-18 16:35:55;Other;Tracking issue;Web Form;TRUE
CMP-0001642;SHP-2025-0066291;2025-08-14 05:30:59;Failed Delivery;Repeated delivery attempt;Web Form;TRUE
CMP-0002922;SHP-2025-0115116;2026-01-04 14:40:21;Late Delivery;Delivered after promised date;Phone;TRUE
CMP-0001692;SHP-2025-0067945;2025-08-21 05:15:13;Late Delivery;Long transit time;Phone;TRUE
CMP-0005836;SHP-2026-0232109;2026-11-19 22:13:26;Failed Delivery;Courier did not reach customer;Email;TRUE
CMP-0005945;SHP-2026-0236024;2026-12-13 20:02:12;Late Delivery;Long transit time;Phone;TRUE
CMP-0001707;SHP-2025-0068600;2025-08-04 20:13:24;Other;Tracking issue;Email;TRUE
CMP-0003739;SHP-2026-0148072;2026-04-29 21:12:20;Other;Other;Phone;TRUE
CMP-0002775;SHP-2025-0110680;2025-12-21 03:42:40;Incorrect Delivery;Tracking issue;Phone;TRUE
CMP-0000639;SHP-2025-0025398;2025-04-13 22:02:25;Failed Delivery;Returned to sender;Phone;TRUE
CMP-0004973;SHP-2026-0199135;2026-09-14 14:32:27;Failed Delivery;Courier did not reach customer;Email;FALSE
CMP-0003717;SHP-2026-0147376;2026-03-15 14:13:06;Incorrect Delivery;Other;Chat;TRUE
CMP-0000974;SHP-2025-0038960;2025-05-17 00:36:44;Late Delivery;Long transit time; Chat ;TRUE
CMP-0004981;SHP-2026-0199496;2026-09-23 23:48:28;Failed Delivery;Courier did not reach customer;Email;TRUE
CMP-0001061;SHP-2025-0042646;2025-05-27 02:25:26;Incorrect Delivery;Other; Email ;TRUE
CMP-0005312;SHP-2026-0213145;2026-10-12 09:19:29;Other;Other;Email;TRUE
CMP-0005697;SHP-2026-0227425;2026-11-24 03:42:48;Failed Delivery;Delivery unsuccessful;Email;FALSE
CMP-0005598;SHP-2026-0223592;2026-11-05 16:25:40;Other;Other;Email;TRUE
CMP-0005214;SHP-2026-0208974;2026-10-11 01:16:51;Late Delivery;Delivered after promised date;Email;TRUE
CMP-0005357;SHP-2026-0214279;2026-10-21 04:26:51;Incorrect Delivery;Other;Phone;TRUE
CMP-0005595;SHP-2026-0223517;2026-11-14 10:41:23;Incorrect Delivery;Other;Web Form;TRUE
CMP-0004518;SHP-2026-0180703;2026-07-22 22:50:30;Other;Tracking issue;Chat;TRUE
CMP-0001117;SHP-2025-0045428;2025-07-04 06:51:42;Late Delivery;Delivered after promised date;Phone;TRUE
CMP-0000749;SHP-2025-0029553;2025-05-02 16:14:59;Lost Shipment;Shipment not delivered;Email;TRUE
CMP-0006316;SHP-2026-0247414;2026-12-14 15:58:03;Incorrect Delivery;Tracking issue;Web Form;TRUE
CMP-0006003;SHP-2026-0238017;2026-12-18 03:39:43;Late Delivery;Delivery date repeatedly changed;Email;TRUE
CMP-0003146;SHP-2026-0123286;2026-02-03 10:03:48;Failed Delivery;Customer not available;Phone;TRUE
CMP-0000335;SHP-2025-0013597;2025-02-25 04:40:12;Late Delivery;Delivery date repeatedly changed;Phone;TRUE
CMP-0002412;SHP-2025-0098002;2025-11-13 02:37:26;Late Delivery;Long transit time;Web Form;TRUE
CMP-0005513;SHP-2026-0220493;2026-10-06 10:46:00;Incorrect Delivery;Tracking issue;Email;TRUE
CMP-0002071;SHP-2025-0083415;2025-10-30 10:01:21;Late Delivery;Delivered after promised date;Chat;TRUE
CMP-0001442;SHP-2025-0058058;2025-07-26 14:54:55;Failed Delivery;Repeated delivery attempt;Phone;TRUE
CMP-0001297;SHP-2025-0052233;2025-06-08 06:23:20;Damaged Shipment;Contents damaged;Web Form;TRUE
CMP-0003255;SHP-2026-0128213;2026-02-08 02:23:51;Late Delivery;Delivered after promised date;Chat;TRUE
CMP-0005749;SHP-2026-0229321;2026-11-08 18:42:19;Late Delivery;Delivery date repeatedly changed;Email;TRUE
CMP-0003813;SHP-2026-0151106;2026-04-08 11:16:07;Lost Shipment;Declared lost;Web Form;TRUE
CMP-0000936;SHP-2025-0037076;2025-05-12 04:29:53;Late Delivery;Delivery date repeatedly changed;Email;TRUE
CMP-0003430;SHP-2026-0135447;2026-02-06 05:23:16;Other;Tracking issue;Email;TRUE
CMP-0002357;SHP-2025-0095226;2025-11-20 08:05:12;Other;Other;Phone;TRUE
CMP-0003680;SHP-2026-0145838;2026-03-13 01:26:01;Lost Shipment;No tracking progress;Email;TRUE
CMP-0003920;SHP-2026-0155408;2026-04-28 19:24:11;Lost Shipment;Shipment not delivered;Phone;TRUE
CMP-0004872;SHP-2026-0195320;2026-08-19 14:01:59;Other;Other;Email;TRUE
CMP-0005154;SHP-2026-0206941;2026-01-02 05:41:38;Failed Delivery;Courier did not reach customer;Web Form;TRUE
CMP-0000635;SHP-2025-0025212;2025-04-16 18:27:51;Failed Delivery;Customer not available;Web Form;TRUE
CMP-0000082;SHP-2025-0003169;2025-01-21 11:12:17;Lost Shipment;Shipment not delivered;Email;TRUE
CMP-0001522;SHP-2025-0061051;2025-07-16 06:00:30;Other;Other;Phone;TRUE
CMP-0003592;SHP-2026-0142249;2026-03-21 15:13:49;Incorrect Delivery;Wrong delivery instructions;Web Form;TRUE
CMP-0004931;SHP-2026-0197546;2026-08-09 12:38:17;Incorrect Delivery;Tracking issue;Email;FALSE
CMP-0001954;SHP-2025-0078563;2025-09-30 01:39:40;Failed Delivery;Customer not available;Email;TRUE
CMP-0001992;SHP-2025-0080624;2025-10-02 14:34:21;Damaged Shipment;Packaging failure;Chat;TRUE
CMP-0001618;SHP-2025-0065331;2025-08-18 05:59:27;Lost Shipment;Shipment not delivered;Phone;TRUE
CMP-0002463;SHP-2025-0099553;2025-11-15 05:32:46;Other;Other;Chat;FALSE
CMP-0005027;SHP-2026-0201232;2026-09-22 09:58:26;Failed Delivery;Customer not available;Phone;TRUE
CMP-0002929;SHP-2025-0115235;2025-12-31 01:48:41;Failed Delivery;Repeated delivery attempt;Web Form;TRUE
CMP-0001557;SHP-2025-0063010;2025-07-22 09:32:43;Failed Delivery;Returned to sender;Chat;TRUE
CMP-0000746;SHP-2025-0029513;2025-05-06 22:16:22;Late Delivery;Delivery date repeatedly changed;Email;FALSE
CMP-0003287;SHP-2026-0129390;2026-02-02 19:36:21;Late Delivery;Delivered after promised date;Phone;TRUE
CMP-0000174;SHP-2025-0007054;2025-01-26 13:57:13;Damaged Shipment;Contents damaged;Web Form;TRUE
CMP-0001984;SHP-2025-0080361;2025-09-29 16:59:38;Other;Tracking issue;Email;TRUE
CMP-0002737;SHP-2025-0109407;2026-01-03 09:09:04;Failed Delivery;Courier did not reach customer;Chat;TRUE
CMP-0003466;SHP-2026-0136774;2026-02-16 20:01:06;Incorrect Delivery;Other;Phone;FALSE
CMP-0004828;SHP-2026-0193477;2026-09-03 09:44:16;Incorrect Delivery;Tracking issue;Email;TRUE
CMP-0002135;SHP-2025-0085701;2025-10-20 19:26:11;Damaged Shipment;Package damaged;Phone;TRUE
CMP-0002150;SHP-2025-0086133;2025-10-05 07:50:09;Late Delivery;Delivery date repeatedly changed;Web Form;TRUE
CMP-0003630;SHP-2026-0144212;2026-03-10 05:36:03;Late Delivery;Long transit time;Chat;TRUE
CMP-0002007;SHP-2025-0081049;2025-09-23 02:59:49;Incorrect Delivery;Wrong delivery instructions;Web Form;TRUE
CMP-0004994;SHP-2026-0199916;2026-09-17 17:39:26;Other;Wrong delivery instructions;Web Form;TRUE
CMP-0000666;SHP-2025-0026316;2025-04-18 16:33:14;Late Delivery;Delivered after promised date;Email;TRUE
CMP-0003267;SHP-2026-0128985;2026-02-01 16:46:08;Late Delivery;Long transit time;Phone;TRUE
CMP-0006006;SHP-2026-0238191;2027-01-01 22:03:49;Late Delivery;Delivered after promised date;Web Form;TRUE
CMP-0006092;SHP-2026-0240517;2027-01-04 11:46:33;Late Delivery;Delivered after promised date;Email;FALSE
CMP-0002935;SHP-2025-0115344;2025-12-04 11:55:21;Failed Delivery;Customer not available;Phone;TRUE
CMP-0004483;SHP-2026-0179646;2026-07-14 22:37:58;Late Delivery;Long transit time;Email;TRUE
CMP-0002969;SHP-2025-0116841;2025-12-22 15:10:21;Failed Delivery;Returned to sender;Web Form;TRUE
CMP-0002859;SHP-2025-0113007;2025-12-17 14:54:07;Late Delivery;Long transit time;Chat;TRUE
CMP-0002159;SHP-2025-0086378;2025-11-04 10:18:17;Other;Tracking issue;Phone;TRUE
CMP-0004084;SHP-2026-0163139;2026-05-18 20:22:42;Other;Other;Phone;TRUE
CMP-0005873;SHP-2026-0233488;2026-12-08 06:39:16;Failed Delivery;Customer not available;Web Form;TRUE
CMP-0004355;SHP-2026-0174946;2026-07-03 20:19:13;Failed Delivery;Repeated delivery attempt;Email;TRUE
CMP-0000640;SHP-2025-0025459;2025-04-19 05:16:09;Incorrect Delivery;Tracking issue;Email;TRUE
CMP-0000078;SHP-2025-0003091;2025-01-23 06:30:10;Other;Other;Chat;TRUE
CMP-0005813;SHP-2026-0231290;2026-11-20 00:18:25;Late Delivery;Long transit time;Phone;TRUE
CMP-0005188;SHP-2026-0208251;2026-09-26 16:11:54;Damaged Shipment;Package damaged;Phone;TRUE
CMP-0006019;SHP-2026-0238465;2026-12-18 16:01:56;Late Delivery;Delivered after promised date;Chat;TRUE
CMP-0004758;SHP-2026-0190752;2026-08-28 22:39:39;Late Delivery;Delivered after promised date;Email;TRUE
CMP-0003376;SHP-2026-0133073;2026-02-15 00:40:08;Incorrect Delivery;Wrong delivery instructions;Chat;TRUE
CMP-0001049;SHP-2025-0042380;2025-05-25 07:36:27;Late Delivery;Delivery date repeatedly changed;Email;TRUE
CMP-0001096;SHP-2025-0044221;2025-06-11 20:44:19;Failed Delivery;Customer not available;Email;TRUE
CMP-0003095;SHP-2025-0121046;2025-12-07 19:35:55;Late Delivery;Delivered after promised date;Phone;TRUE
CMP-0000607;SHP-2025-0024140;2025-03-04 09:11:52;Other;Other;Chat;TRUE
CMP-0005819;SHP-2026-0231482;2026-11-12 20:05:12;Incorrect Delivery;Tracking issue;Email;TRUE
CMP-0005375;SHP-2026-0215191;2026-10-24 17:25:11;Incorrect Delivery;Wrong delivery instructions;Web Form;TRUE
CMP-0003515;SHP-2026-0138709;2026-03-15 14:12:19;Failed Delivery;Repeated delivery attempt;Chat;TRUE
CMP-0000907;SHP-2025-0036028;2025-05-08 20:20:26;Incorrect Delivery;Tracking issue;Email;TRUE
CMP-0005021;SHP-2026-0200932;2026-10-02 23:17:23;Failed Delivery;Courier did not reach customer;Phone;TRUE
CMP-0003334;SHP-2026-0131731;2026-03-04 23:57:05;Late Delivery;Long transit time;Web Form;TRUE
CMP-0002480;SHP-2025-0100445;2025-11-30 12:18:34;Late Delivery;Long transit time;Web Form;TRUE
CMP-0002821;SHP-2025-0112061;2025-12-08 03:26:16;Incorrect Delivery;Tracking issue;Phone;TRUE
CMP-0002664;SHP-2025-0107313;2026-01-06 07:30:55;Late Delivery;Long transit time;Chat;TRUE
CMP-0004178;SHP-2026-0166991;2026-06-04 04:14:11;Late Delivery;Long transit time;Web Form;TRUE
CMP-0001609;SHP-2025-0065066;2025-08-22 20:09:39;Incorrect Delivery;Wrong delivery instructions;Phone;TRUE
CMP-0006045;SHP-2026-0239246;2026-12-12 20:17:39;Late Delivery;Long transit time;Email;TRUE
CMP-0005194;SHP-2026-0208399;2026-09-25 10:58:31;Lost Shipment;Shipment not delivered;Email;TRUE
CMP-0001011;SHP-2025-0040835;2025-05-31 12:43:43;Other;Other;Web Form;TRUE
CMP-0002899;SHP-2025-0114236;2025-12-11 20:37:08;Late Delivery;Delivery date repeatedly changed;Email;TRUE
CMP-0005229;SHP-2026-0209511;2026-10-16 00:13:25;Incorrect Delivery;Wrong delivery instructions;Web Form;TRUE
CMP-0003005;SHP-2025-0118118;2026-01-04 15:12:53;Late Delivery;Long transit time;Phone;TRUE
CMP-0000240;SHP-2025-0009799;2025-02-22 23:12:35;Other;Other; Email ;TRUE
CMP-0001757;SHP-2025-0070204;2025-08-05 12:42:41;Other;Tracking issue;Email;TRUE
CMP-0001524;SHP-2025-0061081;2025-07-30 20:56:00;Late Delivery;Delivered after promised date;Email;TRUE
CMP-0005541;SHP-2026-0221660;2026-11-14 16:28:43;Late Delivery;Long transit time;Email;TRUE
CMP-0000387;SHP-2025-0015697;2025-02-12 07:31:22;Late Delivery;Delivered after promised date;Phone;TRUE
CMP-0003253;SHP-2026-0127906;2026-01-27 10:21:31;Failed Delivery;Customer not available;Chat;TRUE
CMP-0000687;SHP-2025-0027585;2025-04-07 23:19:35;Late Delivery;Delivery date repeatedly changed;Phone;TRUE
CMP-0001649;SHP-2025-0066499;2025-08-18 11:01:43;Late Delivery;Delivery date repeatedly changed;Phone;TRUE
CMP-0003045;SHP-2025-0119692;2025-12-23 18:58:49;Late Delivery;Delivery date repeatedly changed;Email;TRUE
CMP-0006381;SHP-2026-0249574;2026-12-24 12:14:58;Incorrect Delivery;Tracking issue;Email;TRUE
CMP-0001713;SHP-2025-0068770;2025-08-22 09:19:12;Other;Tracking issue;Web Form;TRUE
CMP-0001300;SHP-2025-0052250;2025-06-23 09:18:16;Late Delivery;Delivered after promised date;Phone;TRUE
CMP-0003850;SHP-2026-0152292;2026-04-26 11:02:17;Late Delivery;Delivery date repeatedly changed;Phone;TRUE
CMP-0006159;SHP-2026-0242300;2026-12-31 23:43:21;Damaged Shipment;Contents damaged;Email;FALSE
CMP-0001247;SHP-2025-0050437;2025-06-25 17:40:59;Other;Tracking issue;Email;TRUE
CMP-0001019;SHP-2025-0041211;2025-05-11 05:06:05;Incorrect Delivery;Other;Phone;TRUE
CMP-0005606;SHP-2026-0223815;2026-12-05 01:30:07;Other;Wrong delivery instructions;Phone;TRUE
CMP-0000045;SHP-2025-0001943;2025-01-07 12:14:07;Other;Tracking issue;Web Form;TRUE
CMP-0000759;SHP-2025-0029809;2025-04-23 21:30:04;Late Delivery;Delivery date repeatedly changed;Phone;TRUE
CMP-0004514;SHP-2026-0180595;2026-07-19 11:45:01;Incorrect Delivery;Tracking issue;Phone;TRUE
CMP-0006379;SHP-2026-0249489;2026-12-17 09:11:13;Late Delivery;Long transit time;Phone;TRUE
CMP-0001966;SHP-2025-0079408;2025-09-03 19:22:21;Failed Delivery;Courier did not reach customer;Phone;TRUE
CMP-0001858;SHP-2025-0073870;2025-09-14 18:07:04;Late Delivery;Delivery date repeatedly changed;Email;TRUE
CMP-0004431;SHP-2026-0177838;2026-06-07 22:08:20;Other;Wrong delivery instructions;Web Form;TRUE
CMP-0005197;SHP-2026-0208455;2026-09-26 13:07:50;Incorrect Delivery;Tracking issue;Email;TRUE
CMP-0003581;SHP-2026-0141665;2026-03-14 21:52:10;Late Delivery;Delivery date repeatedly changed;Email;TRUE
CMP-0004363;SHP-2026-0175222;2026-06-27 15:23:45;Incorrect Delivery;Wrong delivery instructions;Email;TRUE
CMP-0004556;SHP-2026-0182350;2026-07-16 17:42:04;Failed Delivery;Courier did not reach customer;Phone;TRUE
CMP-0002687;SHP-2025-0108051;2025-12-29 17:38:06;Late Delivery;Delivered after promised date;Email;TRUE
CMP-0003446;SHP-2026-0136220;2026-02-22 01:52:53;Late Delivery;Delivered after promised date;Web Form;TRUE
CMP-0002641;SHP-2025-0106187;2025-11-08 01:41:22;Late Delivery;Long transit time;Chat;TRUE
CMP-0004730;SHP-2026-0189714;2026-08-17 13:37:02;Failed Delivery;Customer not available;Email;TRUE
CMP-0000022;SHP-2025-0001136;2025-01-27 13:16:10;Damaged Shipment;Package damaged;Email;TRUE
CMP-0000107;SHP-2025-0004490;2025-01-29 05:17:35;Incorrect Delivery;Tracking issue;Web Form;TRUE
CMP-0005436;SHP-2026-0217524;2026-10-16 02:14:27;Other;Tracking issue;Web Form;TRUE
CMP-0001851;SHP-2025-0073564;2025-09-21 04:06:41;Late Delivery;Delivery date repeatedly changed;Web Form;TRUE
CMP-0001080;SHP-2025-0043609;2025-05-29 01:56:38;Late Delivery;Delivered after promised date;Email;TRUE
CMP-0005604;SHP-2026-0223810;2026-11-24 18:22:03;Incorrect Delivery;Tracking issue;Phone;TRUE
CMP-0004789;SHP-2026-0191740;2026-08-18 05:16:19;Other;Tracking issue;Phone;TRUE
CMP-0002181;SHP-2025-0087311;2025-10-23 19:18:24;Late Delivery;Delivered after promised date;Phone;TRUE
CMP-0005507;SHP-2026-0220370;2026-10-12 19:16:57;Late Delivery;Delivered after promised date;Email;TRUE
CMP-0000860;SHP-2025-0034050;2025-04-30 10:05:03;Incorrect Delivery;Other;Phone;TRUE
CMP-0005165;SHP-2026-0207282;2026-10-01 15:07:02;Incorrect Delivery;Other;Email;TRUE
CMP-0000321;SHP-2025-0013082;2025-02-20 13:11:05;Lost Shipment;Shipment not delivered;Web Form;TRUE
CMP-0001881;SHP-2025-0075114;2025-09-24 17:45:03;Late Delivery;Long transit time;Phone;TRUE
CMP-0005318;SHP-2026-0213242;2026-10-07 04:59:33;Late Delivery;Delivery date repeatedly changed;Phone;TRUE
CMP-0005334;SHP-2026-0213684;2026-10-11 08:54:19;Other;Tracking issue;Email;TRUE
CMP-0005405;SHP-2026-0216178;2026-10-25 00:46:26;Failed Delivery;Repeated delivery attempt;Email;TRUE
CMP-0003303;SHP-2026-0130283;2026-02-25 07:22:02;Other;Wrong delivery instructions;Email;TRUE
CMP-0004894;SHP-2026-0196170;2026-08-09 05:49:03;Incorrect Delivery;Other;Web Form;TRUE
CMP-0005124;SHP-2026-0205145;2026-09-28 18:21:53;Incorrect Delivery;Tracking issue;Web Form;TRUE
CMP-0001554;SHP-2025-0062972;2025-08-01 13:22:18;Late Delivery;Long transit time;Email;TRUE
CMP-0001041;SHP-2025-0042018;2025-05-14 06:16:58;Other;Wrong delivery instructions;Web Form;TRUE
CMP-0002064;SHP-2025-0083351;2025-10-24 14:50:39;Failed Delivery;Repeated delivery attempt;Web Form;TRUE
CMP-0004493;SHP-2026-0179912;2026-07-28 20:01:41;Other;Wrong delivery instructions;Web Form;TRUE
CMP-0001658;SHP-2025-0066863;2025-08-26 04:11:05;Failed Delivery;Customer not available;Email;TRUE
CMP-0002094;SHP-2025-0084201;2025-10-31 07:50:52;Failed Delivery;Repeated delivery attempt;Web Form;TRUE
CMP-0000371;SHP-2025-0015047;2025-02-27 15:22:43;Failed Delivery;Repeated delivery attempt;Web Form;TRUE
CMP-0000403;SHP-2025-0016074;2025-03-10 06:41:27;Late Delivery;Delivery date repeatedly changed;Phone;TRUE
CMP-0000855;SHP-2025-0033522;2025-04-27 08:05:32;Other;Other;Phone;TRUE
CMP-0001598;SHP-2025-0064688;2025-08-29 21:54:05;Incorrect Delivery;Tracking issue;Email;TRUE
CMP-0004207;SHP-2026-0168437;2026-07-03 12:19:16;Late Delivery;Long transit time;Web Form;TRUE
CMP-0001559;SHP-2025-0063147;2025-07-30 08:37:47;Late Delivery;Delivery date repeatedly changed;Chat;TRUE
CMP-0002246;SHP-2025-0090413;2025-10-27 14:45:08;Late Delivery;Delivered after promised date;Chat;TRUE
CMP-0002131;SHP-2025-0085548;2025-10-18 23:58:46;Incorrect Delivery;Tracking issue;Email;TRUE
CMP-0002681;SHP-2025-0107965;2025-12-15 08:37:11;Failed Delivery;Repeated delivery attempt;Web Form;TRUE
CMP-0005794;SHP-2026-0230694;2026-11-17 20:31:27;Incorrect Delivery;Tracking issue;Phone;TRUE
CMP-0002666;SHP-2025-0107324;2025-12-12 08:24:08;Failed Delivery;Returned to sender;Email;TRUE
CMP-0004272; SHP-2026-0171344 ;2026-06-30 22:18:46;Failed Delivery;Returned to sender;Email;TRUE
CMP-0003633;SHP-2026-0144326;2026-03-09 22:46:09;Failed Delivery;Customer not available;Web Form;TRUE
CMP-0003977;SHP-2026-0158516;2026-05-20 06:55:52;Other;Wrong delivery instructions;Phone;TRUE
CMP-0000043;SHP-2025-0001815;2025-01-15 10:26:33;Late Delivery;Delivery date repeatedly changed;Chat;TRUE
CMP-0005694;SHP-2026-0227356;2026-11-19 15:19:01;Other;Wrong delivery instructions;Email;TRUE
CMP-0003473;SHP-2026-0136884;2026-02-13 00:21:32;Other;Tracking issue;Email;TRUE
CMP-0003708;SHP-2026-0147052;2026-03-30 13:38:08;Failed Delivery;Courier did not reach customer;Phone;TRUE
CMP-0005052;SHP-2026-0202100;2026-09-24 21:48:34;Failed Delivery;Repeated delivery attempt;Phone;TRUE
CMP-0004923;SHP-2026-0197192;2026-08-21 18:21:38;Incorrect Delivery;Other;Email;TRUE
CMP-0002020;SHP-2025-0081308;2025-10-01 14:09:21;Late Delivery;Delivered after promised date;Web Form;TRUE
CMP-0004777;SHP-2026-0191461;2026-08-05 02:02:47;Incorrect Delivery;Wrong delivery instructions;Web Form;TRUE
CMP-0000392;SHP-2025-0015786;2025-02-16 17:21:08;Other;Tracking issue;Email;TRUE
CMP-0002038;SHP-2025-0082064;2025-09-28 14:36:33;Late Delivery;Long transit time;Email;TRUE
CMP-0002044;SHP-2025-0082394;2025-09-12 00:41:14;Late Delivery;Long transit time;Email;TRUE
CMP-0003967;SHP-2026-0157962;2026-05-05 21:31:30;Incorrect Delivery;Wrong delivery instructions;Chat;TRUE
CMP-0002809;SHP-2025-0111563;2026-01-06 03:28:45;Late Delivery;Delivered after promised date;Web Form;TRUE
CMP-0002002;SHP-2025-0080919;2025-09-25 03:44:06;Incorrect Delivery;Tracking issue;Email;TRUE
CMP-0005040;SHP-2026-0201546;2026-09-25 15:33:40;Late Delivery;Delivery date repeatedly changed;Email;TRUE
CMP-0000100;SHP-2025-0004038;2025-01-15 03:13:40;Failed Delivery;Repeated delivery attempt;Web Form;TRUE
CMP-0003550;SHP-2026-0140025;2026-04-02 23:51:29;Incorrect Delivery;Tracking issue;Phone;FALSE
CMP-0003768;SHP-2026-0149056;2026-04-13 15:21:37;Failed Delivery;Returned to sender;Web Form;TRUE
CMP-0005717;SHP-2026-0228241;2026-11-30 08:07:11;Late Delivery;Delivered after promised date;Phone;TRUE
CMP-0005096;SHP-2026-0204093;2026-09-16 22:19:51;Late Delivery;Delivered after promised date;Phone;TRUE
CMP-0006184;SHP-2026-0243015;2026-12-22 12:29:19;Late Delivery;Long transit time;Email;TRUE
CMP-0005104;SHP-2026-0204342;2026-09-11 13:16:57;Failed Delivery;Courier did not reach customer;Web Form;TRUE
CMP-0006068;SHP-2026-0239942;2026-12-16 10:58:15;Incorrect Delivery;Other;Email;TRUE
CMP-0001364;SHP-2025-0054954;2025-08-04 16:42:32;Failed Delivery;Repeated delivery attempt;Email;TRUE
CMP-0006141;SHP-2026-0241764;2026-12-07 23:09:36;Late Delivery;Delivered after promised date;Phone;TRUE
CMP-0003916;SHP-2026-0155291;2026-04-15 03:02:57;Late Delivery;Delivered after promised date;Email;TRUE
CMP-0004442;SHP-2026-0178439;2026-08-01 14:35:12;Late Delivery;Delivery date repeatedly changed;Phone;TRUE
CMP-0006341;SHP-2026-0248258;2026-12-20 21:39:08;Other;Other;Email;TRUE
CMP-0000495;SHP-2025-0019527;2025-03-15 15:26:27;Incorrect Delivery;Wrong delivery instructions;Chat;TRUE
CMP-0001763;SHP-2025-0070414;2025-08-12 21:28:05;Late Delivery;Delivered after promised date;Email;TRUE
CMP-0004531;SHP-2026-0181279;2026-07-27 18:54:26;Late Delivery;Delivery date repeatedly changed;Phone;TRUE
CMP-0001458;SHP-2025-0058818;2025-07-22 15:21:49;Other;Tracking issue;Email;TRUE
CMP-0004686;SHP-2026-0187773;2026-07-24 20:11:25;Late Delivery;Delivery date repeatedly changed;Email;TRUE
CMP-0005071;SHP-2026-0202775;2026-09-24 08:10:55;Failed Delivery;Courier did not reach customer;Email;FALSE
CMP-0001449;SHP-2025-0058370;2025-07-21 02:47:31;Failed Delivery;Customer not available;Web Form;TRUE
CMP-0002011;SHP-2025-0081105;2025-09-21 06:29:16;Late Delivery;Delivery date repeatedly changed;Web Form;TRUE
CMP-0004699;SHP-2026-0188185;2026-08-14 05:03:28;Other;Tracking issue;Phone;TRUE
CMP-0002134;SHP-2025-0085656;2025-10-26 07:41:11;Incorrect Delivery;Tracking issue;Web Form;TRUE
CMP-0005239;SHP-2026-0209845;2026-10-27 13:48:56;Incorrect Delivery;Other;Phone;TRUE
CMP-0001605;SHP-2025-0064990;2025-08-10 12:11:55;Lost Shipment;Shipment not delivered;Email;TRUE
CMP-0004656;SHP-2026-0186273;2026-07-06 04:35:23;Incorrect Delivery;Wrong delivery instructions;Web Form;TRUE
CMP-0002446;SHP-2025-0099003;2025-11-20 17:42:03;Damaged Shipment;Packaging failure;Chat;TRUE
CMP-0000192;SHP-2025-0007713;2025-01-24 07:28:01;Late Delivery;Delivered after promised date;Email;TRUE
CMP-0001937;SHP-UNKNOWN-415;2025-09-18 13:23:08;Failed Delivery;Courier did not reach customer;Web Form;TRUE
CMP-0004394;SHP-2026-0176274;2026-06-16 12:52:51;Incorrect Delivery;Other;Email;TRUE
CMP-0005856;SHP-2026-0232849;2026-11-24 11:43:52;Late Delivery;Delivery date repeatedly changed;Email;TRUE
CMP-0006082;SHP-2026-0240357;2027-01-07 00:03:54;Late Delivery;Long transit time;Email;TRUE
CMP-0006146;SHP-2026-0241911;2026-12-21 13:53:31;Late Delivery;Delivered after promised date;Chat;TRUE
CMP-0001366;SHP-2025-0055062;2025-08-06 05:24:50;Other;Tracking issue;Phone;TRUE
CMP-0005923;SHP-2026-0235314;2026-12-12 01:16:58;Late Delivery;Delivery date repeatedly changed;Email;TRUE
CMP-0004010;SHP-2026-0160208;2026-05-12 19:46:45;Other;Wrong delivery instructions;Chat;FALSE
CMP-0004980;SHP-2026-0199493;2026-09-13 02:41:17;Failed Delivery;Customer not available;Phone;TRUE
CMP-0005211;SHP-2026-0208885;2026-11-03 09:15:20;Incorrect Delivery;Wrong delivery instructions;Phone;TRUE
CMP-0000319;SHP-2025-0012916;2025-02-12 00:28:14;Other;Other;Web Form;TRUE
CMP-0004247;SHP-2026-0170461;2026-06-19 21:48:56;Late Delivery;Delivery date repeatedly changed;Web Form;TRUE
CMP-0000604;SHP-2025-0024019;2025-03-29 05:48:40;Late Delivery;Delivered after promised date;Phone;TRUE
CMP-0000513;SHP-2025-0020226;2025-03-17 10:46:49;Damaged Shipment;Package damaged;Email;TRUE
CMP-0002832;SHP-2025-0112289;2025-12-14 20:07:43;Late Delivery;Delivered after promised date;Email;FALSE
CMP-0000422;SHP-2025-0017068;2025-03-12 07:46:18;Late Delivery;Delivery date repeatedly changed;Email;TRUE
CMP-0000580;SHP-2025-0023074;2025-03-25 23:49:29;Lost Shipment;No tracking progress;Web Form;FALSE
CMP-0001352;SHP-2025-0054612;2025-07-20 22:42:01;Failed Delivery;Delivery unsuccessful;Web Form;TRUE
CMP-0005522;SHP-2026-0220714;2026-11-30 06:03:53;Other;Other;Phone;TRUE
CMP-0001483;SHP-2025-0059711;2025-07-29 19:37:51;Late Delivery;Delivery date repeatedly changed;Web Form;TRUE
CMP-0003027;SHP-2025-0118974;2025-12-23 19:06:30;Incorrect Delivery;Other;Email;TRUE
CMP-0002073;SHP-2025-0083438;2025-10-29 00:34:27;Incorrect Delivery;Wrong delivery instructions;Phone;TRUE
CMP-0005550;SHP-2026-0221890;2026-12-04 14:28:26;Other;Tracking issue;Chat;TRUE
CMP-0004135;SHP-2026-0165573;2026-05-19 07:43:24;Late Delivery;Delivered after promised date;Web Form;TRUE
CMP-0004722;SHP-2026-0189466;2026-08-23 01:05:27;Incorrect Delivery;Tracking issue;Phone;TRUE
CMP-0002826;SHP-2025-0112142;2025-12-17 18:51:52;Late Delivery;Delivery date repeatedly changed;Email;TRUE
CMP-0004577;SHP-2026-0183154;2026-07-30 00:33:29;Late Delivery;Delivered after promised date;Web Form;FALSE
CMP-0000515;SHP-2025-0020279;2025-03-17 06:25:27;Incorrect Delivery;Tracking issue;Phone;FALSE
CMP-0000694;SHP-2025-0027866;2025-04-20 11:58:50;Other;Wrong delivery instructions;Email;TRUE
CMP-0002965;SHP-2025-0116572;2025-12-05 12:06:16;Late Delivery;Delivery date repeatedly changed;Web Form;TRUE
CMP-0003130;SHP-2026-0122569;2026-02-10 04:32:51;Late Delivery;Delivered after promised date;Web Form;TRUE
CMP-0003972;SHP-2026-0158179;2026-05-09 13:08:37;Lost Shipment;Shipment not delivered;Phone;TRUE
CMP-0003270;SHP-2026-0129092;2026-01-09 12:29:51;Incorrect Delivery;Other;Email;TRUE
CMP-0004966;SHP-2026-0198828;2026-09-21 14:21:08;Late Delivery;Delivery date repeatedly changed;Chat;TRUE
CMP-0006354;SHP-2026-0248762;2026-12-10 21:46:33;Late Delivery;Delivery date repeatedly changed;Phone;TRUE
CMP-0006069;SHP-2026-0239969;2026-12-21 17:30:32;Failed Delivery;Repeated delivery attempt;Email;TRUE
CMP-0001852;SHP-2025-0073713;2025-09-28 20:51:32;Late Delivery;Delivered after promised date;Web Form;TRUE
CMP-0006350;SHP-2026-0248606;2026-12-20 11:32:44;Late Delivery;Long transit time;Phone;TRUE
CMP-0000609;SHP-2025-0024170;2025-03-13 17:55:40;Late Delivery;Delivered after promised date;Phone;TRUE
CMP-0006233;SHP-2026-0244603;2026-12-14 22:26:01;Late Delivery;Delivery date repeatedly changed;Web Form;TRUE
CMP-0003948;SHP-2026-0156959;2026-05-05 06:24:12;Other;Wrong delivery instructions;Email;TRUE
CMP-0003394;SHP-2026-0133774;2026-02-16 18:53:16;Late Delivery;Long transit time;Chat;TRUE
CMP-0003852;SHP-2026-0152301;2026-05-05 11:42:35;Late Delivery;Delivered after promised date;Email;TRUE
CMP-0003965;SHP-2026-0157934;2026-05-09 06:07:17;Incorrect Delivery;Wrong delivery instructions;Email;FALSE
CMP-0005039;SHP-2026-0201488;2026-10-01 10:51:06;Other;Other;Web Form;TRUE
CMP-0003162;SHP-2026-0123813;2026-01-10 17:21:42;Late Delivery;Delivered after promised date;Chat;TRUE
CMP-0001244;SHP-2025-0050371;2025-07-01 07:57:02;Damaged Shipment;Packaging failure;Chat;TRUE
CMP-0000164;SHP-2025-0006615;2025-01-17 15:27:10;Late Delivery;Delivery date repeatedly changed;Chat;TRUE
CMP-0002923;SHP-2025-0115122;2025-12-25 08:53:02;Late Delivery;Delivered after promised date;Email;TRUE
CMP-0006368;SHP-2026-0249266;2026-12-15 12:11:52;Late Delivery;Delivered after promised date;Email;TRUE
CMP-0002229;SHP-2025-0089650;2025-10-08 12:15:50;Failed Delivery;Customer not available;Web Form;TRUE
CMP-0004614;SHP-2026-0184724;2026-07-23 13:43:13;Incorrect Delivery;Wrong delivery instructions;Email;TRUE
CMP-0004095;SHP-2026-0163469;2026-05-25 12:12:10;Incorrect Delivery;Tracking issue;Web Form;TRUE
CMP-0001355;SHP-2025-0054660;2025-08-04 19:21:37;Other;Wrong delivery instructions;Chat;TRUE
CMP-0005590;SHP-2026-0223232;2026-12-01 19:33:56;Failed Delivery;Customer not available;Email;FALSE
CMP-0002426;SHP-2025-0098485;2025-11-13 04:33:21;Late Delivery;Delivery date repeatedly changed;Email;TRUE
CMP-0006001;SHP-2026-0237922;2026-12-18 15:41:08;Incorrect Delivery;Other;Email;TRUE
CMP-0002291;SHP-2025-0092663;2025-10-20 17:01:14;Incorrect Delivery;Tracking issue;Email;TRUE
CMP-0001254;SHP-2025-0050714;2025-06-23 15:08:22;Incorrect Delivery;Wrong delivery instructions;Web Form;TRUE
CMP-0000444;SHP-2025-0017738;2025-03-19 11:17:03;Other;Tracking issue;Web Form;TRUE
CMP-0003910;SHP-2026-0154929;2026-04-17 17:00:55;Failed Delivery;Returned to sender;Phone;TRUE
CMP-0003290;SHP-2026-0129480;2026-01-27 20:14:52;Late Delivery;Long transit time;Phone;TRUE
CMP-0006334;SHP-2026-0247924;2026-12-09 15:23:37;Failed Delivery;Repeated delivery attempt;Chat;TRUE
CMP-0000097;SHP-2025-0003956;2025-01-16 13:52:46;Late Delivery;Long transit time;Phone;TRUE
CMP-0005718;SHP-2026-0228281;2026-12-03 19:59:19;Late Delivery;Delivered after promised date;Web Form;TRUE
CMP-0002945;SHP-2025-0115773;2025-12-25 20:24:10;Late Delivery;Long transit time;Email;TRUE
CMP-0000954;SHP-2025-0038059;2025-05-06 12:08:21;Other;Wrong delivery instructions;Chat;TRUE
CMP-0002701;SHP-2025-0108417;2025-12-08 04:42:16;Failed Delivery;Courier did not reach customer;Web Form;TRUE
CMP-0000215;SHP-2025-0008685;2025-03-02 09:05:56;Other;Other;Email;TRUE
CMP-0004827;SHP-2026-0193442;2026-08-25 17:32:15;Late Delivery;Delivery date repeatedly changed;Email;TRUE
CMP-0000512;SHP-2025-0020193;2025-03-25 10:36:47;Other;Other;Phone;TRUE
CMP-0000731;SHP-2025-0029228;2025-04-29 15:13:45;Incorrect Delivery;Other;Chat;TRUE
CMP-0001327;SHP-2025-0053753;2025-06-13 19:41:01;Damaged Shipment;Contents damaged;Email;TRUE
CMP-0005228;SHP-2026-0209465;2026-10-21 07:07:27;Other;Wrong delivery instructions;Phone;TRUE
CMP-0002893;SHP-2025-0114137;2026-01-03 03:44:53;Other;Wrong delivery instructions;Phone;TRUE
CMP-0004783;SHP-2026-0191705;2026-08-13 08:58:08;Failed Delivery;Customer not available;Web Form;TRUE
CMP-0002693;SHP-2025-0108205;2025-12-19 05:34:04;Incorrect Delivery;Tracking issue;Phone;TRUE
CMP-0002345;SHP-2025-0094674;2025-12-03 00:38:06;Failed Delivery;Repeated delivery attempt;Web Form;TRUE
CMP-0005354;SHP-2026-0214218;2026-10-26 13:00:20;Incorrect Delivery;Wrong delivery instructions;Chat;TRUE
CMP-0006096;SHP-2026-0240601;2026-12-13 00:09:47;Failed Delivery;Repeated delivery attempt;Web Form;TRUE
CMP-0003399;SHP-2026-0134290;2026-02-13 06:09:02;Failed Delivery;Delivery unsuccessful;Email;TRUE
CMP-0003993;SHP-2026-0159164;2026-05-27 01:43:17;Late Delivery;Long transit time;Phone;TRUE
CMP-0005217;SHP-2026-0209069;2026-10-20 10:34:39;Other;;Chat;TRUE
CMP-0000615;SHP-2025-0024295;2025-03-16 01:32:50;Failed Delivery;Customer not available;Email;TRUE
CMP-0002502;SHP-2025-0101164;2025-11-20 19:33:23;Late Delivery;Delivered after promised date;Web Form;TRUE
CMP-0001652;SHP-2025-0066613;2025-08-13 07:59:41;Late Delivery;Long transit time;Web Form;TRUE
CMP-0000298;SHP-2025-0012151;2025-02-17 22:29:48;Failed Delivery;Courier did not reach customer;Email;FALSE
CMP-0005085;SHP-2026-0203381;2026-09-14 18:03:45;Damaged Shipment;Packaging failure;Email;TRUE
CMP-0002200;SHP-2025-0088617;2025-10-23 19:09:47;Failed Delivery;Repeated delivery attempt;Phone;TRUE
CMP-0000468;SHP-2025-0018339;2025-04-02 01:27:44;Late Delivery;Delivered after promised date;Email;TRUE
CMP-0002404;SHP-2025-0097457;2025-11-30 14:58:31;Late Delivery;Delivery date repeatedly changed;Chat;FALSE
CMP-0000537;SHP-2025-0021257;2025-03-06 06:14:29;Other;Wrong delivery instructions;Chat;TRUE
CMP-0000523;SHP-2025-0020562;2025-03-23 05:04:48;Other;Other;Email;TRUE
CMP-0005947;SHP-2026-0236027;2026-12-06 19:20:53;Incorrect Delivery;Tracking issue;Chat;TRUE
CMP-0002652;SHP-2025-0106853;2025-12-24 03:18:07;Failed Delivery;Repeated delivery attempt;Email;TRUE
CMP-0004471;SHP-2026-0179352;2026-07-28 12:28:17;Late Delivery;Delivery date repeatedly changed;Chat;TRUE
CMP-0001616;SHP-2025-0065249;2025-08-21 07:20:32;Other;Other;Email;TRUE
CMP-0004706;SHP-2026-0188461;2026-08-22 05:30:52;Late Delivery;Delivery date repeatedly changed;Email;TRUE
CMP-0000280;SHP-2025-0011554;2025-02-11 14:31:25;Damaged Shipment;Packaging failure;Email;TRUE
CMP-0004453;SHP-2026-0178718;2026-08-08 21:22:57;Late Delivery;Delivered after promised date;Phone;FALSE
CMP-0006055;SHP-2026-0239545;2026-12-23 09:43:46;Late Delivery;Delivery date repeatedly changed;Web Form;TRUE
CMP-0004668;SHP-2026-0187065;2026-08-03 05:25:13;Late Delivery;Delivered after promised date;Web Form;TRUE
CMP-0004461;SHP-2026-0179080;2026-08-01 14:40:13;Other;Wrong delivery instructions;Email;TRUE
CMP-0005481;SHP-2026-0219530;2026-10-13 07:03:19;Damaged Shipment;Package damaged;Web Form;TRUE
CMP-0004738;SHP-2026-0189884;2026-08-11 03:44:02;Late Delivery;Delivered after promised date;Email;TRUE
CMP-0005919;SHP-2026-0235209;2026-12-14 00:45:15;Other;Wrong delivery instructions;Chat;TRUE
CMP-0003839;SHP-2026-0151960;2026-04-24 00:11:57;Failed Delivery;Repeated delivery attempt;Phone;TRUE
CMP-0001675;SHP-2025-0067334;2025-08-14 11:12:55;Other;Tracking issue;Email;TRUE
CMP-0000588;SHP-2025-0023277;2025-03-13 20:39:53;Incorrect Delivery;Other;Web Form;TRUE
CMP-0004536;SHP-2026-0181496;2026-07-22 21:44:16;Late Delivery;Delivered after promised date;Phone;TRUE
CMP-0005686;SHP-2026-0227007;2026-11-15 18:05:09;Late Delivery;Delivery date repeatedly changed;Phone;TRUE
CMP-0003001;SHP-2025-0118024;2026-01-05 10:26:15;Incorrect Delivery;Wrong delivery instructions;Web Form;TRUE
CMP-0005948;SHP-2026-0236047;2026-12-20 02:02:06;Other;Wrong delivery instructions;Email;TRUE
CMP-0000238;SHP-2025-0009743;2025-02-03 10:14:28;Incorrect Delivery;Other;Email;TRUE
CMP-0003641;SHP-2026-0144530;2026-03-14 11:01:10;Damaged Shipment;Packaging failure;Phone;TRUE
CMP-0003413;SHP-2026-0134874;2026-02-22 16:33:59;Other;Wrong delivery instructions;Phone;TRUE
CMP-0001397;SHP-2025-0056307;2025-07-12 04:32:51;Other;Other;Email;TRUE
CMP-0000473;SHP-2025-0018620;2025-03-21 17:02:39;Late Delivery;Delivered after promised date;Chat;TRUE
CMP-0004926;SHP-2026-0197245;2026-08-24 14:46:46;Incorrect Delivery;Wrong delivery instructions;Phone;TRUE
CMP-0000505;SHP-2025-0019888;2025-03-22 09:15:47;Late Delivery;Delivered after promised date;Phone;TRUE
CMP-0001508;SHP-2025-0060527;2025-07-07 07:57:46;Incorrect Delivery;Wrong delivery instructions;Email;TRUE
CMP-0003029;SHP-2025-0119068;2025-12-19 07:12:20;Other;Wrong delivery instructions;Email;TRUE
CMP-0005865;SHP-2026-0233133;2026-11-27 19:00:13;Late Delivery;Delivery date repeatedly changed;Chat;TRUE
CMP-0001487;SHP-2025-0059825;2025-07-12 23:05:40;Late Delivery;Delivery date repeatedly changed;Phone;TRUE
CMP-0005645;SHP-2026-0225336;2026-11-15 11:36:15;Failed Delivery;Repeated delivery attempt;Phone;TRUE
CMP-0004999;SHP-2026-0199991;2026-09-14 07:04:20;Other;Wrong delivery instructions;Email;TRUE
CMP-0003291;SHP-2026-0129485;2026-01-15 01:52:52;Late Delivery;Delivery date repeatedly changed;Web Form;TRUE
CMP-0006101;SHP-2026-0240712;2026-12-20 03:02:18;Other;Wrong delivery instructions;Phone;TRUE
CMP-0000930;SHP-2025-0036812;2025-05-25 10:16:48;Incorrect Delivery;Wrong delivery instructions;Email;TRUE
CMP-0004086;SHP-2026-0163229;2026-05-16 20:06:18;Late Delivery;Long transit time;Phone;TRUE
CMP-0001775;SHP-2025-0070882;2025-08-10 00:16:25;Other;Tracking issue;Web Form;TRUE
CMP-0002254;SHP-2025-0090709;2025-11-02 23:47:47;Incorrect Delivery;Wrong delivery instructions;Chat;TRUE
CMP-0005299;SHP-2026-0212541;2026-10-19 23:04:31;Other;Wrong delivery instructions;Phone;TRUE
CMP-0004913;SHP-2026-0196726;2026-08-22 19:57:31;Failed Delivery;Delivery unsuccessful;Email;TRUE
CMP-0002068;SHP-2025-0083390;2025-10-21 12:29:51;Failed Delivery;Repeated delivery attempt;Email;TRUE
CMP-0001818;SHP-2025-0072476;2025-08-26 02:31:32;Lost Shipment;Declared lost;Phone;TRUE
CMP-0003158;SHP-2026-0123792;2026-01-07 07:53:10;Other;Wrong delivery instructions;Chat;TRUE
CMP-0006157;SHP-2026-0242257;2026-12-21 02:29:44;Failed Delivery;Courier did not reach customer;Chat;TRUE
CMP-0004557;SHP-2026-0182379;2026-07-11 22:59:43;Failed Delivery;Repeated delivery attempt;Phone;TRUE
CMP-0001042;SHP-2025-0042018;2025-05-15 14:08:05;Other;Wrong delivery instructions;Web Form;TRUE
CMP-0002314;SHP-2025-0093507;2025-10-25 05:05:58;Failed Delivery;Repeated delivery attempt;Phone;TRUE
CMP-0001912;SHP-2025-0076414;2025-09-09 04:15:49;Failed Delivery;Courier did not reach customer;Email;TRUE
CMP-0003785;SHP-2026-0149557;2026-04-14 18:03:25;Other;Tracking issue;Phone;TRUE
CMP-0001379;SHP-2025-0055870;2025-07-27 01:53:25;Incorrect Delivery;Other;Email;TRUE
CMP-0004524;SHP-2026-0180859;2026-08-06 22:55:37;Failed Delivery;Repeated delivery attempt;Email;TRUE
CMP-0005464;SHP-2026-0218987;2026-10-08 15:56:08;Incorrect Delivery;Other;Email;FALSE
CMP-0005966;SHP-2026-0236712;2027-01-06 17:34:07;Late Delivery;Long transit time;Phone;TRUE
CMP-0005086;SHP-2026-0203381;2026-09-14 06:43:07;Damaged Shipment;Packaging failure;Phone;TRUE
CMP-0003317;SHP-2026-0130713;2026-02-23 05:32:51;Failed Delivery;Courier did not reach customer;Email;TRUE
CMP-0003192;SHP-2026-0125336;2026-01-20 16:03:22;Late Delivery;Long transit time;Phone;TRUE
CMP-0005141;SHP-2026-0206462;2026-09-30 09:25:43;Failed Delivery;Customer not available;Chat;TRUE
CMP-0005044;SHP-2026-0201729;2026-10-08 01:03:38;Late Delivery;Delivered after promised date;Phone;TRUE
CMP-0005922;SHP-2026-0235271;2026-12-18 15:03:28;Failed Delivery;Delivery unsuccessful;Web Form;TRUE
CMP-0002944;SHP-2025-0115762;2025-12-13 00:28:10;Late Delivery;Delivered after promised date;Web Form;TRUE
CMP-0003961;SHP-2026-0157619;2026-05-12 13:03:25;Late Delivery;Long transit time;Web Form;TRUE
CMP-0002614;SHP-2025-0104840;2025-11-13 11:10:48;Other;Other;Web Form;TRUE
CMP-0002991;SHP-2025-0117766;2025-12-29 06:56:44;Late Delivery;Long transit time;Web Form;TRUE
CMP-0000081;SHP-2025-0003138;2025-01-18 20:41:15;Other;Wrong delivery instructions;Web Form;TRUE
CMP-0002752;SHP-2025-0110055;2025-12-26 19:10:40;Incorrect Delivery;Wrong delivery instructions;Email;TRUE
CMP-0001686;SHP-2025-0067623;2025-08-23 18:55:53;Incorrect Delivery;Tracking issue;Phone;TRUE
CMP-0001986;SHP-2025-0080437;2025-09-17 19:49:15;Other;Wrong delivery instructions;Phone;TRUE
CMP-0001187;SHP-2025-0047614;2025-06-27 07:08:44;Late Delivery;Delivered after promised date;Email;TRUE
CMP-0002313;SHP-2025-0093475;2025-10-31 22:36:18;Incorrect Delivery;Wrong delivery instructions;Web Form;TRUE
CMP-0003237;SHP-2026-0127245;2026-01-07 11:26:41;Incorrect Delivery;Other;Web Form;TRUE
CMP-0002722;SHP-2025-0108986;2025-12-28 17:57:36;Late Delivery;Delivery date repeatedly changed;Email;TRUE
CMP-0004784;SHP-2026-0191706;2026-09-02 18:41:21;Incorrect Delivery;Wrong delivery instructions;Phone;TRUE
CMP-0005063;SHP-2026-0202599;2026-09-10 12:40:30;Incorrect Delivery;Tracking issue;Web Form;FALSE
CMP-0005784;SHP-2026-0230452;2026-11-19 21:14:19;Incorrect Delivery;Wrong delivery instructions;Email;TRUE
CMP-0000121;SHP-2025-0004872;2025-01-20 18:15:54;Late Delivery;Delivered after promised date;Email;FALSE
CMP-0006230;SHP-2026-0244548;2026-12-24 15:15:55;Failed Delivery;Repeated delivery attempt;Phone;TRUE
CMP-0004811;SHP-2026-0192614;2026-08-17 00:17:00;Incorrect Delivery;Wrong delivery instructions;Phone;TRUE
CMP-0002337;SHP-2025-0094452;2025-11-10 03:29:02;Late Delivery;Delivery date repeatedly changed;Phone;TRUE
CMP-0001348;SHP-2025-0054501;2025-07-19 10:04:01;Failed Delivery;Repeated delivery attempt;Email;TRUE
CMP-0000105;SHP-2025-0004359;2025-02-05 15:36:17;Late Delivery;Long transit time;Email;TRUE
CMP-0005093;SHP-2026-0203954;2026-09-22 08:30:10;Failed Delivery;Repeated delivery attempt;Phone;TRUE
CMP-0006131;SHP-2026-0241426;2026-12-05 03:16:32;Damaged Shipment;Contents damaged;Phone;TRUE
CMP-0000279;SHP-2025-0011462;2025-02-18 12:42:19;Late Delivery;Delivery date repeatedly changed;Phone;TRUE
CMP-0000526;SHP-2025-0020634;2025-04-03 18:14:04;Failed Delivery;Courier did not reach customer;Phone;TRUE
CMP-0003073;SHP-2025-0120314;2025-12-29 11:22:31;Late Delivery;Delivered after promised date;Phone;TRUE
CMP-0003549;SHP-2026-0139952;2026-04-02 10:44:32;Failed Delivery;Customer not available;Email;TRUE
CMP-0001209;SHP-2025-0048718;2025-06-26 07:25:21;Late Delivery;Delivery date repeatedly changed;Email;TRUE
CMP-0004916;SHP-2026-0196761;2026-09-02 09:40:01;Late Delivery;Long transit time;Email;TRUE
CMP-0006363;SHP-2026-0249031;2026-12-22 13:24:21;Late Delivery;Delivered after promised date;Email;TRUE
CMP-0002059;SHP-2025-0083159;2025-10-31 07:46:48;Late Delivery;Delivered after promised date;Web Form;TRUE
CMP-0004523;SHP-2026-0180833;2026-07-20 08:58:03;Late Delivery;Delivery date repeatedly changed;Email;TRUE
CMP-0002186;SHP-2025-0087674;2025-11-07 07:03:10;Late Delivery;Delivery date repeatedly changed;Web Form;TRUE
CMP-0001635;SHP-2025-0065987;2025-08-20 07:03:00;Other;Tracking issue;Web Form;TRUE
CMP-0005203;SHP-2026-0208587;2026-10-04 10:52:20;lost shipment;Shipment not delivered;Email;TRUE
CMP-0001730;SHP-2025-0069414;2025-08-20 01:12:38;Incorrect Delivery;Other;Email;FALSE
CMP-0005084;SHP-2026-0203308;2026-09-08 22:31:03;Incorrect Delivery;Other;Web Form;TRUE
CMP-0003980;SHP-2026-0158585;2026-05-29 03:44:57;Other;Wrong delivery instructions;Email;TRUE
CMP-0001156;SHP-2025-0046692;2025-06-20 14:41:23;Incorrect Delivery;Tracking issue;Phone;TRUE
CMP-0004455;SHP-2026-0178760;2026-07-08 17:22:51;Failed Delivery;Courier did not reach customer;Web Form;TRUE
CMP-0001344;SHP-2025-0054328;2025-08-06 11:59:27;Late Delivery;Long transit time;Phone;TRUE
CMP-0006300;SHP-2026-0246762;2026-12-30 07:56:51;Other;Tracking issue;Chat;TRUE
CMP-0005588;SHP-2026-0223171;2026-11-08 19:10:19;Other;Other;Web Form;TRUE
CMP-0005771;SHP-2026-0230011;2026-11-26 08:05:39;Incorrect Delivery;Other;Web Form;TRUE
CMP-0001469;SHP-2025-0059049;2025-07-30 10:54:13;Incorrect Delivery;Wrong delivery instructions;Chat;TRUE
CMP-0006214;SHP-2026-0244052;2026-12-29 01:01:09;Failed Delivery;Customer not available;Phone;TRUE
CMP-0005399;SHP-2026-0215827;2026-01-02 02:30:43;Incorrect Delivery;Wrong delivery instructions;Email;TRUE
CMP-0005524;SHP-2026-0220834;2026-12-06 18:52:50;Other;Wrong delivery instructions;Email;TRUE
CMP-0004744;SHP-2026-0190111;2026-09-04 05:45:46;Incorrect Delivery;Tracking issue;Email;TRUE
CMP-0004519;SHP-2026-0180706;2026-07-28 03:42:50;Other;Wrong delivery instructions;Web Form;TRUE
CMP-0004587;SHP-2026-0183436;2026-08-05 18:52:06;Late Delivery;Long transit time;Email;TRUE
CMP-0002089;SHP-2025-0084069;2025-10-30 00:13:47;Incorrect Delivery;Tracking issue;Email;TRUE
CMP-0003263;SHP-2026-0128857;2026-01-17 22:08:43;Late Delivery;Delivery date repeatedly changed;Email;TRUE
CMP-0001553;SHP-2025-0062816;2025-08-02 00:25:53;Failed Delivery;Courier did not reach customer;Email;TRUE
CMP-0000827;SHP-2025-0032781;2025-05-01 07:38:35;Incorrect Delivery;Tracking issue;Email;TRUE
CMP-0005026;SHP-2026-0201229;2026-09-18 23:55:30;Late Delivery;Delivered after promised date;Phone;TRUE
CMP-0003202;SHP-2026-0125938;2026-02-02 09:42:57;Failed Delivery;Customer not available;Email;TRUE
CMP-0002647;SHP-2025-0106544;2025-11-09 12:36:35;Late Delivery;Delivery date repeatedly changed;Phone;TRUE
CMP-0000469;SHP-2025-0018412;2025-04-06 07:29:52;Late Delivery;Delivery date repeatedly changed;Chat;TRUE
CMP-0002442;SHP-2025-0098873;2025-11-24 09:08:03;Late Delivery;Delivery date repeatedly changed;Chat;TRUE
CMP-0004602;SHP-2026-0184249;2026-07-12 22:38:43;Late Delivery;Delivery date repeatedly changed;Email;TRUE
CMP-0003944;SHP-2026-0156494;2026-05-08 11:53:41;Other;Wrong delivery instructions;Phone;TRUE
CMP-0000108;SHP-2025-0004513;2025-01-18 05:42:47;Late Delivery;Delivered after promised date;Web Form;TRUE
CMP-0000698;SHP-2025-0028094;2025-04-16 00:16:36;Late Delivery;Delivered after promised date;Phone;TRUE
CMP-0001347;SHP-2025-0054498;2025-07-17 21:25:20;Other;Wrong delivery instructions;Chat;FALSE
CMP-0001723;SHP-2025-0069221;2025-08-11 07:14:23;Failed Delivery;Repeated delivery attempt;Email;TRUE
CMP-0001813;SHP-2025-0072350;2025-08-29 18:15:30;Late Delivery;Long transit time;Phone;TRUE
CMP-0001071;SHP-2025-0043280;2025-05-18 11:20:21;Late Delivery;Delivered after promised date;Phone;TRUE
CMP-0002880;SHP-2025-0113855;2025-12-26 04:05:11;Late Delivery;Long transit time;Phone;TRUE
CMP-0006065;SHP-2026-0239773;2026-12-20 08:49:54;Late Delivery;Delivered after promised date;Web Form;TRUE
CMP-0000577;SHP-2025-0022921;2025-04-02 07:33:34;Late Delivery;Delivery date repeatedly changed;Web Form;TRUE
CMP-0001887;SHP-2025-0075446;2025-09-22 13:25:57;Other;Tracking issue;Email;TRUE
CMP-0002835;SHP-2025-0112310;2025-12-15 20:22:45;Failed Delivery;Customer not available;Web Form;TRUE
CMP-0005934;SHP-2026-0235664;2026-12-29 18:20:32;Late Delivery;Long transit time;Phone;TRUE
CMP-0001855;SHP-2025-0073791;2025-10-02 04:25:13;Other;Tracking issue;Email;TRUE
CMP-0000825;SHP-2025-0032762;2025-05-08 20:11:16;Late Delivery;Delivery date repeatedly changed;Phone;TRUE
CMP-0005268;SHP-2026-0211314;2026-11-03 03:45:57;Late Delivery;Long transit time;Web Form;TRUE
CMP-0004219;SHP-2026-0168920;2026-06-17 19:51:26;Failed Delivery;Courier did not reach customer;Phone;TRUE
CMP-0003265;SHP-2026-0128889;2026-02-04 04:03:49;Incorrect Delivery;Tracking issue;Web Form;TRUE
CMP-0001373;SHP-2025-0055273;2025-07-21 18:53:05;Late Delivery;Long transit time;Web Form;TRUE
CMP-0005458;SHP-2026-0218385;2026-10-30 01:19:28;Late Delivery;Delivered after promised date;Email;TRUE
CMP-0002283;SHP-2025-0092206;2025-10-22 11:36:03;Late Delivery;Delivery date repeatedly changed;Email;TRUE
CMP-0000342;SHP-2025-0013870;2025-02-08 19:14:00;Late Delivery;Delivery date repeatedly changed;Email;TRUE
CMP-0004964;SHP-2026-0198780;2026-10-02 02:45:20;Incorrect Delivery;Tracking issue;Email;TRUE
CMP-0005200;SHP-2026-0208533;2026-09-25 06:04:28;Failed Delivery;Courier did not reach customer;Web Form;TRUE
CMP-0004959;SHP-2026-0198502;2026-10-01 11:41:07;Late Delivery;Delivery date repeatedly changed;Web Form;TRUE
CMP-0004301;SHP-2026-0172803;2026-06-21 13:27:04;Late Delivery;Delivered after promised date;Web Form;TRUE
CMP-0005366;SHP-2026-0214752;2026-10-13 05:10:38;Incorrect Delivery;Tracking issue;Chat;TRUE
CMP-0002266;SHP-2025-0091458;2025-10-10 03:02:02;Late Delivery;Long transit time;Chat;TRUE
CMP-0002076;SHP-2025-0083619;2025-10-19 18:03:59;Incorrect Delivery;Tracking issue;Phone;TRUE
CMP-0000284;SHP-2025-0011651;2025-02-25 18:18:54;Lost Shipment;No tracking progress;Web Form;TRUE
CMP-0004995;SHP-2026-0199942;2026-09-26 08:44:03;Failed Delivery;Customer not available;Phone;TRUE
CMP-0005485;SHP-2026-0219590;2026-10-25 10:43:05;Incorrect Delivery;Tracking issue;Phone;TRUE
CMP-0003575;SHP-2026-0141165;2026-03-28 04:37:53;Late Delivery;Delivery date repeatedly changed;Web Form;TRUE
CMP-0002713;SHP-2025-0108749;2025-12-16 11:51:34;Late Delivery;Long transit time;Email;TRUE
CMP-0001940;SHP-2025-0077748;2025-09-20 12:41:07;Failed Delivery;Delivery unsuccessful;Phone;TRUE
CMP-0005691;SHP-2026-0227175;2026-11-06 21:56:59;Late Delivery;Delivery date repeatedly changed;Phone;TRUE
CMP-0001786;SHP-2025-0071405;2025-08-30 05:03:54;Failed Delivery;Customer not available;Email;TRUE
CMP-0006025;SHP-2026-0238612;2026-12-23 03:19:29;Incorrect Delivery;Tracking issue;Web Form;TRUE
CMP-0005181;SHP-2026-0207985;2026-09-24 07:15:43;Failed Delivery;Courier did not reach customer;Web Form;TRUE
CMP-0006275;SHP-2026-0245919;2026-12-16 09:13:14;Failed Delivery;Customer not available;Phone;TRUE
CMP-0004835;SHP-2026-0193806;2026-08-20 20:26:10;Failed Delivery;Customer not available;Email;TRUE
CMP-0001563;SHP-2025-0063305;2025-09-05 23:03:29;Failed Delivery;Repeated delivery attempt;Phone;TRUE
CMP-0002689;SHP-2025-0108144;2026-01-03 17:19:00;Late Delivery;Long transit time;Email;TRUE
CMP-0002633;SHP-2025-0105773;2025-11-25 13:53:06;Late Delivery;Delivery date repeatedly changed;Phone;TRUE
CMP-0005643;SHP-2026-0225293;2026-11-16 10:06:05;Incorrect Delivery;Wrong delivery instructions;Phone;TRUE
CMP-0005577;SHP-2026-0222685;2026-11-17 05:28:47;Failed Delivery;Customer not available;Chat;TRUE
CMP-0003079;SHP-2025-0120454;2025-12-24 02:03:19;Other;Tracking issue;Phone;TRUE
CMP-0003589;SHP-2026-0142100;2026-03-14 05:12:12;Late Delivery;Long transit time;Phone;TRUE
CMP-0001504;SHP-2025-0060391;2025-07-08 01:08:27;Late Delivery;Delivery date repeatedly changed;Phone;TRUE
CMP-0005333;SHP-2026-0213634;2026-10-21 06:22:08;Incorrect Delivery;Other;Email;FALSE
CMP-0002618;SHP-2025-0104969;2025-11-17 10:57:58;Damaged Shipment;Contents damaged;Phone;TRUE
CMP-0005745;SHP-2026-0229148;2026-12-01 08:15:04;Late Delivery;Delivered after promised date;Phone;TRUE
CMP-0005088;SHP-2026-0203405;2026-09-26 15:22:16;Late Delivery;Delivered after promised date;Email;TRUE
CMP-0004413;SHP-2026-0177081;2026-07-05 01:28:47;Incorrect Delivery;Tracking issue;Phone;TRUE
CMP-0002056;SHP-2025-0083104;2025-10-27 04:11:09;Failed Delivery;Courier did not reach customer;Web Form;FALSE
CMP-0000872;SHP-2025-0034577;2025-05-06 22:17:07;Incorrect Delivery;Tracking issue;Email;TRUE
CMP-0000957;SHP-2025-0038098;2025-05-24 00:13:30;Other;Wrong delivery instructions;Email;TRUE
CMP-0005120;SHP-2026-0205046;2026-09-30 06:12:16;Lost Shipment;Declared lost;Phone;TRUE
CMP-0003102;SHP-2025-0121130;2025-12-28 15:52:46;Late Delivery;Delivery date repeatedly changed;Web Form;TRUE
CMP-0003151;SHP-2026-0123413;2026-01-24 21:43:14;Late Delivery;Delivery date repeatedly changed;Phone;TRUE
CMP-0002604;SHP-2025-0104483;2025-11-16 21:33:30;Incorrect Delivery;Wrong delivery instructions;Email;TRUE
CMP-0002122;SHP-2025-0085370;2025-10-20 23:42:12;Damaged Shipment;Packaging failure;Web Form;TRUE
CMP-0002164;SHP-2025-0086596;2025-10-18 18:55:50;Late Delivery;Delivery date repeatedly changed;Phone;TRUE
CMP-0004040;SHP-2026-0161376;2026-05-11 19:36:26;Incorrect Delivery;Tracking issue;Phone;TRUE
CMP-0000031;SHP-2025-0001468;2025-01-13 20:03:15;Lost Shipment;Declared lost;Email;TRUE
CMP-0004462;SHP-2026-0179099;2026-07-15 05:45:58;Late Delivery;Delivery date repeatedly changed;Email;TRUE
CMP-0005637;SHP-2026-0225162;2026-11-20 17:32:17;Failed Delivery;Customer not available;Chat;TRUE
CMP-0004664;SHP-2026-0186873;2026-07-18 18:13:53;Incorrect Delivery;Other;Email;TRUE
CMP-0005559;SHP-2026-0222198;2026-11-17 06:31:56;Incorrect Delivery;Wrong delivery instructions;Phone;TRUE
CMP-0003409;SHP-2026-0134715;2026-03-07 09:54:23;Failed Delivery;Courier did not reach customer;Chat;TRUE
CMP-0002638;SHP-2025-0106109;2025-11-06 16:32:07;Incorrect Delivery;Other;Phone;TRUE
CMP-0004533;SHP-2026-0181301;2026-07-24 14:48:02;Incorrect Delivery;Tracking issue;Phone;TRUE
CMP-0005546;SHP-2026-0221727;2026-11-24 19:05:15;Failed Delivery;Repeated delivery attempt;Phone;TRUE
CMP-0002992;SHP-2025-0117806;2025-12-25 20:04:50;Late Delivery;Delivery date repeatedly changed;Phone;TRUE
CMP-0004756;SHP-2026-0190688;2026-09-06 11:52:05;Other;Other;Email;TRUE
CMP-0002107;SHP-2025-0084779;2025-11-03 04:53:08;Other;Other;Phone;TRUE
CMP-0005313;SHP-2026-0213202;2026-10-07 22:53:45;Incorrect Delivery;Wrong delivery instructions;Chat;TRUE
CMP-0003763;SHP-2026-0148872;2026-04-13 21:29:10;Late Delivery;Delivery date repeatedly changed;Email;FALSE
CMP-0002322;SHP-2025-0093929;2025-11-11 08:37:06;Late Delivery;Long transit time;Web Form;TRUE
CMP-0003516;SHP-2026-0138728;2026-03-25 20:28:53;Late Delivery;Delivered after promised date;Web Form;TRUE
CMP-0001541;SHP-2025-0061977;2025-07-22 22:52:41;Other;Wrong delivery instructions;Email;TRUE
CMP-0001423;SHP-2025-0057474;2025-07-17 07:21:21;Late Delivery;Delivery date repeatedly changed;Web Form;TRUE
CMP-0005289;SHP-2026-0212109;2026-10-15 16:10:23;Other;Wrong delivery instructions;Chat;TRUE
CMP-0001306;SHP-2025-0052364;2025-06-13 17:50:07;Other;Other;Web Form;TRUE
CMP-0003843;SHP-2026-0152044;2026-04-13 14:07:33;Failed Delivery;Repeated delivery attempt;Email;TRUE
CMP-0004890;SHP-2026-0195993;2026-08-11 14:01:32;Other;Wrong delivery instructions;Phone;TRUE
CMP-0003562;SHP-2026-0140512;2026-03-23 06:35:33;Late Delivery;Delivered after promised date;Phone;TRUE
CMP-0003498;SHP-2026-0137873;2026-02-08 02:31:43;Failed Delivery;Delivery unsuccessful;Phone;TRUE
CMP-0001132;SHP-2025-0045976;2025-06-22 03:13:24;Late Delivery;Long transit time;Email;TRUE
CMP-0002908;SHP-2025-0114495;2025-12-10 16:04:19;Late Delivery;Delivered after promised date;Email;TRUE
CMP-0003737;SHP-2026-0148025;2026-05-02 16:39:37;Failed Delivery;Courier did not reach customer;Phone;FALSE
CMP-0003373;SHP-2026-0132984;2026-02-23 19:35:29;Late Delivery;Long transit time;Email;TRUE
CMP-0003094;SHP-2025-0121024;2025-12-15 01:22:09;Late Delivery;Delivery date repeatedly changed;Web Form;TRUE
CMP-0002165;SHP-2025-0086639;2025-10-31 15:07:24;Incorrect Delivery;Tracking issue;Web Form;TRUE
CMP-0003003;SHP-2025-0118036;2025-12-09 11:04:31;Late Delivery;Delivered after promised date;Phone;TRUE
CMP-0003808;SHP-2026-0150817;2026-04-21 08:51:52;Late Delivery;Delivery date repeatedly changed;Phone;TRUE
CMP-0003824;SHP-2026-0151352;2026-04-17 14:15:18;Late Delivery;Delivery date repeatedly changed;Phone;TRUE
CMP-0005587;SHP-2026-0223098;2026-11-18 14:39:40;Late Delivery;Long transit time;Chat;TRUE
CMP-0001078;SHP-2025-0043556;2025-05-22 23:00:23;Late Delivery;Delivered after promised date;Phone;TRUE
CMP-0004563;SHP-2026-0182557;2026-07-08 17:08:05;Late Delivery;Delivered after promised date;Web Form;TRUE
CMP-0000436;SHP-2025-0017375;2025-03-13 19:48:55;Failed Delivery;Repeated delivery attempt;Web Form;FALSE
CMP-0001030;SHP-2025-0041583;2025-05-18 03:13:17;Other;Wrong delivery instructions;Email;TRUE
CMP-0001432;SHP-2025-0057803;2025-07-31 23:11:40;Failed Delivery;Repeated delivery attempt;Email;TRUE
CMP-0004696;SHP-2026-0188131;2026-07-10 18:12:26;Late Delivery;Long transit time;Chat;TRUE
CMP-0003652;SHP-2026-0144886;2026-03-28 16:21:04;Lost Shipment;Shipment not delivered;Web Form;TRUE
CMP-0000857;SHP-2025-0033584;2025-04-22 07:40:34;Late Delivery;Delivered after promised date;Phone;TRUE
CMP-0002784;SHP-2025-0110996;2025-12-16 13:48:30;Late Delivery;Delivery date repeatedly changed;Email;TRUE
CMP-0003306;SHP-2026-0130370;2026-03-01 07:43:37;Other;Wrong delivery instructions;Chat;TRUE
CMP-0006251;SHP-2026-0245107;2026-12-30 14:08:51;Late Delivery;Delivered after promised date;Phone;TRUE
CMP-0005706;SHP-2026-0228067;2026-12-03 04:25:20;Late Delivery;Delivered after promised date;Web Form;TRUE
CMP-0002065;SHP-2025-0083369;2025-11-01 11:37:33;Other;Tracking issue;Email;TRUE
CMP-0004962;SHP-2026-0198677;2026-09-23 11:33:52;Late Delivery;Long transit time;Web Form;TRUE
CMP-0000339;SHP-2025-0013828;2025-02-09 20:35:13;Late Delivery;Delivered after promised date;Phone;TRUE
CMP-0005542;SHP-2026-0221663;2026-11-25 07:05:36;Other;Wrong delivery instructions;Phone;TRUE
CMP-0001811;SHP-2025-0072254;2025-08-21 06:29:24;Other;Wrong delivery instructions;Web Form;TRUE
CMP-0002414;SHP-2025-0098105;2025-11-11 02:08:15;Incorrect Delivery;Other;Email;TRUE
CMP-0002924;SHP-2025-0115123;2025-12-21 15:59:24;Late Delivery;Long transit time;Chat;FALSE
CMP-0004365;SHP-2026-0175286;2026-06-10 08:37:03;Incorrect Delivery;Tracking issue;Phone;TRUE
CMP-0000343;SHP-2025-0014000;2025-02-10 00:53:33;Late Delivery;Long transit time;Chat;TRUE
CMP-0004887;SHP-2026-0195778;2026-08-28 06:10:28;Late Delivery;Delivery date repeatedly changed;Phone;TRUE
CMP-0004194;SHP-2026-0167815;2026-06-15 00:19:11;Late Delivery;Delivered after promised date;Phone;TRUE
CMP-0004412;SHP-2026-0177073;2026-06-08 19:46:11;Failed Delivery;Returned to sender;Phone;TRUE
CMP-0001021;SHP-2025-0041390;2025-05-14 00:41:11;Other;Wrong delivery instructions;Web Form;TRUE
CMP-0001242;SHP-2025-0050269;2025-07-02 14:58:48;Incorrect Delivery;Other;Phone;TRUE
CMP-0002364;SHP-2025-0095543;2025-11-10 17:24:59;Failed Delivery;Repeated delivery attempt;Email;TRUE
CMP-0005835;SHP-2026-0232004;2026-11-22 06:01:31;Late Delivery;Delivered after promised date;Phone;TRUE
CMP-0001303;SHP-2025-0052309;2025-07-02 14:05:37;Lost Shipment;Declared lost;Phone;TRUE
CMP-0003490;SHP-2026-0137471;2026-03-01 15:30:34;Incorrect Delivery;Other;Phone;TRUE
CMP-0004815;SHP-2026-0192837;2026-08-27 01:27:12;Failed Delivery;Returned to sender;Phone;TRUE
CMP-0005885;SHP-2026-0233942;2026-11-14 18:02:47;Incorrect Delivery;Other;Web Form;TRUE
CMP-0000897;SHP-2025-0035633;2025-05-26 02:49:43;Incorrect Delivery;Other;Phone;TRUE
CMP-0000060;SHP-2025-0002608;2025-01-27 00:39:20;Other;Other;Phone;TRUE
CMP-0005324;SHP-2026-0213375;2026-10-07 16:54:48;Failed Delivery;Repeated delivery attempt;Chat;TRUE
CMP-0003869;SHP-2026-0153296;2026-04-21 03:49:47;Other;Tracking issue;Web Form;FALSE
CMP-0003788;SHP-2026-0149639;2026-04-28 02:18:36;Late Delivery;Delivery date repeatedly changed;Email;FALSE
CMP-0005581;SHP-2026-0222920;2026-11-06 11:19:04;Late Delivery;Long transit time;Web Form;FALSE
CMP-0000424;SHP-2025-0017081;2025-03-29 03:09:12;Late Delivery;Delivered after promised date;Phone;TRUE
CMP-0004682;SHP-2026-0187603;2026-08-04 04:31:56;Late Delivery;Delivered after promised date;Email;TRUE
CMP-0003724;SHP-2026-0147606;2026-03-25 23:14:59;Incorrect Delivery;Other;Web Form;TRUE
CMP-0002580;SHP-2025-0103738;2025-11-28 16:14:57;Failed Delivery;Courier did not reach customer;Email;TRUE
CMP-0004294;SHP-2026-0172357;2026-07-04 00:49:06;Late Delivery;Long transit time;Web Form;FALSE
CMP-0001407;SHP-2025-0056995;2025-08-08 18:58:17;Late Delivery;Delivery date repeatedly changed;Email;TRUE
CMP-0000450;SHP-2025-0017930;2025-03-11 07:05:26;Failed Delivery;Customer not available;Web Form;TRUE
CMP-0001496;SHP-2025-0060277;2025-07-09 05:54:17;Failed Delivery;Customer not available;Phone;TRUE
CMP-0001239;SHP-2025-0050145;2025-06-28 14:17:30;Failed Delivery;Customer not available;Web Form;TRUE
CMP-0000177;SHP-2025-0007226;2025-01-24 16:53:05;Failed Delivery;Returned to sender;Phone;TRUE
CMP-0002156;SHP-2025-0086324;2025-10-15 10:08:40;Late Delivery;Long transit time;Phone;TRUE
CMP-0004395;SHP-2026-0176280;2026-06-23 00:25:54;Late Delivery;Delivered after promised date;Web Form;TRUE
CMP-0005842;SHP-2026-0232369;2026-11-14 20:39:41;Late Delivery;Delivery date repeatedly changed;Phone;TRUE
CMP-0004640;SHP-2026-0185754;2026-07-24 13:51:18;Incorrect Delivery;Other;Email;TRUE
CMP-0003220;SHP-2026-0126803;2026-01-08 07:48:39;Other;Other;Web Form;TRUE
CMP-0004944;SHP-2026-0197949;2026-09-03 01:38:05;Late Delivery;Delivered after promised date;Email;TRUE
CMP-0005206;SHP-2026-0208634;2026-10-09 06:07:27;Late Delivery;Delivered after promised date;Email;TRUE
CMP-0000531;SHP-2025-0020932;2025-04-01 05:43:41;Damaged Shipment;Package damaged;Phone;TRUE
CMP-0001294;SHP-2025-0052066;2025-06-19 14:31:08;Late Delivery;Delivery date repeatedly changed;Phone;TRUE
CMP-0005506;SHP-2026-0220341;2026-10-28 06:09:01;Late Delivery;Delivery date repeatedly changed;Email;TRUE
CMP-0002616;SHP-2025-0104889;2025-11-16 04:27:00;Lost Shipment;Shipment not delivered;Email;TRUE
CMP-0001748;SHP-2025-0069924;2025-08-31 08:24:03;Damaged Shipment;Packaging failure;Web Form;TRUE
CMP-0002258;SHP-2025-0090938;2025-10-30 20:07:28;Late Delivery;Long transit time;Web Form;TRUE
CMP-0004282;SHP-2026-0171746;2026-06-24 05:48:05;Late Delivery;Delivery date repeatedly changed;Web Form;TRUE
CMP-0002459;SHP-2025-0099356;2025-11-25 09:30:02;Late Delivery;Long transit time;Email;TRUE
CMP-0003004;SHP-2025-0118118;2026-01-03 03:45:19;Late Delivery;Delivery date repeatedly changed;Phone;TRUE
CMP-0005457;SHP-2026-0218371;2026-10-07 00:00:25;Incorrect Delivery;Tracking issue;Email;TRUE
CMP-0005422;SHP-2026-0216812;2026-11-09 06:45:39;Failed Delivery;Repeated delivery attempt;Web Form;TRUE
CMP-0003058;SHP-2025-0119980;2025-12-15 22:54:43;Late Delivery;Delivered after promised date;Email;TRUE
CMP-0004081;SHP-2026-0162904;2026-05-30 17:56:50;Late Delivery;Delivered after promised date;Web Form;TRUE
CMP-0006173;SHP-2026-0242653;2026-12-19 16:39:17;Failed Delivery;Courier did not reach customer;Phone;TRUE
CMP-0000491;SHP-2025-0019327;2025-03-22 20:21:53;Failed Delivery;Delivery unsuccessful;Phone;TRUE
CMP-0004998;SHP-2026-0199976;2026-09-06 17:28:21;Other;Tracking issue;Email;TRUE
CMP-0000337;SHP-2025-0013684;2025-02-05 11:53:42;Incorrect Delivery;Wrong delivery instructions;Email;TRUE
CMP-0002957;SHP-2025-0116170;2025-12-11 18:38:17;Late Delivery;Long transit time;Phone;TRUE
CMP-0002642;SHP-2025-0106276;2025-11-18 05:30:36;Late Delivery;Delivery date repeatedly changed;Email;TRUE
CMP-0006320;SHP-2026-0247511;2026-12-09 23:14:49;Other;Tracking issue;Web Form;TRUE
CMP-0002147;SHP-2025-0086069;2025-10-29 13:56:15;Other;Tracking issue;Email;TRUE
CMP-0002909;SHP-2025-0114564;2025-12-30 04:01:37;Late Delivery;Long transit time;Phone;TRUE
CMP-0003779;SHP-2026-0149357;2026-04-19 14:22:26;Other;Wrong delivery instructions;Phone;TRUE
CMP-0000199;SHP-2025-0008229;2025-02-03 14:59:45;Incorrect Delivery;Tracking issue;Phone;TRUE
CMP-0004300;SHP-2026-0172650;2026-06-15 11:51:47;Failed Delivery;Courier did not reach customer;Chat;TRUE
CMP-0001703;SHP-2025-0068522;2025-08-16 16:54:45;Failed Delivery;Customer not available;Web Form;TRUE
CMP-0004921;SHP-2026-0197071;2026-08-20 23:24:43;Late Delivery;Delivery date repeatedly changed;Phone;TRUE
CMP-0004015;SHP-2026-0160364;2026-05-29 19:36:04;Incorrect Delivery;Wrong delivery instructions;Phone;TRUE
CMP-0001512;SHP-2025-0060674;2025-07-08 22:06:04;Late Delivery;Delivery date repeatedly changed;Email;TRUE
CMP-0004072;SHP-2026-0162569;2026-05-15 02:46:29;Late Delivery;Delivered after promised date;Email;TRUE
CMP-0000938;SHP-2025-0037077;2025-05-31 03:09:17;Other;Other;Email;TRUE
CMP-0004118;SHP-2026-0164770;2026-05-23 16:33:33;Late Delivery;Delivery date repeatedly changed;Chat;TRUE
CMP-0002979;SHP-2025-0117115;2025-12-22 20:12:35;Late Delivery;Delivered after promised date;Phone;TRUE
CMP-0003228;SHP-2026-0126970;2026-01-16 22:56:37;Late Delivery;Long transit time;Web Form;TRUE
CMP-0001944;SHP-2025-0077977;2025-09-17 08:48:29;Other;Other;Phone;TRUE
CMP-0002198;SHP-2025-0088586;2025-10-21 14:11:09;Failed Delivery;Repeated delivery attempt;Email;TRUE
CMP-0006112;SHP-2026-0240828;2027-01-03 14:56:31;Incorrect Delivery;Tracking issue;Phone;TRUE
CMP-0003190;SHP-2026-0125286;2026-02-01 10:30:09;Failed Delivery;Delivery unsuccessful;Web Form;TRUE
CMP-0004615;SHP-2026-0184798;2026-07-25 17:28:17;Other;Other;Phone;TRUE
CMP-0005051;SHP-2026-0201994;2026-09-07 22:14:08;Failed Delivery;Customer not available;Web Form;TRUE
CMP-0001502;SHP-2025-0060372;2025-07-26 15:55:44;Late Delivery;Delivered after promised date;Phone;TRUE
CMP-0004860;SHP-2026-0194790;2026-08-10 19:56:21;Incorrect Delivery;Other;Email;TRUE
CMP-0003330;SHP-2026-0131309;2026-02-26 01:07:55;Late Delivery;Long transit time;Phone;TRUE
CMP-0003618;SHP-2026-0143689;2026-03-14 15:49:31;Other;Wrong delivery instructions;Phone;TRUE
CMP-0005981;SHP-2026-0237130;2026-12-12 21:12:07;Late Delivery;Long transit time;Email;TRUE
CMP-0006309;SHP-2026-0247121;2026-12-20 17:02:39;Late Delivery;Delivery date repeatedly changed;Web Form;TRUE
CMP-0004520;SHP-2026-0180706;2026-07-27 09:12:47;incorrect delivery;Tracking issue;Email;FALSE
CMP-0002662;SHP-2025-0107257;2025-12-27 01:16:36;Late Delivery;Long transit time;Web Form;TRUE
CMP-0003026;SHP-2025-0118895;2025-12-30 15:20:44;Other;Other;Phone;TRUE
CMP-0006088;SHP-2026-0240441;2027-01-08 23:14:44;Late Delivery;Delivered after promised date;Web Form;TRUE
CMP-0005111;SHP-2026-0204539;2026-09-26 22:54:15;Late Delivery;Long transit time;Chat;TRUE
CMP-0004589;SHP-2026-0183509;2026-07-24 10:15:30;Incorrect Delivery;Tracking issue;Phone;TRUE
CMP-0002868;SHP-2025-0113326;2025-12-31 11:24:09;Late Delivery;Long transit time;Chat;TRUE
CMP-0005563;SHP-2026-0222269;2026-12-07 14:18:26;Failed Delivery;Repeated delivery attempt;Email;TRUE
CMP-0003059;SHP-2025-0119985;2026-01-06 15:11:19;Failed Delivery;Courier did not reach customer;Email;TRUE
CMP-0003281;SHP-2026-0129308;2026-01-09 00:06:25;Late Delivery;Delivered after promised date;Phone;TRUE
CMP-0006343;SHP-2026-0248306;2026-12-20 05:42:38;Late Delivery;Delivery date repeatedly changed;Email;TRUE
CMP-0001672;SHP-2025-0067291;2025-09-04 17:10:56;Damaged Shipment;Contents damaged;Phone;TRUE
CMP-0002397;SHP-2025-0096954;2025-12-01 08:08:23;Failed Delivery;Delivery unsuccessful;Chat;TRUE
CMP-0004500;SHP-2026-0180058;2026-08-08 16:34:09;Failed Delivery;Courier did not reach customer;Phone;TRUE
CMP-0001022;SHP-2025-0041405;2025-06-06 23:05:23;Damaged Shipment;Packaging failure;Email;TRUE
CMP-0004482;SHP-2026-0179644;2026-07-18 15:17:30;Late Delivery;Delivered after promised date;Chat;TRUE
CMP-0005734;SHP-2026-0228671;2026-11-26 21:52:27;Other;Other;Chat;TRUE
CMP-0000145;SHP-2025-0005992;2025-01-16 09:59:51;Damaged Shipment;Packaging failure;Web Form;TRUE
CMP-0002877;SHP-2025-0113805;2025-12-15 04:59:33;Other;Other;Email;TRUE
CMP-0005468;SHP-2026-0219105;2026-10-29 19:17:38;Late Delivery;Delivered after promised date;Email;TRUE
CMP-0004295;SHP-2026-0172500;2026-06-12 01:37:20;Failed Delivery;Customer not available;Email;TRUE
CMP-0003951;SHP-2026-0157227;2026-04-11 22:04:22;Late Delivery;Delivered after promised date;Web Form;TRUE
CMP-0000170;SHP-2025-0006880;2025-01-31 16:35:55;Incorrect Delivery;Wrong delivery instructions;Web Form;TRUE
CMP-0002182;SHP-2025-0087379;2025-10-07 04:49:52;Late Delivery;Long transit time;Email;TRUE
CMP-0001180;SHP-2025-0047434;2025-06-11 05:43:19;Failed Delivery;Courier did not reach customer;Email;TRUE
CMP-0000398;SHP-2025-0015972;2025-02-14 12:48:50;Late Delivery;Delivery date repeatedly changed;Email;TRUE
CMP-0003871;SHP-2026-0153347;2026-04-21 21:58:07;Incorrect Delivery;Tracking issue;Email;TRUE
CMP-0000435;SHP-2025-0017342;2025-03-20 21:47:11;Late Delivery;Delivered after promised date;Phone;TRUE
CMP-0000517;SHP-2025-0020369;2025-03-27 15:19:09;Failed Delivery;Customer not available;Phone;TRUE
CMP-0004234;SHP-2026-0169553;2026-06-19 16:09:23;Failed Delivery;Customer not available;Web Form;TRUE
CMP-0001031;SHP-2025-0041598;2025-05-25 13:34:20;Late Delivery;Delivered after promised date;Web Form;TRUE
CMP-0001970;SHP-2025-0079577;2025-09-24 23:51:56;Failed Delivery;Courier did not reach customer;Email;TRUE
CMP-0001388;SHP-2025-0056065;2025-08-05 23:53:14;Failed Delivery;Delivery unsuccessful;Web Form;TRUE
CMP-0001478;SHP-2025-0059573;2025-07-05 18:52:27;Late Delivery;Long transit time;Chat;TRUE
CMP-0000361;SHP-2025-0014527;2025-02-09 09:58:55;Late Delivery;Long transit time;Email;TRUE
CMP-0002377;SHP-2025-0096026;2025-11-27 15:42:17;Failed Delivery;Repeated delivery attempt;Email;TRUE
CMP-0005286;SHP-2026-0212060;2026-10-24 04:35:03;Incorrect Delivery;Wrong delivery instructions;Web Form;TRUE
CMP-0000947;SHP-2025-0037696;2025-05-24 18:42:07;Incorrect Delivery;Wrong delivery instructions;Chat;TRUE
CMP-0002670;SHP-2025-0107514;2025-12-15 18:22:41;Failed Delivery;Delivery unsuccessful;Email;FALSE
CMP-0001724;SHP-2025-0069224;2025-08-26 13:18:40;Other;Tracking issue;Phone;TRUE
CMP-0001915;SHP-2025-0076496;2025-09-08 16:33:12;Other;Wrong delivery instructions;Web Form;TRUE
CMP-0000011;SHP-2025-0000473;2025-02-04 05:50:09;Late Delivery;Delivered after promised date;Phone;TRUE
CMP-0004097;SHP-2026-0163533;2026-05-30 12:28:49;Failed Delivery;Repeated delivery attempt;Chat;TRUE
CMP-0001006;SHP-2025-0040624;2025-05-26 05:44:09;Late Delivery;Delivered after promised date;Email;FALSE
CMP-0004939;SHP-2026-0197816;2026-08-09 04:24:02;Late Delivery;Delivery date repeatedly changed;Email;TRUE
CMP-0000952;SHP-2025-0038022;2025-05-22 12:29:41;Failed Delivery;Courier did not reach customer;Email;TRUE
CMP-0002762;SHP-2025-0110313;2025-12-15 23:17:02;Failed Delivery;Returned to sender;Chat;TRUE
CMP-0000218;SHP-2025-0008857;2025-02-10 13:36:05;Late Delivery;Delivery date repeatedly changed;Web Form;TRUE
CMP-0006153;SHP-2026-0242154;2027-01-05 14:04:04;Late Delivery;Delivery date repeatedly changed;Email;TRUE
CMP-0005670;SHP-2026-0226310;2026-11-28 00:33:03;Failed Delivery;Customer not available;Email;TRUE
CMP-0006158;SHP-2026-0242260;2026-12-25 02:35:35;Failed Delivery;Customer not available;Web Form;TRUE
CMP-0002639;SHP-2025-0106118;2025-11-13 09:33:26;Failed Delivery;Customer not available;Phone;TRUE
CMP-0005442;SHP-2026-0217717;2026-11-02 00:13:18;Failed Delivery;Customer not available;Phone;TRUE
CMP-0002793;SHP-2025-0111190;2025-12-10 17:44:56;Late Delivery;Delivered after promised date;Phone;TRUE
CMP-0004058;SHP-2026-0162110;2026-06-01 09:18:26;Late Delivery;Delivery date repeatedly changed;Phone;TRUE
CMP-0002417;SHP-2025-0098154;2025-11-28 21:13:29;Late Delivery;Long transit time;Email;TRUE
CMP-0001604;SHP-2025-0064986;2025-08-19 00:18:06;Late Delivery;Long transit time;Web Form;TRUE
CMP-0000781;SHP-2025-0030964;2025-04-27 06:32:34;Lost Shipment;Declared lost;Phone;TRUE
CMP-0003776;SHP-2026-0149203;2026-04-22 19:44:07;Other;Wrong delivery instructions;Email;TRUE
CMP-0005376;SHP-2026-0215191;2026-10-27 09:10:02;Incorrect Delivery;Wrong delivery instructions;Phone;TRUE
CMP-0003520;SHP-2026-0138787;2026-03-29 11:35:06;Late Delivery;Long transit time;Web Form;TRUE
CMP-0002511;SHP-2025-0101427;2025-12-03 15:05:02;Other;Tracking issue;Web Form;TRUE
CMP-0004537;SHP-2026-0181504;2026-08-01 16:59:14;Lost Shipment;No tracking progress;Phone;TRUE
CMP-0000210;SHP-2025-0008616;2025-02-13 02:42:41;Late Delivery;Delivered after promised date;Phone;TRUE
CMP-0005615;SHP-2026-0224328;2026-11-17 09:43:02;Failed Delivery;Courier did not reach customer;Email;TRUE
CMP-0004410;SHP-2026-0176960;2026-06-13 12:05:49;Other;Other;Web Form;TRUE
CMP-0001880;SHP-2025-0075038;2025-09-12 12:59:19;Late Delivery;Delivery date repeatedly changed;Web Form;FALSE
CMP-0004035;SHP-2026-0161224;2026-05-14 04:50:44;Incorrect Delivery;Tracking issue; Phone ;TRUE
CMP-0000906;SHP-2025-0035996;2025-05-17 11:23:20;Late Delivery;Long transit time;Chat;TRUE
CMP-0003936;SHP-2026-0155982;2026-04-16 21:21:02;Late Delivery;Delivery date repeatedly changed;Chat;TRUE
CMP-0006010;SHP-2026-0238230;2027-01-06 23:36:11;Incorrect Delivery;Other;Phone;TRUE
CMP-0000769;SHP-2025-0030482;2025-04-21 07:01:34;Late Delivery;Delivered after promised date;Phone;TRUE
CMP-0005035;SHP-2026-0201390;2026-09-30 15:16:16;Late Delivery;Delivery date repeatedly changed;Email;TRUE
CMP-0001143;SHP-2025-0046315;2025-06-28 11:42:09;Other;Wrong delivery instructions;Phone;TRUE
CMP-0000125;SHP-2025-0004992;2025-02-02 17:18:43;Lost Shipment;No tracking progress;Email;TRUE
CMP-0000724;SHP-2025-0029001;2025-04-16 06:07:25;Incorrect Delivery;Other;Web Form;TRUE
CMP-0004818;SHP-2026-0193040;2026-08-09 05:06:32;Late Delivery;Delivery date repeatedly changed;Chat;TRUE
CMP-0001220;SHP-2025-0049086;2025-07-06 17:13:40;Failed Delivery;Customer not available;Web Form;TRUE
CMP-0001816;SHP-2025-0072413;2025-08-11 20:59:58;Failed Delivery;Repeated delivery attempt;Phone;FALSE
CMP-0001002;SHP-2025-0040467;2025-05-30 21:19:57;Late Delivery;Long transit time;Web Form;TRUE
CMP-0000225;SHP-2025-0009240;2025-02-23 12:17:39;Late Delivery;Delivered after promised date;Web Form;TRUE
CMP-0004586;SHP-2026-0183358;2026-07-22 22:35:08;Other;Wrong delivery instructions;Email;TRUE
CMP-0003687;SHP-2026-0146065;2026-03-19 17:06:35;Late Delivery;Long transit time;Email;FALSE
CMP-0004595;SHP-2026-0183798;2026-07-07 07:08:32;Incorrect Delivery;Tracking issue;Web Form;TRUE
CMP-0002887;SHP-2025-0114023;2026-01-03 04:49:31;Late Delivery;Delivered after promised date;Web Form;TRUE
CMP-0001913;SHP-2025-0076457;2025-09-09 20:38:13;Late Delivery;Delivered after promised date;Web Form;TRUE
CMP-0006257;SHP-2026-0245304;2026-12-14 12:55:44;Lost Shipment;No tracking progress;Phone;TRUE
CMP-0002728;SHP-2025-0109114;2025-12-10 02:05:19;Late Delivery;Delivery date repeatedly changed;Email;TRUE
CMP-0004660;SHP-2026-0186452;2026-07-20 13:50:06;Failed Delivery;Delivery unsuccessful;Email;TRUE
CMP-0002175;SHP-2025-0087079;2025-10-17 10:53:34;Failed Delivery;Returned to sender;Phone;FALSE
CMP-0002471;SHP-2025-0099928;2025-11-11 03:32:04;Failed Delivery;Customer not available;Web Form;TRUE
CMP-0004076;SHP-2026-0162729;2026-05-24 20:38:55;Late Delivery;Delivered after promised date;Phone;TRUE
CMP-0002725;SHP-2025-0109086;2026-01-03 07:22:40;Other;Wrong delivery instructions;Email;TRUE
CMP-0001845;SHP-2025-0073310;2025-09-14 22:04:58;Other;Tracking issue;Phone;TRUE
CMP-0004016;SHP-2026-0160415;2026-05-28 01:46:10;Late Delivery;Long transit time;Web Form;TRUE
CMP-0004126;SHP-2026-0165000;2026-05-07 10:05:18;Late Delivery;Delivery date repeatedly changed;Phone;TRUE
CMP-0004634;SHP-2026-0185574;2026-07-07 20:15:57;Late Delivery;Long transit time;Phone;TRUE
CMP-0002937;SHP-2025-0115522;2026-01-03 10:17:29;Late Delivery;Long transit time;Web Form;TRUE
CMP-0001465;SHP-2025-0058969;2025-07-07 14:35:54;Other;Wrong delivery instructions;Chat;TRUE
CMP-0004882;SHP-2026-0195556;2026-08-27 21:23:22;Incorrect Delivery;Other;Email;TRUE
CMP-0003197;SHP-2026-0125611;2026-01-09 01:44:27;Failed Delivery;Repeated delivery attempt;Web Form;TRUE
CMP-0002729;SHP-2025-0109143;2025-12-10 10:44:31;Late Delivery;Delivery date repeatedly changed;Phone;TRUE
CMP-0005404;SHP-2026-0216004;2026-10-12 21:56:40;Incorrect Delivery;Tracking issue;Email;TRUE
CMP-0006322;SHP-2026-0247518;2026-12-24 05:19:10;Late Delivery;Delivery date repeatedly changed;Email;TRUE
CMP-0002298;SHP-2025-0092913;2025-10-10 05:52:37;Late Delivery;Delivered after promised date;Phone;TRUE
CMP-0000816;SHP-2025-0032293;2025-04-29 07:44:34;Lost Shipment;Shipment not delivered;Email;TRUE
CMP-0001040;SHP-2025-0042016;2025-05-12 14:31:12;Other;Tracking issue;Email;TRUE
CMP-0004364;SHP-2026-0175273;2026-07-01 22:24:06;Incorrect Delivery;Wrong delivery instructions;Chat;TRUE
CMP-0004159;SHP-2026-0166178;2026-05-12 22:50:48;Other;Other;Email;TRUE
CMP-0005528;SHP-2026-0221052;2026-11-23 20:06:48;Late Delivery;Long transit time;Email;TRUE
CMP-0000793;SHP-2025-0031525;2025-04-08 18:39:40;Late Delivery;Delivered after promised date;Web Form;TRUE
CMP-0005234;SHP-2026-0209731;2026-10-08 14:45:08;Incorrect Delivery;Wrong delivery instructions;Email;TRUE
CMP-0000564;SHP-2025-0022312;2025-03-12 08:21:47;Other;Wrong delivery instructions;Phone;FALSE
CMP-0004819;SHP-2026-0193147;2026-08-10 21:07:48;Lost Shipment;Declared lost;Email;TRUE
CMP-0006285;SHP-2026-0246361;2026-12-31 06:38:41;Late Delivery;Long transit time;Phone;TRUE
CMP-0001286;SHP-2025-0051761;2025-06-13 11:29:32;Late Delivery;Long transit time;Web Form;TRUE
CMP-0004208;SHP-2026-0168479;2026-06-29 10:01:13;Incorrect Delivery;Wrong delivery instructions;Phone;TRUE
CMP-0003595;SHP-2026-0142447;2026-03-06 14:12:46;Other;Wrong delivery instructions;Web Form;TRUE
CMP-0002632;SHP-2025-0105753;2025-11-08 22:56:41;Incorrect Delivery;Tracking issue;Email;TRUE
CMP-0006154;SHP-2026-0242176;2027-01-06 21:48:24;Failed Delivery;Courier did not reach customer;Chat;TRUE
CMP-0005278;SHP-2026-0211611;2026-10-10 21:11:33;Other;Other;Web Form;TRUE
CMP-0000222;SHP-2025-0008978;2025-02-25 12:10:23;Late Delivery;Delivered after promised date;Phone;TRUE
CMP-0002474;SHP-2025-0100110;2025-12-03 00:29:25;Late Delivery;Delivery date repeatedly changed;Email;TRUE
CMP-0001798;SHP-2025-0071759;2025-08-30 23:48:24;Late Delivery;Delivered after promised date;Phone;TRUE
CMP-0005139;SHP-2026-0206327;2026-09-23 07:07:03;Incorrect Delivery;Wrong delivery instructions;Phone;TRUE
CMP-0003163;SHP-2026-0123868;2026-01-20 02:06:58;Late Delivery;Delivery date repeatedly changed;Chat;TRUE
CMP-0004188;SHP-2026-0167436;2026-05-21 12:55:11;Incorrect Delivery;Tracking issue;Web Form;TRUE
CMP-0000183;SHP-2025-0007443;2025-01-29 02:12:09;Failed Delivery;Customer not available;Phone;TRUE
CMP-0005808;SHP-2026-0231058;2026-11-11 08:48:15;Late Delivery;Delivered after promised date;Chat;TRUE
CMP-0000498;SHP-2025-0019587;2025-03-18 08:34:15;Other;Other;Email;TRUE
CMP-0001681;SHP-2025-0067582;2025-09-06 09:43:51;Failed Delivery;Courier did not reach customer;Web Form;TRUE
CMP-0000472;SHP-2025-0018552;2025-03-22 18:57:30;Failed Delivery;Repeated delivery attempt;Phone;TRUE
CMP-0001669;SHP-2025-0067267;2025-08-12 18:01:24;Late Delivery;Long transit time;Phone;TRUE
CMP-0002144;SHP-2025-0085883;2025-10-18 17:04:51;Late Delivery;Delivery date repeatedly changed;Web Form;TRUE
CMP-0004844;SHP-2026-0194199;2026-08-09 02:39:26;Other;Tracking issue;Email;FALSE
CMP-0001856;SHP-2025-0073796;2025-09-19 12:14:02;Failed Delivery;Returned to sender;Phone;TRUE
CMP-0006171;SHP-2026-0242620;2026-12-30 06:33:43;Failed Delivery;Courier did not reach customer;Email;FALSE
CMP-0000803;SHP-2025-0031928;2025-04-06 19:54:31;Incorrect Delivery;Tracking issue;Email;TRUE
CMP-0003859;SHP-2026-0152605;2026-04-30 16:14:32;Failed Delivery;Courier did not reach customer;Web Form;TRUE
CMP-0005988;SHP-2026-0237274;2027-01-04 14:46:04;Late Delivery;Long transit time;Email;FALSE
CMP-0004870;SHP-2026-0195248;2026-09-01 20:39:37;Late Delivery;Delivered after promised date;Web Form;TRUE
CMP-0002816;SHP-2025-0111810;2026-01-02 04:46:40;Failed Delivery;Repeated delivery attempt;Web Form;TRUE
CMP-0001094;SHP-2025-0044205;2025-06-12 12:40:36;Late Delivery;Delivery date repeatedly changed;Web Form;TRUE
CMP-0000851;SHP-2025-0033476;2025-04-28 08:47:49;Incorrect Delivery;Other;Phone;TRUE
CMP-0002623;SHP-2025-0105156;2025-11-12 06:32:36;Lost Shipment;Declared lost;Web Form;TRUE
CMP-0002600;SHP-2025-0104236;2025-11-19 18:28:46;Other;Other;Phone;TRUE
CMP-0000589;SHP-2025-0023294;2025-03-09 23:10:49;Other;Wrong delivery instructions;Chat;FALSE
CMP-0002119;SHP-2025-0085284;2025-10-18 15:43:00;Late Delivery;Long transit time;Phone;TRUE
CMP-0002571;SHP-2025-0103508;2025-11-26 13:53:11;Late Delivery;Delivered after promised date;Web Form;TRUE
CMP-0001764;SHP-2025-0070454;2025-08-08 08:43:04;Incorrect Delivery;Wrong delivery instructions;Email;TRUE
CMP-0000772;SHP-2025-0030633;2025-05-06 08:36:07;Failed Delivery;Repeated delivery attempt;Email;TRUE
CMP-0002297;SHP-2025-0092887;2025-10-11 05:54:31;Other;Other;Email;TRUE
CMP-0000971;SHP-2025-0038914;2025-06-01 06:43:38;Incorrect Delivery;Other;Phone;TRUE
CMP-0001665;SHP-2025-0067211;2025-08-28 04:14:16;Other;Wrong delivery instructions;Chat;TRUE
CMP-0003826;SHP-2026-0151437;2026-04-17 13:58:14;Late Delivery;Long transit time;Web Form;TRUE
CMP-0000854;SHP-2025-0033508;2025-04-11 00:54:01;Other;Other;Email;TRUE
CMP-0002694;SHP-2025-0108300;2026-01-03 21:10:38;Late Delivery;Delivered after promised date;Phone;TRUE
CMP-0005383;SHP-2026-0215350;2026-10-29 23:31:20;Late Delivery;Long transit time;Chat;TRUE
CMP-0003124;SHP-2026-0122283;2026-01-24 05:30:54;Incorrect Delivery;Tracking issue;Phone;TRUE
CMP-0006223;SHP-2026-0244386;2027-01-03 16:41:48;Late Delivery;Long transit time;Web Form;TRUE
CMP-0001961;SHP-2025-0079117;2025-09-09 13:47:44;Other;Other;Phone;TRUE
CMP-0001710;SHP-2025-0068710;2025-08-11 07:57:49;Late Delivery;Delivery date repeatedly changed;Email;TRUE
CMP-0004448;SHP-2026-0178542;2026-07-26 15:42:53;Incorrect Delivery;Other;Chat;TRUE
CMP-0005843;SHP-2026-0232428;2026-11-09 23:44:02;Late Delivery;Delivered after promised date;Chat;TRUE
CMP-0004107;SHP-2026-0164132;2026-05-25 00:16:43;Other;Tracking issue;Phone;TRUE
CMP-0005687;SHP-2026-0227078;2026-11-20 17:51:33;Late Delivery;Long transit time;Web Form;TRUE
CMP-0002753;SHP-2025-0110113;2026-01-01 04:58:07;Failed Delivery;Returned to sender;Email;FALSE
CMP-0002555;SHP-2025-0103024;2025-11-21 07:42:18;Late Delivery;Long transit time;Email;TRUE
CMP-0002406;SHP-2025-0097710;2025-11-27 18:25:50;Late Delivery;Delivery date repeatedly changed;Phone;TRUE
CMP-0001014;SHP-2025-0041073;2025-06-04 13:45:04;Failed Delivery;Returned to sender;Web Form;TRUE
CMP-0000502;SHP-2025-0019757;2025-03-28 03:45:06;Failed Delivery;Courier did not reach customer;Web Form;FALSE
CMP-0004312;SHP-2026-0173399;2026-06-12 05:13:41;Late Delivery;Delivery date repeatedly changed;Email;TRUE
CMP-0004419;SHP-2026-0177496;2026-06-18 18:09:02;Incorrect Delivery;Tracking issue;Email;TRUE
CMP-0005317;SHP-2026-0213236;2026-10-07 21:06:40;Incorrect Delivery;Wrong delivery instructions;Email;TRUE
CMP-0000480;SHP-2025-0018794;2025-03-19 08:45:38;Late Delivery;Long transit time;Chat;TRUE
CMP-0001680;SHP-2025-0067536;2025-08-23 15:15:14;Failed Delivery;Returned to sender;Web Form;TRUE
CMP-0003526;SHP-2026-0139031;2026-03-21 15:49:19;Late Delivery;Delivery date repeatedly changed;Web Form;TRUE
CMP-0001684;SHP-2025-0067584;2025-09-03 00:17:27;Failed Delivery;Courier did not reach customer;Chat;TRUE
CMP-0003509;SHP-2026-0138560;2026-04-05 23:56:29;Late Delivery;Delivery date repeatedly changed;Email;TRUE
CMP-0001668;SHP-2025-0067255;2025-08-07 05:25:26;Failed Delivery;Customer not available;Phone;FALSE
CMP-0006299;SHP-2026-0246760;2026-12-09 21:15:55;Late Delivery;Delivered after promised date;Email;TRUE
CMP-0000924;SHP-2025-0036566;2025-05-29 21:16:10;Late Delivery;Delivered after promised date;Email;TRUE
CMP-0001260;SHP-2025-0050848;2025-06-28 22:06:00;Late Delivery;Long transit time;Web Form;TRUE
CMP-0004168;SHP-2026-0166719;2026-06-06 20:11:26;Late Delivery;Delivered after promised date; Phone ;TRUE
CMP-0000377;SHP-2025-0015291;2025-02-16 20:19:12;Failed Delivery;Repeated delivery attempt;Phone;TRUE
CMP-0003658;SHP-2026-0145060;2026-03-22 16:41:00;Late Delivery;Long transit time;Web Form;TRUE
CMP-0003500;SHP-2026-0137976;2026-02-11 10:18:16;Incorrect Delivery;Tracking issue;Phone;TRUE
CMP-0001438;SHP-2025-0057964;2025-07-19 08:32:26;Failed Delivery;Courier did not reach customer;Web Form;TRUE
CMP-0004825;SHP-2026-0193326;2026-08-13 01:17:56;Incorrect Delivery;Wrong delivery instructions;Web Form;TRUE
CMP-0006325;SHP-2026-0247634;2026-12-24 21:42:55;Late Delivery;Delivered after promised date;Web Form;TRUE
CMP-0005015;SHP-2026-0200732;2026-10-04 13:31:55;Lost Shipment;Declared lost;Email;TRUE
CMP-0000257;SHP-2025-0010680;2025-02-16 17:31:34;Failed Delivery;Customer not available;Chat;TRUE
CMP-0005365;SHP-2026-0214740;2026-10-23 19:15:19;Failed Delivery;Customer not available;Phone;TRUE
CMP-0004823;SHP-2026-0193284;2026-08-13 09:02:32;Late Delivery;Delivery date repeatedly changed;Phone;TRUE
CMP-0005471;SHP-2026-0219224;2026-10-13 03:43:58;Failed Delivery;Returned to sender;Email;TRUE
CMP-0000189;SHP-2025-0007633;2025-01-14 10:58:12;Failed Delivery;Courier did not reach customer;Email;TRUE
CMP-0004034;SHP-2026-0161085;2026-05-13 23:23:00;Incorrect Delivery;Wrong delivery instructions;Web Form;TRUE
CMP-0002419;SHP-2025-0098215;2025-11-24 11:44:19;Late Delivery;Delivered after promised date;Chat;TRUE
CMP-0005358;SHP-2026-0214294;2026-11-02 14:05:05;Incorrect Delivery;Tracking issue;Email;TRUE
CMP-0003398;SHP-2026-0134290;2026-02-12 01:20:57;Failed Delivery;Repeated delivery attempt;Phone;TRUE
CMP-0002023;SHP-2025-0081374;2025-09-16 05:45:52;Late Delivery;Delivery date repeatedly changed;Phone;TRUE
CMP-0004838;SHP-2026-0193890;2026-08-31 04:45:42;Incorrect Delivery;Tracking issue;Email;TRUE
CMP-0004438;SHP-2026-0178231;2026-08-02 06:02:08;Incorrect Delivery;Wrong delivery instructions;Phone;TRUE
CMP-0003304;SHP-2026-0130327;2026-02-27 11:43:17;Failed Delivery;Delivery unsuccessful;Web Form;TRUE
CMP-0000933;SHP-2025-0036915;2025-05-10 05:45:52;Other;Tracking issue;Web Form;TRUE
CMP-0000920;SHP-2025-0036414;2025-06-03 19:26:24;Other;Tracking issue;Email;FALSE
CMP-0006106;SHP-2026-0240743;2026-12-11 11:50:21;Late Delivery;Long transit time;Phone;TRUE
CMP-0001374;SHP-2025-0055294;2025-07-11 14:32:29;Failed Delivery;Courier did not reach customer;Email;TRUE
CMP-0004688;SHP-2026-0187846;2026-07-31 05:59:31;Late Delivery;Delivery date repeatedly changed;Web Form;TRUE
CMP-0004150;SHP-2026-0165940;2026-05-30 07:13:46;Other;Other;Email;TRUE
CMP-0005390;SHP-2026-0215636;2026-10-30 16:51:57;Late Delivery;Delivery date repeatedly changed;Phone;TRUE
CMP-0002280;SHP-2025-0092051;2025-10-26 14:35:27;Late Delivery;Long transit time;Web Form;FALSE
CMP-0004443;SHP-2026-0178444;2026-07-13 14:17:01;Incorrect Delivery;Wrong delivery instructions;Phone;TRUE
CMP-0002788;SHP-2025-0111080;2025-12-24 17:12:59;Late Delivery;Delivery date repeatedly changed;Email;TRUE
CMP-0006063;SHP-2026-0239729;2027-01-07 03:17:50;Late Delivery;Long transit time;Phone;TRUE
CMP-0001451;SHP-2025-0058629;2025-07-23 16:28:54;Incorrect Delivery;Tracking issue;Phone;TRUE
CMP-0003107;SHP-2025-0121297;2025-12-25 13:55:21;Late Delivery;Delivered after promised date;Email;TRUE
CMP-0003691;SHP-2026-0146294;2026-03-26 14:36:59;Late Delivery;Delivery date repeatedly changed;Phone;TRUE
CMP-0004177;SHP-2026-0166979;2026-05-28 09:48:08;Late Delivery;Long transit time;Web Form;TRUE
CMP-0005888;SHP-2026-0234074;2026-12-02 03:24:11;Late Delivery;Delivered after promised date;Web Form;TRUE
CMP-0006066;SHP-UNKNOWN-846;2026-12-16 16:25:58;Failed Delivery;Courier did not reach customer;Chat;TRUE
CMP-0003572;SHP-2026-0141099;2026-03-24 14:29:23;Failed Delivery;Courier did not reach customer;Web Form;TRUE
CMP-0001626;SHP-2025-0065637;2025-08-27 19:37:07;Late Delivery;Long transit time;Phone;TRUE
CMP-0001365;SHP-2025-0055056;2025-07-22 15:49:55;Failed Delivery;Courier did not reach customer;Web Form;TRUE
CMP-0003037;SHP-2025-0119447;2025-12-10 14:51:11;Late Delivery;Long transit time;Phone;FALSE
CMP-0002010;SHP-2025-0081074;2025-09-21 20:06:01;Incorrect Delivery;Tracking issue;Phone;TRUE
CMP-0004979;SHP-2026-0199467;2026-09-10 21:40:46;Late Delivery;Long transit time;Web Form;TRUE
CMP-0000456;SHP-2025-0018119;2025-03-22 05:27:28;Late Delivery;Delivered after promised date;Web Form;TRUE
CMP-0001839;SHP-2025-0073168;2025-09-09 21:45:32;Late Delivery;Delivery date repeatedly changed;Phone;TRUE
CMP-0000465;SHP-2025-0018226;2025-03-14 18:53:46;Failed Delivery;Returned to sender;Phone;TRUE
CMP-0001778;SHP-2025-0070924;2025-08-26 17:47:51;Other;Tracking issue;Phone;TRUE
CMP-0003877;SHP-2026-0153707;2026-04-30 09:54:45;Late Delivery;Delivery date repeatedly changed;Web Form;TRUE
CMP-0002483;SHP-2025-0100599;2025-12-06 15:58:26;Damaged Shipment;Package damaged;Email;TRUE
CMP-0004209;SHP-2026-0168621;2026-06-28 11:00:32;Late Delivery;Delivery date repeatedly changed;Web Form;TRUE
CMP-0004554;SHP-2026-0182328;2026-07-29 04:04:58;Other;Wrong delivery instructions;Email;TRUE
CMP-0000494;SHP-2025-0019519;2025-03-24 11:39:52;Failed Delivery;Courier did not reach customer;Web Form;TRUE
CMP-0000404;SHP-2025-0016159;2025-03-07 23:51:59;Incorrect Delivery;Other;Email;TRUE
CMP-0000196;SHP-2025-0007926;2025-02-04 21:40:33;Late Delivery;Long transit time; Phone ;TRUE
CMP-0002160;SHP-2025-0086393;2025-10-30 06:27:06;Failed Delivery;Courier did not reach customer;Phone;TRUE
CMP-0004006;SHP-2026-0160039;2026-06-07 05:48:32;Failed Delivery;Courier did not reach customer;Web Form;TRUE
CMP-0005539;SHP-2026-0221526;2026-12-03 13:32:07;Late Delivery;Delivered after promised date;Phone;TRUE
CMP-0000554;SHP-2025-0021761;2025-03-29 18:03:04;Failed Delivery;Repeated delivery attempt;Email;TRUE
CMP-0004252;SHP-2026-0170657;2026-07-02 07:33:42;Incorrect Delivery;Other;Web Form;TRUE
CMP-0002341;SHP-2025-0094556;2025-11-10 20:39:22;Late Delivery;Delivery date repeatedly changed;Chat;TRUE
CMP-0004323;SHP-2026-0173793;2026-06-10 02:42:45;Damaged Shipment;Packaging failure;Web Form;TRUE
CMP-0004990;SHP-2026-0199698;2026-09-22 07:09:16;Failed Delivery;Repeated delivery attempt;Phone;TRUE
CMP-0002106;SHP-2025-0084690;2025-10-31 04:53:48;Failed Delivery;Courier did not reach customer;Email;TRUE
CMP-0001921;SHP-2025-0076658;2025-09-25 20:54:54;Failed Delivery;Courier did not reach customer;Chat;TRUE
CMP-0000596;SHP-2025-0023684;2025-03-30 04:00:21;Late Delivery;Delivery date repeatedly changed;Phone;TRUE
CMP-0003590;SHP-2026-0142117;2026-03-22 17:48:06;Incorrect Delivery;Other;Chat;TRUE
CMP-0001628;SHP-2025-0065664;2025-08-13 21:27:33;Late Delivery;Delivered after promised date;Phone;TRUE
CMP-0005019;SHP-2026-0200851;2026-09-09 22:41:25;Other;Other;Email;TRUE
CMP-0003324;SHP-2026-0131138;2026-02-14 04:45:10;Failed Delivery;Repeated delivery attempt;Web Form;TRUE
CMP-0005625;SHP-2026-0224736;2026-12-02 19:46:00;Other;Tracking issue;Phone;TRUE
CMP-0003067;SHP-2025-0120099;2025-12-12 11:36:36;Incorrect Delivery;Tracking issue;Phone;FALSE
CMP-0004089;SHP-2026-0163307;2026-05-21 03:30:44;Damaged Shipment;Contents damaged;Email;TRUE
CMP-0002894;SHP-2025-0114151;2025-12-13 21:13:53;Late Delivery;Delivered after promised date;Email;TRUE
CMP-0006392;SHP-2026-0249919;2026-12-24 10:08:02;Late Delivery;Delivery date repeatedly changed;Chat;TRUE
CMP-0003960;SHP-2026-0157580;2026-04-13 09:24:40;Failed Delivery;Returned to sender;Email;TRUE
CMP-0002532;SHP-2025-0102191;2025-11-10 15:37:58;Late Delivery;Delivery date repeatedly changed;Phone;TRUE
CMP-0006211;SHP-2026-0243961;2027-01-01 22:06:09;Incorrect Delivery;Wrong delivery instructions;Web Form;TRUE
CMP-0004120;SHP-2026-0164796;2026-05-25 14:12:56;Late Delivery;Long transit time;Web Form;TRUE
CMP-0002191;SHP-2025-0088252;2025-10-14 05:46:23;Failed Delivery;Customer not available;Email;TRUE
CMP-0004752;SHP-2026-0190516;2026-08-17 03:46:20;Failed Delivery;Repeated delivery attempt;Phone;TRUE
CMP-0002830;SHP-2025-0112202;2025-12-28 03:01:17;Failed Delivery;Repeated delivery attempt;Email;TRUE
CMP-0002928;SHP-2025-0115233;2025-12-15 02:56:00;Late Delivery;Delivery date repeatedly changed;Phone;TRUE
CMP-0002773;SHP-2025-0110651;2025-12-28 16:55:41;Late Delivery;Delivered after promised date;Chat;TRUE
CMP-0002771;SHP-2025-0110577;2026-01-03 16:43:17;Other;Tracking issue;Phone;TRUE
CMP-0000092;SHP-2025-0003624;2025-01-29 05:52:30;Failed Delivery;Delivery unsuccessful;Chat;TRUE
CMP-0005097;SHP-2026-0204093;2026-09-18 08:17:15;Late Delivery;Delivered after promised date;Chat;TRUE
CMP-0000668;SHP-2025-0026750;2025-04-21 20:18:18;Late Delivery;Delivery date repeatedly changed;Chat;TRUE
CMP-0004427;SHP-2026-0177805;2026-06-10 15:20:34;Failed Delivery;Repeated delivery attempt;Phone;TRUE
CMP-0005968;SHP-2026-0236739;2027-01-06 17:20:21;Late Delivery;Delivery date repeatedly changed;Phone;TRUE
CMP-0000688;SHP-2025-0027615;2025-04-23 07:47:26;Incorrect Delivery;Wrong delivery instructions;Web Form;TRUE
CMP-0004899;SHP-2026-0196311;2026-08-22 21:30:03;Late Delivery;Delivery date repeatedly changed;Phone;TRUE
CMP-0004495;SHP-2026-0179969;2026-07-18 06:13:24;Late Delivery;Delivery date repeatedly changed;Phone;TRUE
CMP-0002016;SHP-2025-0081197;2025-09-09 08:19:14;Incorrect Delivery;Wrong delivery instructions;Email;TRUE
CMP-0004341;SHP-2026-0174533;2026-06-05 04:33:49;Failed Delivery;Returned to sender;Email;FALSE
CMP-0002362;SHP-2025-0095432;2025-11-23 01:53:53;Late Delivery;Delivered after promised date;Phone;TRUE
CMP-0005964;SHP-2026-0236591;2026-12-22 07:46:53;Other;Tracking issue;Web Form;TRUE
CMP-0001842;SHP-2025-0073260;2025-09-08 20:51:04;Other;Tracking issue;Chat;TRUE
CMP-0002755;SHP-2025-0110158;2025-12-14 02:02:24;Failed Delivery;Returned to sender;Email;TRUE
CMP-0004775;SHP-2026-0191444;2026-09-03 14:31:05;Late Delivery;Delivery date repeatedly changed;Phone;TRUE
CMP-0004174;SHP-2026-0166877;2026-05-06 15:23:29;Late Delivery;Delivery date repeatedly changed;Web Form;TRUE
CMP-0005692;SHP-2026-0227204;2026-11-14 21:49:04;Failed Delivery;Customer not available;Email;TRUE
CMP-0000620;SHP-2025-0024508;2025-03-28 10:29:52;Late Delivery;Delivery date repeatedly changed;Web Form;TRUE
CMP-0000497;SHP-2025-0019569;2025-03-16 13:13:23;Late Delivery;Long transit time;Chat;TRUE
CMP-0004026;SHP-2026-0160728;2026-05-18 19:25:35;Other;Other;Web Form;TRUE
CMP-0004080;SHP-2026-0162885;2026-05-17 19:49:47;Incorrect Delivery;Tracking issue;Web Form;TRUE
CMP-0004078;SHP-2026-0162799;2026-05-21 05:16:51;Late Delivery;Long transit time;Phone;TRUE
CMP-0004700;SHP-2026-0188212;2026-08-18 18:56:24;Late Delivery;Delivery date repeatedly changed;Chat;TRUE
CMP-0005157;SHP-2026-0207060;2026-09-27 23:13:45;Failed Delivery;Courier did not reach customer;Chat;TRUE
CMP-0000704;SHP-2025-0028225;2025-04-25 15:12:46;Late Delivery;Delivery date repeatedly changed;Email;TRUE
CMP-0002003;SHP-2025-0080935;2025-09-20 15:33:45;Late Delivery;Long transit time;Email;TRUE
CMP-0001158;SHP-2025-0046730;2025-06-10 13:54:14;Failed Delivery;Returned to sender;Chat;TRUE
CMP-0004153;SHP-2026-0166059;2026-05-11 13:20:42;Incorrect Delivery;Other;Email;TRUE
CMP-0002101;SHP-2025-0084442;2025-10-21 01:34:51;Incorrect Delivery;Other;Email;TRUE
CMP-0002717;SHP-2025-0108840;2025-12-08 14:04:40;Other;Tracking issue;Web Form;TRUE
CMP-0005952;SHP-2026-0236162;2027-01-02 08:48:08;Late Delivery;Delivery date repeatedly changed;Chat;TRUE
CMP-0006018;SHP-2026-0238463;2026-12-18 17:28:51;Failed Delivery;Customer not available;Email;FALSE
CMP-0005941;SHP-2026-0235873;2026-12-24 23:22:47;Late Delivery;Delivered after promised date;Web Form;TRUE
CMP-0003325;SHP-2026-0131176;2026-02-28 23:57:25;Incorrect Delivery;Wrong delivery instructions;Phone;TRUE
CMP-0002536;SHP-2025-0102364;2025-11-27 06:44:54;Other;Wrong delivery instructions;Email;TRUE
CMP-0002903;SHP-2025-0114372;2026-01-02 13:39:09;Incorrect Delivery;Tracking issue;Email;TRUE
CMP-0001141;SHP-2025-0046313;2025-06-15 09:31:06;Damaged Shipment;Packaging failure;Web Form;TRUE
CMP-0005999;SHP-2026-0237876;2026-12-14 12:03:13;Incorrect Delivery;Other;Email;TRUE
CMP-0005116;SHP-2026-0204833;2026-09-27 13:52:42;Late Delivery;Delivery date repeatedly changed;Phone;TRUE
CMP-0000475;SHP-2025-0018647;2025-03-18 18:25:52;Other;Wrong delivery instructions;Phone;TRUE
CMP-0004068;SHP-2026-0162400;2026-05-25 17:05:26;Late Delivery;Delivery date repeatedly changed;Phone;TRUE
CMP-0003748;SHP-2026-0148389;2026-01-03 10:33:10;Other;Wrong delivery instructions;Web Form;TRUE
CMP-0003601;SHP-2026-0142771;2026-03-09 08:16:04;Late Delivery;Delivered after promised date;Phone;TRUE
CMP-0005956;SHP-2026-0236384;2027-01-03 19:58:07;Late Delivery;Delivery date repeatedly changed;Phone;TRUE
CMP-0005269;SHP-2026-0211327;2026-10-16 17:22:27;Late Delivery;Delivered after promised date;Web Form;TRUE
CMP-0004542;SHP-2026-0181839;2026-07-31 08:03:06;Incorrect Delivery;Tracking issue;Chat;TRUE
CMP-0003020;SHP-2025-0118702;2025-12-25 19:22:22;Failed Delivery;Courier did not reach customer;Web Form;TRUE
CMP-0002360;SHP-2025-0095375;2025-11-24 10:14:17;Other;Tracking issue;Email;TRUE
CMP-0004110;SHP-2026-0164220;2026-05-13 13:51:26;Late Delivery;Delivered after promised date;Web Form;TRUE
CMP-0004513;SHP-2026-0180592;2026-07-08 11:28:20;Incorrect Delivery;Other;Chat;TRUE
CMP-0003597;SHP-2026-0142574;2026-03-24 10:27:03;Late Delivery;Long transit time;Phone;TRUE
CMP-0003796;SHP-2026-0150289;2026-04-05 20:31:07;Incorrect Delivery;Other;Phone;TRUE
CMP-0003468;SHP-2026-0136804;2026-02-19 12:19:18;Incorrect Delivery;Wrong delivery instructions;Email;TRUE
CMP-0001225;SHP-2025-0049357;2025-06-28 11:40:56;Late Delivery;Delivered after promised date;Web Form;TRUE
CMP-0003706;SHP-2026-0146963;2026-03-25 00:14:35;Damaged Shipment;Contents damaged;Email;TRUE
CMP-0000859;SHP-2025-0033984;2025-04-08 21:12:30;Failed Delivery;Courier did not reach customer;Web Form;TRUE
CMP-0003580;SHP-2026-0141318;2026-01-02 04:52:01;Other;Wrong delivery instructions;Chat;TRUE
CMP-0004681;SHP-2026-0187582;2026-07-27 00:04:33;Failed Delivery;Courier did not reach customer;Web Form;TRUE
CMP-0004330;SHP-2026-0173973;2026-06-14 08:33:03;Failed Delivery;Customer not available;Phone;TRUE
CMP-0003060;SHP-2025-0119989;2025-12-26 01:06:53;Late Delivery;;Email;TRUE
CMP-0006145;SHP-2026-0241865;2026-12-29 00:35:20;Late Delivery;Delivered after promised date;Web Form;TRUE
CMP-0001834;SHP-2025-0072951;2025-09-14 10:08:21;Failed Delivery;Customer not available;Email;FALSE
CMP-0004373;SHP-2026-0175429;2026-06-24 07:22:35;Late Delivery;Delivery date repeatedly changed;Web Form;TRUE
CMP-0001999;SHP-2025-0080751;2025-09-13 20:21:36;Incorrect Delivery;Tracking issue;Email;TRUE
CMP-0001756;SHP-2025-0070177;2025-09-04 07:49:28;Failed Delivery;Repeated delivery attempt;Web Form;TRUE
CMP-0001358;SHP-2025-0054769;2025-08-04 16:23:14;Lost Shipment;Declared lost;Phone;TRUE
CMP-0003616;SHP-2026-0143527;2026-03-09 06:12:46;Late Delivery;Delivered after promised date;Phone;TRUE
CMP-0001679;SHP-2025-0067517;2025-09-02 04:20:58;Failed Delivery;Delivery unsuccessful;Phone;TRUE
CMP-0004422;SHP-2026-0177579;2026-07-03 07:11:40;Other;Wrong delivery instructions;Email;FALSE
CMP-0002914;SHP-2025-0114753;2025-12-13 01:28:54;Other;Tracking issue;Phone;TRUE
CMP-0000432;SHP-2025-0017304;2025-04-04 20:09:13;Incorrect Delivery;Other;Phone;TRUE
CMP-0003355;SHP-2026-0132641;2026-02-28 17:05:13;Incorrect Delivery;Tracking issue;Phone;TRUE
CMP-0002964;SHP-2025-0116505;2026-01-08 16:50:18;Late Delivery;Delivered after promised date;Web Form;TRUE
CMP-0001189;SHP-2025-0047721;2025-06-07 13:15:27;Damaged Shipment;Package damaged;Email;TRUE
CMP-0004337;SHP-2026-0174380;2026-06-20 02:10:08;Late Delivery;Delivery date repeatedly changed;Web Form;TRUE
CMP-0000333;SHP-2025-0013517;2025-02-09 07:33:58;Incorrect Delivery;Other;Email;TRUE
CMP-0000023;SHP-2025-0001146;2025-01-15 11:32:08;Incorrect Delivery;Tracking issue;Phone;TRUE
CMP-0005929;SHP-2026-0235440;2026-12-10 03:58:42;Incorrect Delivery;Wrong delivery instructions;Chat;TRUE
CMP-0006144;SHP-2026-0241845;2026-12-19 11:41:11;Late Delivery;Long transit time;Chat;TRUE
CMP-0003975;SHP-2026-0158372;2026-05-10 10:31:42;Late Delivery;Delivered after promised date;Phone;FALSE
CMP-0001046;SHP-2025-0042219;2025-05-06 03:54:49;Other;Wrong delivery instructions;Phone;FALSE
CMP-0002897;SHP-2025-0114175;2026-01-04 02:54:55;Lost Shipment;No tracking progress;Chat;TRUE
CMP-0003957;SHP-2026-0157430;2026-05-02 23:02:30;Other;Other;Email;TRUE
CMP-0004630;SHP-2026-0185434;2026-07-26 14:45:08;Incorrect Delivery;Other;Email;TRUE
CMP-0002108;SHP-2025-0084809;2025-10-28 21:39:12;Late Delivery;Delivered after promised date;Web Form;TRUE
CMP-0000783;SHP-2025-0031085;2025-04-24 14:13:01;Incorrect Delivery;Tracking issue;Phone;TRUE
CMP-0003504;SHP-2026-0138308;2026-02-14 23:40:00;Late Delivery;Long transit time;Email;TRUE
CMP-0000794;SHP-2025-0031568;2025-04-13 00:36:30;Late Delivery;Delivered after promised date;Phone;TRUE
CMP-0000232;SHP-2025-0009630;2025-02-14 19:23:49;Failed Delivery;Courier did not reach customer;Phone;TRUE
CMP-0006090;SHP-2026-0240496;2026-12-14 17:33:18;Failed Delivery;Courier did not reach customer;Email;TRUE
CMP-0000441;SHP-2025-0017551;2025-03-19 12:37:28;Other;Tracking issue;Phone;TRUE
CMP-0000972;SHP-2025-0038943;2025-05-18 19:06:51;Incorrect Delivery;Tracking issue;Web Form;TRUE
CMP-0003467;SHP-2026-0136804;2026-02-20 07:42:20;Other;Tracking issue;Chat;TRUE
CMP-0004560;SHP-2026-0182464;2026-07-17 12:20:14;Incorrect Delivery;Wrong delivery instructions;Chat;TRUE
CMP-0006359;SHP-2026-0248920;2026-12-09 23:48:02;Late Delivery;Delivery date repeatedly changed;Web Form;TRUE
CMP-0000839;SHP-2025-0033188;2025-04-28 20:30:56;Incorrect Delivery;Wrong delivery instructions;Web Form;TRUE
CMP-0000305;SHP-2025-0012473;2025-02-25 03:26:11;Incorrect Delivery;Other;Email;TRUE
CMP-0000631;SHP-2025-0025080;2026-01-02 14:34:56;Incorrect Delivery;Wrong delivery instructions;Web Form;TRUE
CMP-0000341;SHP-2025-0013870;2025-02-08 19:43:17;Late Delivery;Long transit time;Chat;TRUE
CMP-0004886;SHP-2026-0195748;2026-08-08 09:58:40;Other;Tracking issue;Email;TRUE
CMP-0002526;SHP-2025-0102038;2025-11-07 18:07:19;Incorrect Delivery;Tracking issue;Phone;TRUE
CMP-0003625;SHP-2026-0144020;2026-04-02 07:32:26;Failed Delivery;Courier did not reach customer;Chat;TRUE
CMP-0004225;SHP-2026-0169068;2026-06-25 22:54:59;Incorrect Delivery;Wrong delivery instructions;Phone;TRUE
CMP-0003002;SHP-2025-0118032;2025-12-21 23:24:40;Other;Wrong delivery instructions;Email;TRUE
CMP-0004914;SHP-2026-0196726;2026-08-22 15:47:14;Failed Delivery;Courier did not reach customer;Web Form;TRUE
CMP-0004945;SHP-2026-0198052;2026-08-24 13:25:49;Failed Delivery;Customer not available;Email;TRUE
CMP-0003762;SHP-2026-0148799;2026-04-08 17:48:24;Failed Delivery;Returned to sender;Email;TRUE
CMP-0003608;SHP-2026-0143175;2026-03-15 12:59:06;Other;Wrong delivery instructions;Web Form;TRUE
CMP-0005439;SHP-2026-0217619;2026-11-02 14:40:32;Other;Wrong delivery instructions;Chat;TRUE
CMP-0000118;SHP-2025-0004789;2025-01-24 12:37:48;Other;Other;Email;TRUE
CMP-0006255;SHP-2026-0245195;2026-12-26 21:37:45;Late Delivery;Long transit time;Email;TRUE
CMP-0005482;SHP-2026-0219530;2026-10-14 01:48:54;Damaged Shipment;Contents damaged;Phone;TRUE
CMP-0003638;SHP-2026-0144444;2026-03-28 05:18:26;Failed Delivery;Returned to sender;Web Form;TRUE
CMP-0001160;SHP-2025-0046827;2025-06-06 13:18:05;Damaged Shipment;Package damaged;Web Form;TRUE
CMP-0005633;SHP-2026-0225022;2026-11-21 18:58:09;Other;Tracking issue;Web Form;TRUE
CMP-0001906;SHP-2025-0076247;2025-09-11 04:32:38;Failed Delivery;Courier did not reach customer;Chat;TRUE
CMP-0003744;SHP-2026-0148323;2026-04-04 18:58:02;Late Delivery;Long transit time;Email;TRUE
CMP-0001037;SHP-2025-0041843;2025-05-08 07:12:38;Late Delivery;Long transit time;Web Form;TRUE
CMP-0005803;SHP-2026-0231004;2026-11-21 20:43:59;Incorrect Delivery;Other;Web Form;TRUE
CMP-0006234;SHP-2026-0244630;2026-12-26 21:45:38;Late Delivery;Delivered after promised date;Email;TRUE
CMP-0002194;SHP-2025-0088410;2025-11-02 05:11:07;Failed Delivery;Customer not available;Web Form;TRUE
CMP-0003663;SHP-2026-0145182;2026-04-02 17:46:13;Late Delivery;Delivery date repeatedly changed;Chat;FALSE
CMP-0000705;SHP-2025-0028269;2025-04-28 03:51:06;Incorrect Delivery;Other;Phone;TRUE
CMP-0006161;SHP-2026-0242327;2026-12-16 21:28:12;Late Delivery;Delivery date repeatedly changed;Email;TRUE
CMP-0001885;SHP-2025-0075286;2025-09-14 21:24:02;Incorrect Delivery;Tracking issue;Email;TRUE
CMP-0000375;SHP-2025-0015258;2025-02-25 08:58:49;Failed Delivery;Customer not available;Web Form;TRUE
CMP-0000706;SHP-2025-0028310;2025-04-17 17:39:13;Other;Tracking issue;Email;TRUE
CMP-0000546;SHP-2025-0021462;2025-03-29 03:25:08;Late Delivery;Delivered after promised date;Phone;TRUE
CMP-0005281;SHP-2026-0211869;2026-10-18 11:27:49;Failed Delivery;Customer not available;Phone;TRUE
CMP-0004912;SHP-2026-0196679;2026-08-15 17:49:16;Other;Wrong delivery instructions;Email;TRUE
CMP-0002621;SHP-2025-0105070;2025-12-03 18:52:57;Failed Delivery;Delivery unsuccessful;Email;TRUE
CMP-0006107;SHP-2026-0240743;2026-12-10 14:10:01;Late Delivery;Delivered after promised date;Web Form;TRUE
CMP-0002751;SHP-2025-0109987;2025-12-08 06:30:42;Damaged Shipment;Package damaged;Chat;TRUE
CMP-0001484;SHP-2025-0059716;2025-07-18 17:56:09;Other;Wrong delivery instructions;Web Form;TRUE
CMP-0000768;SHP-2025-0030334;2025-05-04 02:32:04;Other;Wrong delivery instructions;Email;TRUE
CMP-0003172;SHP-2026-0124524;2026-01-05 09:11:19;Late Delivery;Long transit time;Email;TRUE
CMP-0004958;SHP-2026-0198501;2026-09-22 20:04:48;Failed Delivery;Courier did not reach customer;Email;TRUE
CMP-0002912;SHP-2025-0114705;2025-12-19 02:36:58;Late Delivery;Long transit time;Email;TRUE
CMP-0003277;SHP-2026-0129241;2026-01-11 04:50:20;Failed Delivery;Courier did not reach customer;Web Form;TRUE
CMP-0006138;SHP-2026-0241654;2026-12-17 01:19:44;Late Delivery;Delivered after promised date;Phone;TRUE
CMP-0002197;SHP-2025-0088569;2025-10-25 07:52:04;Incorrect Delivery;Wrong delivery instructions;Phone;TRUE
CMP-0002508;SHP-2025-0101373;2025-11-19 13:12:05;Lost Shipment;No tracking progress;Email;TRUE
CMP-0003853;SHP-2026-0152436;2026-04-23 23:29:57;Incorrect Delivery;Other;Web Form;TRUE
CMP-0001135;SHP-2025-0046004;2025-06-17 03:55:08;Incorrect Delivery;Tracking issue;Email;TRUE
CMP-0005758;SHP-2026-0229513;2026-11-23 04:08:05;Late Delivery;Long transit time;Email;TRUE
CMP-0002457;SHP-2025-0099337;2025-12-02 08:56:58;Failed Delivery;Delivery unsuccessful;Phone;TRUE
CMP-0003010;SHP-2025-0118238;2025-12-31 01:26:34;Late Delivery;Delivery date repeatedly changed;Email;TRUE
CMP-0005210;SHP-2026-0208789;2026-10-19 22:11:06;Incorrect Delivery;Wrong delivery instructions;Email;TRUE
CMP-0000334;SHP-2025-0013538;2025-02-16 22:28:39;Late Delivery;Delivery date repeatedly changed;Web Form;TRUE
CMP-0005057;SHP-2026-0202385;2026-09-30 14:50:49;Failed Delivery;Customer not available;Email;TRUE
CMP-0000201;SHP-2025-0008267;2025-01-21 15:00:03;Failed Delivery;Repeated delivery attempt;Phone;TRUE
CMP-0005340;SHP-2026-0213908;2026-10-25 08:01:43;Incorrect Delivery;Wrong delivery instructions;Phone;TRUE
CMP-0003834;SHP-2026-0151780;2026-04-07 16:53:11;Late Delivery;Long transit time;Email;TRUE
CMP-0005683;SHP-2026-0226901;2026-11-26 05:04:29;Late Delivery;Long transit time;Email;TRUE
CMP-0001188;SHP-2025-0047635;2025-06-11 11:11:50;Late Delivery;Long transit time;Web Form;TRUE
CMP-0000194;SHP-2025-0007821;2025-02-01 07:54:55;Failed Delivery;Returned to sender;Phone;TRUE
CMP-0001745;SHP-2025-0069862;2025-08-19 00:17:35;Incorrect Delivery;Wrong delivery instructions;Phone;TRUE
CMP-0005455;SHP-2026-0218294;2026-11-07 16:30:27;Failed Delivery;Customer not available;Email;TRUE
CMP-0002301;SHP-2025-0093025;2025-10-25 20:44:12;Other;Wrong delivery instructions;Email;TRUE
CMP-0006054;SHP-2026-0239531;2026-12-20 06:53:25;Other;Other;Phone;TRUE
CMP-0005937;SHP-2026-0235727;2026-12-11 11:08:25;Incorrect Delivery;Tracking issue;Web Form;TRUE
CMP-0006277;SHP-2026-0246097;2026-12-30 19:15:11;Incorrect Delivery;Other;Phone;TRUE
CMP-0000525;SHP-2025-0020629;2025-04-06 16:06:44;Late Delivery;Delivery date repeatedly changed;Email;TRUE
CMP-0003702;SHP-2026-0146780;2026-03-27 21:26:59;other;Tracking issue;Phone;TRUE
CMP-0001660;SHP-2025-0066971;2025-08-31 08:51:18;other;Tracking issue;Web Form;TRUE
CMP-0004214;SHP-2026-0168799;2026-06-08 02:48:33;Incorrect Delivery;Other;Phone;TRUE
CMP-0000624;SHP-2025-0024634;2025-03-21 06:42:17;Failed Delivery;Repeated delivery attempt;Phone;TRUE
CMP-0003684;SHP-2026-0145931;2026-03-20 09:05:57;Incorrect Delivery;Tracking issue;Email;TRUE
CMP-0003775;SHP-2026-0149176;2026-05-03 16:22:04;Failed Delivery;Delivery unsuccessful;Phone;TRUE
CMP-0005182;SHP-2026-0207988;2026-09-27 17:31:11;Incorrect Delivery;Wrong delivery instructions;Phone;TRUE
CMP-0000153;SHP-2025-0006258;2025-01-11 04:13:23;Other;Other;Email;TRUE
CMP-0002272;SHP-2025-0091843;2025-10-20 18:22:34;Late Delivery;Long transit time;Web Form;TRUE
CMP-0003644;SHP-2026-0144636;2026-04-05 23:18:53;Late Delivery;Long transit time;Email;TRUE
CMP-0001871;SHP-2025-0074745;2025-09-10 09:14:47;Failed Delivery;Courier did not reach customer;Chat;TRUE
CMP-0001823;SHP-2025-0072665;2025-09-16 21:33:25;Late Delivery;Delivered after promised date;Email;TRUE
CMP-0001246;SHP-2025-0050429;2025-06-11 03:20:51;Late Delivery;Delivered after promised date;Email;TRUE
CMP-0002575;SHP-2025-0103647;2025-11-19 03:02:53;Incorrect Delivery;Wrong delivery instructions;Email;TRUE
CMP-0005042;SHP-2026-0201684;2026-09-21 16:16:20;Late Delivery;Delivered after promised date;Email;TRUE
CMP-0002443;SHP-2025-0098905;2025-11-12 00:31:36;Late Delivery;Delivery date repeatedly changed;Chat;FALSE
CMP-0004437;SHP-2026-0178206;2026-07-11 02:42:08;Failed Delivery;Courier did not reach customer;Email;TRUE
CMP-0001788;SHP-2025-0071509;2025-09-02 04:37:46;Late Delivery;Delivery date repeatedly changed;Email;TRUE
CMP-0003089;SHP-2025-0120865;2025-12-30 08:34:20;Late Delivery;Delivered after promised date;Web Form;TRUE
CMP-0005460;SHP-2026-0218668;2026-10-28 06:04:48;Late Delivery;Delivered after promised date;Email;TRUE
CMP-0002487;SHP-2025-0100738;2025-11-30 05:45:19;Incorrect Delivery;Tracking issue;Email;TRUE
CMP-0004976;SHP-2026-0199350;2026-10-03 07:01:46;Late Delivery;Long transit time;Phone;TRUE
CMP-0001023;SHP-2025-0041407;2025-05-21 07:32:45;Late Delivery;Delivery date repeatedly changed;Email;TRUE
CMP-0000691;SHP-2025-0027685;2025-04-20 13:24:03;Incorrect Delivery;Wrong delivery instructions;Phone;TRUE
CMP-0001025;SHP-2025-0041433;2025-05-20 03:40:23;Late Delivery;Delivery date repeatedly changed;Phone;TRUE
CMP-0005730;SHP-2026-0228537;2026-11-27 05:40:12;Failed Delivery;Customer not available;Email;TRUE
CMP-0000288;SHP-2025-0011970;2025-02-19 18:17:23;Failed Delivery;Courier did not reach customer;Web Form;TRUE
CMP-0003586;SHP-2026-0142006;2026-03-07 16:51:29;Late Delivery;Delivery date repeatedly changed;Email;TRUE
CMP-0000309;SHP-2025-0012584;2025-02-23 18:58:43;Incorrect Delivery;Wrong delivery instructions;Phone;TRUE
CMP-0003710;SHP-2026-0147113;2026-03-11 04:01:30;Incorrect Delivery;Tracking issue;Chat;TRUE
CMP-0004262;SHP-2026-0171083;2026-07-03 05:24:09;Other;Other;Email;FALSE
CMP-0002145;SHP-2025-0086029;2025-10-27 16:05:45;Other;Other;Chat;TRUE
CMP-0003514;SHP-2026-0138640;2026-03-27 10:11:32;Failed Delivery;Courier did not reach customer;Web Form;TRUE
CMP-0001597;SHP-2025-0064663;2025-08-20 12:32:48;Other;Tracking issue;Email;FALSE
CMP-0001145;SHP-2025-0046411;2025-06-27 03:52:11;Incorrect Delivery;Wrong delivery instructions;Chat;TRUE
CMP-0005387;SHP-2026-0215464;2026-10-08 13:48:16;Other;Other;Email;TRUE
CMP-0001809;SHP-2025-0072185;2025-08-07 18:23:29;Incorrect Delivery;Wrong delivery instructions;Chat;FALSE
CMP-0002138;SHP-2025-0085820;2025-10-21 03:00:12;Damaged Shipment;Packaging failure;Web Form;TRUE
CMP-0003838;SHP-2026-0151957;2026-04-14 00:41:04;Other;Tracking issue;Web Form;TRUE
CMP-0003034;SHP-2025-0119322;2025-12-12 19:40:08;Late Delivery;Delivery date repeatedly changed;Email;FALSE
CMP-0000012;SHP-2025-0000522;2025-02-07 15:46:48;Late Delivery;Delivered after promised date;Email;TRUE
CMP-0002534;SHP-2025-0102303;2025-11-09 23:36:26;Late Delivery;Delivery date repeatedly changed;Phone;TRUE
CMP-0002249;SHP-2025-0090636;2025-10-16 00:48:22;Other;Tracking issue;Phone;TRUE
CMP-0005401;SHP-2026-0215864;2026-10-24 16:28:31;Failed Delivery;Delivery unsuccessful;Web Form;TRUE
CMP-0004935;SHP-2026-0197660;2026-08-09 21:38:00;Other;Wrong delivery instructions;Chat;TRUE
CMP-0005654;SHP-2026-0225865;2026-11-16 23:06:49;Late Delivery;Long transit time;Phone;TRUE
CMP-0006274;SHP-2026-0245879;2026-12-11 20:31:58;Failed Delivery;Delivery unsuccessful;Email;TRUE
CMP-0006352;SHP-2026-0248653;2027-01-02 16:32:22;Other;Wrong delivery instructions;Email;TRUE
CMP-0000181;SHP-2025-0007405;2025-01-10 15:11:21;Incorrect Delivery;Wrong delivery instructions;Chat;TRUE
CMP-0004459;SHP-2026-0178976;2026-07-14 17:54:12;Failed Delivery;Returned to sender;Chat;TRUE
CMP-0004253;SHP-2026-0170672;2026-07-06 17:17:20;Late Delivery;Delivered after promised date;Phone;TRUE
CMP-0000009;SHP-2025-0000459;2025-01-25 19:39:09;Failed Delivery;Repeated delivery attempt;Email;FALSE
CMP-0005790;SHP-2026-0230621;2026-11-25 19:03:31;Lost Shipment;Declared lost;Email;TRUE
CMP-0001574;SHP-2025-0063635;2025-08-30 17:50:53;Other;Tracking issue;Phone;TRUE
CMP-0002941;SHP-2025-0115659;2025-12-16 10:10:08;Late Delivery;Delivery date repeatedly changed;Web Form;TRUE
CMP-0000594;SHP-2025-0023563;2025-03-07 08:54:58;Other;Wrong delivery instructions;Email;TRUE
CMP-0001401;SHP-2025-0056674;2025-07-17 13:56:02;Other;Other;Email;TRUE
CMP-0004190;SHP-2026-0167577;2026-05-23 11:30:02;Late Delivery;Long transit time;Phone;TRUE
CMP-0006383;SHP-2026-0249706;2026-12-25 21:42:13;Late Delivery;Delivery date repeatedly changed;Phone;TRUE
CMP-0004458;SHP-2026-0178950;2026-07-15 00:42:18;Late Delivery;Delivered after promised date;Email;TRUE
CMP-0000755;SHP-2025-0029747;2025-05-02 10:43:07;Failed Delivery;Repeated delivery attempt;Phone;TRUE
CMP-0002384;SHP-2025-0096398;2025-11-27 16:59:52;Late Delivery;Long transit time;Phone;TRUE
CMP-0004382;SHP-2026-0175728;2026-06-19 17:06:05;Late Delivery;Delivery date repeatedly changed;Email;TRUE
CMP-0005489;SHP-2026-0219683;2026-10-13 08:15:56;Late Delivery;Long transit time;Web Form;TRUE
CMP-0001595;SHP-2025-0064644;2025-08-15 11:37:48;Late Delivery;Delivered after promised date;Web Form;TRUE
CMP-0004055;SHP-2026-0162026;2026-05-20 21:25:57;Late Delivery;Long transit time;Email;TRUE
CMP-0004005;SHP-2026-0160018;2026-05-09 10:52:24;Incorrect Delivery;Tracking issue;Chat;FALSE
CMP-0005487;SHP-2026-0219650;2026-10-23 04:18:28;Late Delivery;Delivery date repeatedly changed;Web Form;TRUE
CMP-0000740;SHP-2025-0029408;2025-04-23 17:13:13;Late Delivery;Long transit time;Web Form;TRUE
CMP-0002517;SHP-2025-0101633;2025-12-03 09:37:30;Other;Wrong delivery instructions;Phone;TRUE
CMP-0005998;SHP-2026-0237763;2026-12-16 02:32:04;Failed Delivery;Repeated delivery attempt;Web Form;TRUE
CMP-0004434;SHP-2026-0177958;2026-06-12 23:53:26;Failed Delivery;Courier did not reach customer;Web Form;TRUE
CMP-0001350;SHP-2025-0054544;2025-07-29 06:45:24;Other;Tracking issue;Email;TRUE
CMP-0004138;SHP-2026-0165617;2026-05-23 20:37:15;Failed Delivery;Courier did not reach customer;Web Form;TRUE
CMP-0004677;SHP-2026-0187451;2026-08-03 01:16:49;Lost Shipment;Declared lost;Email;TRUE
CMP-0002540;SHP-2025-0102505;2025-11-13 01:54:48;Incorrect Delivery;Wrong delivery instructions;Web Form;TRUE
CMP-0000070;SHP-2025-0002836;2025-01-23 23:10:15;Other;Tracking issue;Web Form;TRUE
CMP-0005636;SHP-2026-0225141;2026-11-29 06:15:44;Other;Wrong delivery instructions;Email;TRUE
CMP-0002152;SHP-2025-0086211;2025-10-19 10:06:05;Damaged Shipment;Package damaged;Phone;TRUE
CMP-0003453;SHP-2026-0136267;2026-02-10 07:57:14;Incorrect Delivery;Wrong delivery instructions;Phone;TRUE
CMP-0005011;SHP-2026-0200499;2026-10-02 02:02:41;Late Delivery;Long transit time;Phone;TRUE
CMP-0005665;SHP-2026-0226130;2026-11-30 01:02:06;Late Delivery;Delivery date repeatedly changed;Phone;TRUE
CMP-0002527;SHP-2025-0102050;2025-11-24 09:33:15;Late Delivery;Delivered after promised date;Phone;FALSE
CMP-0000486;SHP-2025-0019004;2025-03-23 20:38:56;Other;Tracking issue;Web Form;TRUE
CMP-0005087;SHP-2026-0203405;2026-09-25 05:12:57;Late Delivery;Long transit time;Chat;TRUE
CMP-0003891;SHP-2026-0154265;2026-04-22 15:28:55;Incorrect Delivery;Tracking issue;Email;TRUE
CMP-0006218;SHP-2026-0244188;2026-12-19 03:45:05;Failed Delivery;Courier did not reach customer;Email;TRUE
CMP-0002609;SHP-2025-0104597;2025-12-06 16:47:56;Late Delivery;Long transit time;Chat;TRUE
CMP-0003540;SHP-2026-0139643;2026-04-09 10:48:12;Late Delivery;Delivery date repeatedly changed;Email;TRUE
CMP-0001633;SHP-2025-0065897;2025-08-11 15:23:16;Other;Other;Web Form;TRUE
CMP-0005529;SHP-2026-0221115;2026-12-07 01:10:25;Late Delivery;Delivered after promised date;Phone;TRUE
CMP-0002187;SHP-2025-0087857;2025-10-07 02:21:52;Other;Tracking issue;Phone;TRUE
CMP-0006390;SHP-2026-0249828;2026-12-31 07:20:02;Late Delivery;Delivered after promised date;Phone;TRUE
CMP-0005315;SHP-2026-0213224;2026-10-29 18:59:34;Failed Delivery;Repeated delivery attempt;Web Form;FALSE
CMP-0000829;SHP-2025-0032905;2025-04-11 11:02:49;Lost Shipment;No tracking progress;Web Form;TRUE
CMP-0002778;SHP-2025-0110768;2025-12-24 15:11:51;Late Delivery;Delivered after promised date;Phone;TRUE
CMP-0003856;SHP-2026-0152550;2026-04-16 16:21:30;Incorrect Delivery;Other;Email;TRUE
CMP-0002592;SHP-2025-0103928;2025-11-14 13:22:32;Late Delivery;Long transit time;Chat;TRUE
CMP-0004503;SHP-2026-0180145;2026-07-15 16:19:03;Failed Delivery;Customer not available;Email;TRUE
CMP-0002925;SHP-2025-0115154;2025-12-19 18:59:36;Late Delivery;Delivery date repeatedly changed;Web Form;TRUE
CMP-0005006;SHP-2026-0200348;2026-09-21 03:11:08;Late Delivery;Delivery date repeatedly changed;Email;TRUE
CMP-0001356;SHP-2025-0054700;2025-07-24 08:22:07;Failed Delivery;Delivery unsuccessful;Email;TRUE
CMP-0003584;SHP-2026-0141800;2026-03-15 04:07:25;Incorrect Delivery;Tracking issue;Web Form;TRUE
CMP-0000064;SHP-2025-0002714;2025-01-14 06:06:06;Failed Delivery;Repeated delivery attempt;Email;TRUE
CMP-0006375;SHP-2026-0249355;2026-12-16 00:41:24;Late Delivery;Long transit time;Web Form;TRUE
CMP-0002739;SHP-2025-0109577;2025-12-26 00:15:53;Late Delivery;Long transit time;Email;TRUE
CMP-0000800;SHP-2025-0031915;2025-05-01 15:53:20;Other;Tracking issue;Email;TRUE
CMP-0005505;SHP-2026-0220318;2026-10-20 10:52:04;Late Delivery;Delivery date repeatedly changed;Web Form;TRUE
CMP-0004892;SHP-2026-0196090;2026-08-29 02:12:00;Late Delivery;Delivered after promised date;Email;TRUE
CMP-0003786;SHP-2026-0149572;2026-04-29 03:47:06;Other;Tracking issue;Web Form;TRUE
CMP-0001792;SHP-2025-0071669;2025-08-12 04:52:17;Late Delivery;Long transit time;Web Form;TRUE
CMP-0003636;SHP-2026-0144340;2026-03-31 17:03:45;Late Delivery;Delivered after promised date;Web Form;TRUE
CMP-0004901;SHP-2026-0196327;2026-08-27 06:14:21;Late Delivery;Delivery date repeatedly changed;Email;TRUE
CMP-0004013;SHP-2026-0160339;2026-06-05 04:16:14;Late Delivery;Delivered after promised date;Email;TRUE
CMP-0003901;SHP-2026-0154806;2026-04-30 01:30:23;Failed Delivery;Repeated delivery attempt;Email;TRUE
CMP-0001290;SHP-2025-0051874;2025-06-08 10:55:29;Late Delivery;Long transit time;Phone;TRUE
CMP-0005580;SHP-2026-0222836;2026-11-10 10:14:21;Late Delivery;Long transit time;Web Form;TRUE
CMP-0002460;SHP-2025-0099404;2025-11-30 15:59:43;Late Delivery;Delivered after promised date;Web Form;TRUE
CMP-0002860;SHP-2025-0113009;2025-12-08 19:14:15;Late Delivery;Delivery date repeatedly changed;Phone;TRUE
CMP-0005502;SHP-2026-0220114;2026-10-16 11:13:50;Late Delivery;Delivery date repeatedly changed;Email;TRUE
CMP-0003860;SHP-2026-0152678;2026-04-27 21:39:22;Late Delivery;Delivery date repeatedly changed;Web Form;TRUE
CMP-0002850;SHP-2025-0112788;2025-12-11 04:38:07;Late Delivery;Delivery date repeatedly changed;Email;TRUE
CMP-0002066;SHP-2025-0083369;2025-11-02 16:03:16;Incorrect Delivery;Tracking issue;Web Form;TRUE
CMP-0005955;SHP-2026-0236235;2026-12-17 02:39:34;Late Delivery;Delivery date repeatedly changed;Chat;TRUE
CMP-0003653;SHP-2026-0144893;2026-04-01 01:43:47;Failed Delivery;Repeated delivery attempt;Phone;TRUE
CMP-0003318;SHP-2026-0130714;2026-03-04 04:56:07;Failed Delivery;Courier did not reach customer;Web Form;TRUE
CMP-0004712;SHP-2026-0188748;2026-08-30 16:13:08;Late Delivery;Delivery date repeatedly changed;Phone;TRUE
CMP-0006212;SHP-2026-0243972;2026-12-19 04:27:21;Failed Delivery;Repeated delivery attempt;Email;TRUE
CMP-0001754;SHP-2025-0070108;2025-08-25 05:22:15;Incorrect Delivery;Tracking issue;Phone;TRUE
CMP-0005586;SHP-2026-0223069;2026-12-01 14:43:36;Late Delivery;Delivered after promised date;Phone;TRUE
CMP-0003015;SHP-2025-0118430;2026-01-02 20:48:09;Late Delivery;Long transit time;Chat;TRUE
CMP-0004507;SHP-2026-0180399;2026-07-26 01:00:49;Other;Other;Web Form;FALSE
CMP-0000026;SHP-2025-0001295;2025-01-12 22:58:28;Other;Wrong delivery instructions;Web Form;TRUE
CMP-0000406;SHP-2025-0016207;2025-03-31 13:27:55;Other;Other;Phone;TRUE
CMP-0000414;SHP-2025-0016430;2025-04-03 08:30:51;Failed Delivery;Courier did not reach customer;Phone;TRUE
CMP-0001134;SHP-2025-0045990;2025-06-07 20:27:55;Incorrect Delivery;Wrong delivery instructions;Email;TRUE
CMP-0005845;SHP-2026-0232464;2026-12-01 00:27:52;Failed Delivery;Repeated delivery attempt;Email;TRUE
CMP-0001248;SHP-2025-0050467;2025-06-14 13:25:32;Other;Wrong delivery instructions;Phone;TRUE
CMP-0005893;SHP-2026-0234333;2026-12-28 19:19:00;Lost Shipment;Declared lost;Chat;TRUE
CMP-0005169;SHP-2026-0207393;2026-09-09 00:09:41;Late Delivery;Delivered after promised date;Email;TRUE
CMP-0003289;SHP-UNKNOWN-514;2026-02-01 16:12:17;Late Delivery;Delivery date repeatedly changed;Email;TRUE
CMP-0001866;SHP-2025-0074537;2025-09-18 03:39:39;Failed Delivery;Repeated delivery attempt;Phone;TRUE
CMP-0004543;SHP-2026-0181918;2026-07-09 10:39:42;Failed Delivery;Courier did not reach customer;Email;TRUE
CMP-0000799;SHP-2025-0031867;2025-04-21 19:56:33;Other;Other;Chat;TRUE
CMP-0002741;SHP-2025-0109632;2025-12-14 21:52:53;Incorrect Delivery;Tracking issue;Chat;TRUE
CMP-0004139;SHP-2026-0165642;2026-05-30 20:29:20;Late Delivery;Delivery date repeatedly changed;Email;TRUE
CMP-0004525;SHP-2026-0180884;2026-07-09 18:51:14;Damaged Shipment;Contents damaged;Phone;TRUE
CMP-0004170;SHP-2026-0166813;2026-05-23 23:49:55;Incorrect Delivery;Wrong delivery instructions;Web Form;TRUE
CMP-0001539;SHP-2025-0061904;2025-07-08 00:16:19;Late Delivery;Delivered after promised date;Phone;TRUE
CMP-0002581;SHP-2025-0103747;2025-11-16 18:43:57;Late Delivery;Delivery date repeatedly changed;Phone;TRUE
CMP-0000734;SHP-2025-0029309;2025-04-12 16:02:52;Late Delivery;Delivered after promised date;Chat;TRUE
CMP-0001098;SHP-2025-0044262;2025-07-02 08:46:45;Other;Wrong delivery instructions;Phone;FALSE
CMP-0005868;SHP-2026-0233195;2026-12-04 07:30:34;Other;Other;Phone;TRUE
CMP-0002048;SHP-2025-0082578;2025-10-18 00:16:02;Failed Delivery;Courier did not reach customer;Email;TRUE
CMP-0005292;SHP-2026-0212184;2026-10-14 09:47:16;Late Delivery;Delivered after promised date;Chat;TRUE
CMP-0002993;SHP-2025-0117806;2025-12-25 18:54:02;Late Delivery;Delivered after promised date;Web Form;TRUE
CMP-0000448;SHP-2025-0017896;2025-03-25 14:32:43;Late Delivery;Delivery date repeatedly changed;Phone;TRUE
CMP-0000462;SHP-2025-0018201;2025-03-31 03:14:18;Late Delivery;Delivery date repeatedly changed;Web Form;TRUE
CMP-0002444;SHP-2025-0098906;2025-11-26 19:16:30;Other;Other;Web Form;TRUE
CMP-0001453;SHP-2025-0058657;2025-07-21 19:20:24;Lost Shipment;Shipment not delivered;Phone;TRUE
CMP-0004817;SHP-2026-0192982;2026-08-26 08:15:46;Failed Delivery;Courier did not reach customer;Email;TRUE
CMP-0003481;SHP-2026-0137261;2026-03-07 00:05:38;Late Delivery;Delivered after promised date;Chat;TRUE
CMP-0005368;SHP-2026-0214801;2026-10-28 15:46:41;Late Delivery;Delivery date repeatedly changed;Phone;TRUE
CMP-0000598;SHP-2025-0023795;2025-04-06 05:31:50;Late Delivery;Delivered after promised date;Email;TRUE
CMP-0004661;SHP-2026-0186485;2026-08-02 21:02:16;Late Delivery;Delivered after promised date;Email;TRUE
CMP-0005007;SHP-2026-0200364;2026-09-07 16:06:57;Late Delivery;Delivery date repeatedly changed;Email;TRUE
CMP-0002656;SHP-2025-0106927;2026-01-01 11:12:14;Late Delivery;Long transit time;Phone;TRUE
CMP-0003887;SHP-2026-0154190;2026-04-24 06:18:50;Other;Other;Email;TRUE
CMP-0000627;SHP-2025-0024817;2025-03-19 22:15:13;Incorrect Delivery;Other;Chat;TRUE
CMP-0004463;SHP-2026-0179111;2026-07-10 03:32:24;Other;Tracking issue;Phone;TRUE
CMP-0000336;SHP-2025-0013605;2025-03-05 15:08:33;Incorrect Delivery;Other;Phone;TRUE
CMP-0001383;SHP-2025-0055973;2025-07-11 10:57:08;Late Delivery;Long transit time;Email;TRUE
CMP-0003389;SHP-2026-0133671;2026-02-10 09:53:53;Other;Tracking issue;Email;TRUE
CMP-0004918;SHP-2026-0196787;2026-08-29 19:00:58;Other;Other;Web Form;TRUE
CMP-0001690;SHP-2025-0067880;2025-08-21 09:31:01;Late Delivery;Long transit time;Phone;TRUE
CMP-0003053;SHP-2025-0119876;2025-12-06 12:51:32;Late Delivery;Long transit time;Chat;TRUE
CMP-0004100;SHP-2026-0163690;2026-05-10 15:37:41;Incorrect Delivery;Wrong delivery instructions;Phone;TRUE
CMP-0005721;SHP-2026-0228358;2026-11-26 11:32:52;Failed Delivery;Repeated delivery attempt;Phone;TRUE
CMP-0001889;SHP-2025-0075476;2025-10-03 00:29:02;Late Delivery;Long transit time;Phone;TRUE
CMP-0003857;SHP-2026-0152556;2026-04-16 14:56:29;Incorrect Delivery;Wrong delivery instructions;Web Form;TRUE
CMP-0003447;SHP-2026-0136228;2026-03-01 19:04:39;Incorrect Delivery;Other;Phone;TRUE
CMP-0003639;SHP-2026-0144459;2026-04-05 10:05:15;Failed Delivery;Customer not available;Email;TRUE
CMP-0001726;SHP-2025-0069316;2025-08-30 12:30:34;Failed Delivery;Delivery unsuccessful;Phone;TRUE
CMP-0003854;SHP-2026-0152487;2026-04-07 00:20:46;Late Delivery;Delivered after promised date;Email;FALSE
CMP-0004329;SHP-2026-0173917;2026-07-01 15:40:02;Failed Delivery;Repeated delivery attempt;Web Form;TRUE
CMP-0005112;SHP-2026-0204577;2026-09-23 12:14:52;Other;Other;Web Form;TRUE
CMP-0001346;SHP-2025-0054451;2025-07-19 20:23:41;Late Delivery;Delivered after promised date;Chat;TRUE
CMP-0004866;SHP-2026-0195140;2026-08-26 04:30:29;Incorrect Delivery;Wrong delivery instructions;Email;TRUE
CMP-0001861;SHP-2025-0074381;2025-09-19 11:59:40;Lost Shipment;Declared lost;Web Form;TRUE
CMP-0001074;SHP-2025-0043467;2025-05-13 17:33:37;Incorrect Delivery;Tracking issue;Email;TRUE
CMP-0005134;SHP-2026-0205611;2026-09-11 08:34:38;Failed Delivery;Courier did not reach customer;Phone;TRUE
CMP-0003900;SHP-2026-0154786;2026-04-19 16:49:29;Other;Tracking issue;Email;TRUE
CMP-0005050;SHP-2026-0201907;2026-09-11 08:52:27;Late Delivery;Long transit time;Chat;TRUE
CMP-0005650;SHP-2026-0225578;2026-11-11 08:57:07;Late Delivery;Long transit time;Email;TRUE
CMP-0002214;SHP-2025-0089090;2025-11-03 05:18:27;Failed Delivery;Repeated delivery attempt;Phone;TRUE
CMP-0000351;SHP-2025-0014278;2025-03-04 12:15:46;Late Delivery;Delivery date repeatedly changed;Email;TRUE
CMP-0001007;SHP-2025-0040638;2025-05-14 08:02:55;Failed Delivery;Customer not available;Email;TRUE
CMP-0002015;SHP-2025-0081174;2025-09-29 15:18:09;Lost Shipment;Shipment not delivered;Phone;TRUE
CMP-0000663;SHP-2025-0026128;2025-04-15 06:37:51;Failed Delivery;Repeated delivery attempt;Email;TRUE
CMP-0001812;SHP-2025-0072267;2025-08-29 04:24:54;Late Delivery;Delivery date repeatedly changed;Phone;TRUE
CMP-0001196;SHP-2025-0048121;2025-06-22 21:52:28;Failed Delivery;Customer not available;Phone;TRUE
CMP-0000665;SHP-2025-0026215;2025-04-28 01:27:04;Incorrect Delivery;Other;Email;TRUE
CMP-0000964;SHP-2025-0038682;2025-06-04 05:49:43;Failed Delivery;Customer not available;Phone;TRUE
CMP-0004928;SHP-2026-0197294;2026-09-02 06:52:46;Failed Delivery;Customer not available;Phone;TRUE
CMP-0001768;SHP-2025-0070655;2025-08-15 21:14:50;Other;Tracking issue;Email;TRUE
CMP-0004676;SHP-2026-0187332;2026-07-22 01:12:27;Late Delivery;Long transit time;Email;TRUE
CMP-0005323;SHP-2026-0213364;2026-11-03 04:02:52;Late Delivery;Delivery date repeatedly changed;Email;TRUE
CMP-0004210;SHP-2026-0168661;2026-06-10 09:47:52;Incorrect Delivery;Wrong delivery instructions;Email;TRUE
CMP-0005484;SHP-2026-0219586;2026-10-10 14:00:03;incorrect delivery;Wrong delivery instructions;Email;TRUE
CMP-0006366;SHP-2026-0249095;2026-12-24 00:07:38;Late Delivery;Delivery date repeatedly changed;Email;TRUE
CMP-0000344;SHP-2025-0014013;2025-02-20 11:47:09;Incorrect Delivery;Wrong delivery instructions;Email;TRUE
CMP-0005905;SHP-2026-0234749;2026-12-05 17:33:39;Incorrect Delivery;Wrong delivery instructions;Web Form;TRUE
CMP-0001948;SHP-2025-0078182;2025-09-06 11:01:22;Other;Tracking issue;Email;TRUE
CMP-0005830;SHP-2026-0231911;2026-11-25 04:16:05;Late Delivery;Long transit time;Chat;TRUE
CMP-0003160;SHP-2026-0123807;2026-01-06 10:45:00;Incorrect Delivery;Wrong delivery instructions;Web Form;TRUE
CMP-0002916;SHP-2025-0114792;2026-01-01 02:50:48;Failed Delivery;Repeated delivery attempt;Email;TRUE
CMP-0004764;SHP-2026-0191114;2026-08-31 21:20:30;Failed Delivery;Courier did not reach customer;Phone;TRUE
CMP-0000329;SHP-2025-0013369;2025-02-12 05:58:27;Other;Wrong delivery instructions;Phone;TRUE
CMP-0003721;SHP-2026-0147526;2026-03-19 02:13:12;Other;Other;Phone;TRUE
CMP-0003411;SHP-2026-0134775;2026-02-07 04:57:43;Late Delivery;Delivered after promised date;Phone;TRUE
CMP-0003383;SHP-2026-0133479;2026-02-19 06:12:02;Late Delivery;Delivered after promised date;Email;TRUE
CMP-0001699;SHP-2025-0068196;2025-08-28 22:07:32;Other;Wrong delivery instructions;Web Form;TRUE
CMP-0004530;SHP-2026-0181277;2026-07-08 16:41:53;Other;Tracking issue;Email;TRUE
CMP-0005953;SHP-2026-0236176;2027-01-04 21:29:49;Incorrect Delivery;Tracking issue;Phone;TRUE
CMP-0000641;SHP-2025-0025459;2025-04-17 12:38:05;Other;Tracking issue;Web Form;TRUE
CMP-0005309;SHP-2026-0213054;2026-11-01 06:46:09;Failed Delivery;Repeated delivery attempt;Chat;TRUE
CMP-0002980;SHP-2025-0117143;2026-01-01 23:41:31;Failed Delivery;Repeated delivery attempt;Email;TRUE
CMP-0000556;SHP-2025-0021914;2025-04-01 03:25:26;Late Delivery;Delivery date repeatedly changed;Email;TRUE
CMP-0000452;SHP-2025-0017944;2025-03-13 12:35:00;Other;Tracking issue;Phone;TRUE
CMP-0003828;SHP-2026-0151496;2026-04-20 16:04:03;Incorrect Delivery;Other;Email;TRUE
CMP-0003205;SHP-2026-0126156;2026-01-17 21:14:59;Other;Tracking issue;Phone;TRUE
CMP-0002777;SHP-2025-0110766;2025-12-12 12:20:46;Failed Delivery;Returned to sender;Email;TRUE
CMP-0002072;SHP-2025-0083429;2025-10-27 20:37:50;Failed Delivery;Customer not available;Phone;TRUE
CMP-0000158;SHP-2025-0006539;2025-01-10 14:58:35;Failed Delivery;Customer not available;Email;TRUE
CMP-0003712;SHP-2026-0147184;2026-04-02 17:43:53;Other;Wrong delivery instructions;Email;TRUE
CMP-0003406;SHP-2026-0134607;2026-02-17 05:18:17;Failed Delivery;Delivery unsuccessful;Email;TRUE
CMP-0003421;SHP-2026-0135232;2026-02-27 20:17:33;Incorrect Delivery;Tracking issue;Email;TRUE
CMP-0006380;SHP-2026-0249535;2026-12-25 10:23:06;Late Delivery;Long transit time;Chat;TRUE
CMP-0000386;SHP-2025-0015682;2025-02-20 22:28:15;Incorrect Delivery;Wrong delivery instructions;Phone;TRUE
CMP-0004054;SHP-2026-0161973;2026-05-20 19:14:24;Failed Delivery;Repeated delivery attempt;Email;TRUE
CMP-0000338;SHP-2025-0013728;2025-02-23 01:25:29;Other;Tracking issue;Phone;TRUE
CMP-0003685;SHP-2026-0146015;2026-03-27 17:50:24;Failed Delivery;Returned to sender;Email;TRUE
CMP-0004243;SHP-2026-0170396;2026-07-03 06:47:00;Late Delivery;Long transit time;Chat;TRUE
CMP-0001752;SHP-2025-0070060;2025-08-11 11:57:14;Late Delivery;Delivered after promised date;Phone;TRUE
CMP-0003521;SHP-2026-0138820;2026-03-14 07:18:47;Incorrect Delivery;Wrong delivery instructions;Email;TRUE
CMP-0002800;SHP-2025-0111430;2025-12-21 00:47:00;Failed Delivery;Repeated delivery attempt;Phone;TRUE
CMP-0005294;SHP-2026-0212305;2026-11-03 22:29:18;Late Delivery;Delivery date repeatedly changed;Phone;TRUE
CMP-0005462;SHP-2026-0218905;2026-10-14 09:00:17;Late Delivery;Long transit time;Phone;TRUE
CMP-0004881;SHP-2026-0195535;2026-08-16 06:57:55;Late Delivery;Long transit time;Web Form;TRUE
CMP-0004597;SHP-2026-0183841;2026-07-13 03:57:52;Failed Delivery;Customer not available;Web Form;FALSE
CMP-0004115;SHP-2026-0164607;2026-05-15 15:40:15;Late Delivery;Long transit time;Chat;TRUE
CMP-0004146;SHP-2026-0165790;2026-05-14 08:07:37;Failed Delivery;Courier did not reach customer;Phone;TRUE
CMP-0004319;SHP-2026-0173678;2026-06-19 10:36:30;Incorrect Delivery;Wrong delivery instructions;Email;TRUE
CMP-0003077;SHP-2025-0120442;2025-12-10 13:46:09;Late Delivery;Long transit time;Phone;TRUE
CMP-0004839;SHP-2026-0193905;2026-08-23 15:51:16;Other;Tracking issue;Web Form;TRUE
CMP-0002045;SHP-2025-0082417;2025-09-03 20:58:51;Other;Tracking issue;Email;TRUE
CMP-0001599;SHP-2025-0064725;2025-08-23 19:39:34;Failed Delivery;Customer not available;Phone;TRUE
CMP-0004989;SHP-2026-0199687;2026-09-05 08:14:55;Failed Delivery;Customer not available;Phone;TRUE
CMP-0003758;SHP-2026-0148688;2026-04-29 03:51:38;Other;Tracking issue;Chat;TRUE
CMP-0000617;SHP-2025-0024378;2025-03-16 03:46:58;Incorrect Delivery;Other;Chat;TRUE
CMP-0000275;SHP-2025-0011195;2025-03-04 04:05:38;Failed Delivery;Customer not available;Phone;TRUE
CMP-0003874;SHP-2026-0153506;2026-04-21 13:15:20;Late Delivery;Long transit time;Email;TRUE
CMP-0002265;SHP-2025-0091329;2025-10-15 22:42:23;Incorrect Delivery;Tracking issue;Email;TRUE
CMP-0003337;SHP-2026-0131873;2026-02-22 08:35:23;Late Delivery;Delivered after promised date;Phone;TRUE
CMP-0004873;SHP-2026-0195325;2026-08-29 22:10:51;Incorrect Delivery;Tracking issue;Email;FALSE
CMP-0005415;SHP-2026-0216654;2026-10-18 16:07:32;Incorrect Delivery;Tracking issue;Web Form;TRUE
CMP-0000950;SHP-2025-0037871;2025-05-19 16:50:35;Incorrect Delivery;Tracking issue;Email;TRUE
CMP-0005498;SHP-2026-0220030;2026-10-30 08:20:45;Lost Shipment;Shipment not delivered;Email;TRUE
CMP-0003396;SHP-2026-0134117;2026-02-10 19:39:33;Late Delivery;Delivery date repeatedly changed;Web Form;TRUE
CMP-0001521;SHP-2025-0060946;2025-07-13 23:19:55;Incorrect Delivery;Other;Web Form;TRUE
CMP-0000089;SHP-2025-0003487;2025-02-03 01:00:17;Lost Shipment;Declared lost;Email;TRUE
CMP-0000520;SHP-2025-0020437;2025-03-17 07:42:51;Other;Tracking issue;Phone;TRUE
CMP-0004663;SHP-2026-0186868;2026-07-28 07:31:42;Incorrect Delivery;Wrong delivery instructions;Phone;TRUE
CMP-0001729;SHP-2025-0069396;2025-08-10 21:22:22;Damaged Shipment;Package damaged;Chat;TRUE
CMP-0003070;SHP-2025-0120241;2025-12-25 10:41:23;Late Delivery;Delivery date repeatedly changed;Chat;TRUE
CMP-0005723;SHP-2026-0228361;2026-12-05 17:17:09;Late Delivery;Delivery date repeatedly changed;Email;TRUE
CMP-0005861;SHP-2026-0233028;2026-11-15 15:37:52;Late Delivery;Delivered after promised date;Email;TRUE
CMP-0003434;SHP-2026-0135647;2026-02-15 09:11:50;Failed Delivery;Repeated delivery attempt;Web Form;TRUE
CMP-0002399;SHP-2025-0096994;2025-11-15 11:22:08;Late Delivery;Delivery date repeatedly changed;Chat;TRUE
CMP-0001172;SHP-2025-0047285;2025-06-21 16:05:49;Lost Shipment;Declared lost;Email;TRUE
CMP-0000455;SHP-2025-0018056;2025-03-16 08:16:06;Other;Other;Phone;TRUE
CMP-0004083;SHP-2026-0163139;2026-05-17 01:22:19;Other;Other;Email;TRUE
CMP-0002331;SHP-2025-0094332;2025-11-29 18:44:11;Incorrect Delivery;Wrong delivery instructions;Email;TRUE
CMP-0001575;SHP-2025-0063677;2025-08-27 13:38:41;Incorrect Delivery;;Email;TRUE
CMP-0003204;SHP-2026-0126045;2026-01-29 15:52:00;Damaged Shipment;Packaging failure;Web Form;TRUE
CMP-0003809;SHP-2026-0150964;2026-04-29 05:11:06;Late Delivery;Delivery date repeatedly changed;Phone;TRUE
CMP-0004665;SHP-2026-0186995;2026-07-17 07:26:27;Incorrect Delivery;Other;Phone;FALSE
CMP-0003576;SHP-2026-0141165;2026-03-27 12:49:06;Late Delivery;Delivered after promised date;Email;TRUE
CMP-0005298;SHP-2026-0212530;2026-10-08 17:45:35;Incorrect Delivery;Tracking issue;Web Form;TRUE
CMP-0001217;SHP-2025-0048988;2025-07-09 02:30:02;Other;Tracking issue;Phone;TRUE
CMP-0003643;SHP-2026-0144596;2026-03-10 04:03:31;Other;Tracking issue;Chat;TRUE
CMP-0004446;SHP-2026-0178523;2026-07-29 01:51:48;Failed Delivery;Returned to sender;Web Form;TRUE
CMP-0001637;SHP-2025-0066062;2025-09-02 07:59:50;Late Delivery;Long transit time;Chat;TRUE
CMP-0000267;SHP-2025-0011058;2025-02-12 00:01:30;Lost Shipment;Shipment not delivered;Web Form;TRUE
CMP-0001232;SHP-2025-0049758;2025-06-06 06:44:06;Other;Other;Phone;TRUE
CMP-0003842;SHP-2026-0152016;2026-04-05 01:58:27;Incorrect Delivery;Other;Email;TRUE
CMP-0002054;SHP-2025-0083085;2025-11-06 22:36:26;Late Delivery;Long transit time;Web Form;TRUE
CMP-0005082;SHP-2026-0203184;2026-09-29 21:09:34;Failed Delivery;Customer not available;Phone;TRUE
CMP-0004366;SHP-2026-0175322;2026-06-12 21:19:51;Failed Delivery;Delivery unsuccessful;Chat;TRUE
CMP-0005880;SHP-2026-0233790;2026-11-13 09:28:13;Incorrect Delivery;Tracking issue;Phone;TRUE
CMP-0006298;SHP-2026-0246628;2026-12-27 09:48:09;Other;Other;Web Form;TRUE
CMP-0002906;SHP-2025-0114469;2026-01-03 16:59:05;Lost Shipment;Declared lost;Chat;TRUE
CMP-0002378;SHP-2025-0096035;2025-11-12 19:34:14;Late Delivery;Long transit time;Phone;TRUE
CMP-0003573;SHP-2026-0141120;2026-03-24 16:48:09;Late Delivery;Long transit time;Phone;TRUE
CMP-0003293;SHP-2026-0129670;2026-01-19 01:22:07;Late Delivery;Delivery date repeatedly changed;Web Form;TRUE
CMP-0002363;SHP-2025-0095515;2025-11-06 13:28:01;Failed Delivery;Repeated delivery attempt;Email;TRUE
CMP-0002700;SHP-2025-0108404;2025-12-14 04:08:50;Incorrect Delivery;Tracking issue;Email;TRUE
CMP-0003135;SHP-2026-0122713;2026-01-31 02:05:10;Late Delivery;Delivered after promised date;Phone;TRUE
CMP-0004629;SHP-2026-0185418;2026-07-26 06:37:54;Failed Delivery;Courier did not reach customer;Phone;TRUE
CMP-0002930;SHP-2025-0115236;2025-12-30 11:59:17;Failed Delivery;Courier did not reach customer;Email;TRUE
CMP-0001623;SHP-2025-0065445;2025-08-07 01:36:46;Late Delivery;Delivered after promised date;Chat;TRUE
CMP-0002455;SHP-2025-0099271;2025-11-29 21:17:35;Other;Wrong delivery instructions;Phone;TRUE
CMP-0003716;SHP-2026-0147264;2026-03-07 01:24:59;Failed Delivery;Repeated delivery attempt;Email;TRUE
CMP-0000771;SHP-2025-0030504;2025-04-27 21:17:13;Late Delivery;Delivery date repeatedly changed;Web Form;TRUE
CMP-0006059;SHP-2026-0239611;2026-12-27 22:14:39;Other;Tracking issue;Phone;TRUE
CMP-0002822;SHP-2025-0112076;2025-12-16 00:17:46;Late Delivery;Long transit time;Web Form;TRUE
CMP-0005740;SHP-2026-0228934;2026-11-06 14:15:54;Other;Tracking issue;Phone;FALSE
CMP-0001054;SHP-2025-0042553;2025-05-09 05:48:58;Other;Tracking issue;Chat;TRUE
CMP-0003156;SHP-2026-0123569;2026-01-25 02:45:43;Late Delivery;Delivery date repeatedly changed;Phone;TRUE
CMP-0001946;SHP-2025-0077995;2025-10-03 16:28:02;Other;Other;Web Form;TRUE
CMP-0000681;SHP-2025-0027209;2025-04-20 00:27:59;Failed Delivery;Repeated delivery attempt;Phone;TRUE
CMP-0005535;SHP-2026-0221274;2026-11-26 04:00:55;Late Delivery;Long transit time;Chat;TRUE
CMP-0004713;SHP-2026-0189029;2026-08-29 03:05:44;Damaged Shipment;Package damaged;Web Form;TRUE
CMP-0005602;SHP-2026-0223696;2026-11-07 03:32:22;Incorrect Delivery;Other;Email;FALSE
CMP-0004488;SHP-2026-0179769;2026-07-29 00:34:38;Incorrect Delivery;Wrong delivery instructions;Chat;TRUE
CMP-0001382;SHP-2025-0055952;2025-07-24 15:42:08;Failed Delivery;Customer not available;Chat;TRUE
CMP-0001207;SHP-2025-0048696;2025-07-02 13:56:10;Other;Other;Phone;TRUE
CMP-0005847;SHP-2026-0232627;2026-11-16 09:02:07;Incorrect Delivery;Tracking issue;Chat;TRUE
CMP-0001622;SHP-2025-0065389;2025-08-10 04:06:01;Other;Wrong delivery instructions;Email;TRUE
CMP-0001270;SHP-2025-0051098;2025-06-11 04:58:26;Late Delivery;Long transit time;Email;TRUE
CMP-0004176;SHP-2026-0166899;2026-05-21 08:49:56;Late Delivery;Long transit time;Phone;TRUE
CMP-0005311;SHP-2026-0213109;2026-10-18 19:33:35;Incorrect Delivery;Tracking issue;Email;TRUE
CMP-0004697;SHP-2026-0188146;2026-07-06 21:44:28;Other;Tracking issue;Email;TRUE
CMP-0000202;SHP-2025-0008276;2025-01-19 21:32:54;Damaged Shipment;Packaging failure;Phone;TRUE
CMP-0003544;SHP-2026-0139805;2026-03-18 14:22:47;Incorrect Delivery;Wrong delivery instructions;Email;TRUE
CMP-0002509;SHP-2025-0101381;2025-11-13 23:42:58;Late Delivery;Delivered after promised date;Web Form;TRUE
CMP-0003000;SHP-2025-0117966;2025-12-07 07:47:21;Failed Delivery;Repeated delivery attempt;Email;TRUE
CMP-0002303;SHP-2025-0093040;2025-10-11 12:02:36;Failed Delivery;Repeated delivery attempt;Chat;TRUE
CMP-0001581;SHP-2025-0063919;2025-08-21 20:32:28;Failed Delivery;Repeated delivery attempt;Chat;TRUE
CMP-0003152;SHP-2026-0123513;2026-01-10 21:07:35;Late Delivery;Delivered after promised date;Phone;TRUE
CMP-0005759;SHP-2026-0229582;2026-11-22 23:13:28;Late Delivery;Delivery date repeatedly changed;Phone;FALSE
CMP-0001048;SHP-2025-0042371;2025-05-07 15:52:57;Failed Delivery;Courier did not reach customer;Chat;TRUE
CMP-0002486;SHP-2025-0100715;2025-12-06 02:38:26;Other;Wrong delivery instructions;Phone;TRUE
CMP-0001853;SHP-2025-0073768;2025-10-01 10:44:05;Late Delivery;Delivered after promised date;Email;TRUE
CMP-0002211;SHP-2025-0089018;2025-11-03 17:50:18;Failed Delivery;Customer not available;Phone;FALSE
CMP-0002365;SHP-2025-0095664;2025-11-12 15:58:05;Incorrect Delivery;Other;Phone;TRUE
CMP-0005556;SHP-2026-0222075;2026-11-14 11:33:53;Incorrect Delivery;Other;Email;TRUE
CMP-0004716;SHP-2026-0189327;2026-09-05 01:40:51;Late Delivery;Delivered after promised date;Web Form;TRUE
CMP-0004293;SHP-2026-0172320;2026-06-13 09:24:19;Incorrect Delivery;Other;Email;TRUE
CMP-0000383;SHP-2025-0015603;2025-02-24 13:28:48;Other;Wrong delivery instructions;Phone;TRUE
CMP-0006216;SHP-2026-0244145;2026-12-31 07:15:55;Late Delivery;Long transit time;Chat;TRUE
CMP-0001643;SHP-2025-0066311;2025-08-24 20:29:15;Late Delivery;Delivery date repeatedly changed;Chat;TRUE
CMP-0003103;SHP-2025-0121142;2025-12-13 10:34:48;Late Delivery;Delivery date repeatedly changed;Phone;TRUE
CMP-0000518;SHP-2025-0020393;2025-03-20 15:41:38;Other;Tracking issue;Email;TRUE
CMP-0000440;SHP-2025-0017542;2025-03-26 01:02:28;Late Delivery;Long transit time;Web Form;TRUE
CMP-0004540;SHP-2026-0181751;2026-07-26 07:15:57;Late Delivery;Delivery date repeatedly changed;Phone;TRUE
CMP-0003873;SHP-2026-0153440;2026-04-27 19:02:10;Late Delivery;Delivered after promised date;Web Form;TRUE
CMP-0002275;SHP-2025-0091915;2025-10-12 05:37:11;Other;Tracking issue;Phone;TRUE
CMP-0003216;SHP-2026-0126630;2026-01-17 20:47:19;Late Delivery;Delivered after promised date; Phone ;TRUE
CMP-0002185;SHP-2025-0087525;2025-10-22 11:38:55;Late Delivery;Long transit time;Phone;FALSE
CMP-0001299;SHP-2025-0052248;2025-06-11 06:00:18;Damaged Shipment;Contents damaged;Email;TRUE
CMP-0002221;SHP-2025-0089372;2026-01-03 11:41:36;Failed Delivery;Repeated delivery attempt;Web Form;TRUE
CMP-0001780;SHP-2025-0071125;2025-08-22 11:15:13;Incorrect Delivery;Other;Phone;TRUE
CMP-0005230;SHP-2026-0209531;2026-10-15 04:19:14;Incorrect Delivery;Other;Web Form;TRUE
CMP-0004317;SHP-2026-0173612;2026-06-16 17:32:41;Other;Other;Chat;TRUE
CMP-0002183;SHP-2025-0087434;2025-10-17 03:47:31;Incorrect Delivery;Tracking issue;Web Form;TRUE
CMP-0005963;SHP-2026-0236583;2026-12-31 08:45:32;Incorrect Delivery;Tracking issue;Chat;TRUE
CMP-0004924;SHP-2026-0197202;2026-08-14 06:54:15;Incorrect Delivery;Tracking issue;Email;TRUE
CMP-0001368;SHP-2025-0055071;2025-07-21 03:00:22;Other;Wrong delivery instructions;Chat;TRUE
CMP-0006009;SHP-2026-0238230;2027-01-07 16:32:03;Other;Wrong delivery instructions;Phone;TRUE
CMP-0002673;SHP-2025-0107553;2026-01-02 11:12:42;Late Delivery;Delivery date repeatedly changed;Email;TRUE
CMP-0004359;SHP-2026-0175115;2026-06-24 05:47:07;Incorrect Delivery;Tracking issue;Email;FALSE
CMP-0002631;SHP-2025-0105738;2025-11-21 12:12:12;Late Delivery;Delivered after promised date;Web Form;TRUE
CMP-0001109;SHP-2025-0044879;2025-06-19 17:59:22;Other;Tracking issue;Email;TRUE
CMP-0003953;SHP-2026-0157270;2026-04-29 09:45:29;Failed Delivery;Customer not available;Chat;TRUE
CMP-0000490;SHP-2025-0019162;2025-03-29 01:20:34;Other;Wrong delivery instructions;Email;TRUE
CMP-0004719;SHP-2026-0189355;2026-08-23 04:14:04;Other;Tracking issue;Email;TRUE
CMP-0004449;SHP-2026-0178573;2026-08-08 15:14:24;Late Delivery;Delivered after promised date;Email;TRUE
CMP-0001150;SHP-2025-0046558;2025-06-14 08:59:25;Late Delivery;Delivery date repeatedly changed;Phone;TRUE
CMP-0005185;SHP-2026-0208114;2026-09-17 13:52:11;Late Delivery;Delivery date repeatedly changed;Web Form;TRUE
CMP-0002103;SHP-2025-0084497;2025-10-11 23:49:48;Incorrect Delivery;Tracking issue;Email;TRUE
CMP-0005356;SHP-2026-0214276;2026-10-22 18:25:27;Late Delivery;Delivered after promised date;Email;TRUE
CMP-0004342;SHP-2026-0174533;2026-06-06 16:35:18;Failed Delivery;Courier did not reach customer;Email;TRUE
CMP-0006247;SHP-2026-0245024;2026-12-17 21:26:13;Other;Wrong delivery instructions;Email;TRUE
CMP-0001066;SHP-2025-0042982;2025-05-14 22:27:45;Late Delivery;Delivery date repeatedly changed;Chat;TRUE
CMP-0001385;SHP-2025-0056007;2025-08-05 21:20:37;Late Delivery;Long transit time;Web Form;TRUE
CMP-0006194;SHP-2026-0243349;2026-12-15 18:23:24;Incorrect Delivery;Tracking issue;Phone;TRUE
CMP-0004090;SHP-2026-0163310;2026-05-24 01:32:22;Failed Delivery;Returned to sender;Email;TRUE
CMP-0004474;SHP-2026-0179541;2026-07-18 13:14:23;Failed Delivery;Customer not available;Phone;TRUE
CMP-0005140;SHP-2026-0206383;2026-09-09 14:58:18;Incorrect Delivery;Wrong delivery instructions;Phone;TRUE
CMP-0004960;SHP-2026-0198590;2026-01-03 13:41:11;Failed Delivery;Customer not available;Web Form;TRUE
CMP-0004855;SHP-2026-0194608;2026-08-15 00:08:01;Other;Wrong delivery instructions;Email;TRUE
CMP-0001213;SHP-2025-0048907;2025-06-19 15:39:18;Incorrect Delivery;Other;Chat;TRUE
CMP-0003250;SHP-2026-0127845;2026-01-16 01:55:44;Other;Other;Web Form;TRUE
CMP-0004456;SHP-2026-0178770;2026-01-03 09:37:14;Incorrect Delivery;Other;Phone;TRUE
CMP-0001381;SHP-2025-0055933;2025-07-09 00:49:29;Late Delivery;Delivery date repeatedly changed;Chat;TRUE
CMP-0000155;SHP-2025-0006468;2025-02-01 06:33:30;Late Delivery;Delivery date repeatedly changed;Chat;TRUE
CMP-0001028;SHP-2025-0041537;2025-05-21 12:43:16;Other;Other;Web Form;TRUE
CMP-0002576;SHP-2025-0103662;2025-11-26 22:44:06;Late Delivery;Delivery date repeatedly changed;Email;TRUE
CMP-0004955;SHP-2026-0198393;2026-10-04 20:36:30;Incorrect Delivery;Wrong delivery instructions;Email;TRUE
CMP-0001727;SHP-2025-0069370;2025-08-22 11:43:59;Incorrect Delivery;Wrong delivery instructions;Chat;TRUE
CMP-0004201;SHP-2026-0168229;2026-06-26 07:50:58;Late Delivery;Delivery date repeatedly changed;Phone;TRUE
CMP-0000865;SHP-2025-0034197;2025-05-07 05:12:15;Late Delivery;Delivery date repeatedly changed;Email;TRUE
CMP-0003438;SHP-2026-0135731;2026-02-12 07:44:11;Failed Delivery;Repeated delivery attempt;Web Form;TRUE
CMP-0005248;SHP-2026-0210285;2026-10-26 14:35:04;Late Delivery;Long transit time;Phone;FALSE
CMP-0000156;SHP-2025-0006512;2025-01-09 20:57:35;Other;Other;Phone;TRUE
CMP-0003279;SHP-2026-0129285;2026-01-26 08:33:24;Late Delivery;Long transit time;Email;TRUE
CMP-0001910;SHP-2025-0076385;2025-09-17 13:26:07;Incorrect Delivery;Other;Web Form;TRUE
CMP-0004638;SHP-2026-0185677;2026-07-29 16:27:06;Other;Tracking issue;Email;TRUE
CMP-0003895;SHP-2026-0154426;2026-04-11 08:53:45;Incorrect Delivery;Tracking issue;Phone;TRUE
CMP-0001036;SHP-2025-0041818;2025-06-03 00:52:30;Incorrect Delivery;Wrong delivery instructions;Web Form;TRUE
CMP-0001418;SHP-2025-0057404;2025-07-13 03:41:40;Failed Delivery;Customer not available;Web Form;TRUE
CMP-0005314;SHP-2026-0213205;2026-10-14 20:41:02;Late Delivery;Delivery date repeatedly changed;Phone;TRUE
CMP-0004376;SHP-2026-0175488;2026-06-12 05:06:16;Late Delivery;Long transit time;Email;FALSE
CMP-0004767;SHP-2026-0191352;2026-08-22 07:11:17;Late Delivery;Delivery date repeatedly changed;Chat;TRUE
CMP-0000390;SHP-2025-0015765;2025-03-01 10:51:33;Incorrect Delivery;Other;Phone;TRUE
CMP-0005392;SHP-2026-0215669;2026-10-12 06:37:43;Other;Other;Web Form;TRUE
CMP-0006115;SHP-2026-0240948;2026-12-30 02:36:22;Late Delivery;Delivery date repeatedly changed;Email;TRUE
CMP-0001067;SHP-2025-0042982;2025-05-15 17:34:33;Late Delivery;Delivery date repeatedly changed;Phone;TRUE
CMP-0002542;SHP-2025-0102545;2025-12-02 23:24:12;Late Delivery;Delivery date repeatedly changed;Phone;TRUE
CMP-0001777;SHP-2025-0070904;2025-09-02 23:30:58;Other;Wrong delivery instructions;Web Form;TRUE
CMP-0000038;SHP-2025-0001723;2025-01-27 07:05:01;Late Delivery;Delivery date repeatedly changed;Email;TRUE
CMP-0005353;SHP-2026-0214215;2026-10-19 01:12:45;Other;Wrong delivery instructions;Email;TRUE
CMP-0003943;SHP-2026-0156494;2026-05-08 15:01:59;Incorrect Delivery;Other;Chat;TRUE
CMP-0002085;SHP-2025-0083919;2025-10-08 15:06:16;Late Delivery;Long transit time;Email;TRUE
CMP-0003823;SHP-2026-0151350;2026-04-08 03:46:16;Other;Other;Phone;TRUE
CMP-0004287;SHP-2026-0172021;2026-07-03 00:27:04;Late Delivery;Long transit time;Email;TRUE
CMP-0005337;SHP-2026-0213800;2026-10-23 17:33:19;Failed Delivery;Repeated delivery attempt;Chat;TRUE
CMP-0003827;SHP-2026-0151472;2026-04-11 08:14:47;Late Delivery;Delivery date repeatedly changed;Web Form;TRUE
CMP-0005638;SHP-2026-0225224;2026-11-05 05:51:02;Incorrect Delivery;Wrong delivery instructions;Email;FALSE
CMP-0003125;SHP-2026-0122439;2026-01-20 08:15:26;Late Delivery;Delivery date repeatedly changed;Email;FALSE
CMP-0005013;SHP-2026-0200607;2026-09-12 18:43:32;Late Delivery;Long transit time;Email;TRUE
CMP-0001053;SHP-2025-0042539;2025-05-08 04:48:58;Failed Delivery;Returned to sender;Email;TRUE
CMP-0000727;SHP-2025-0029097;2025-04-10 01:14:34;Other;Tracking issue;Email;TRUE
CMP-0000103;SHP-2025-0004186;2025-01-13 20:02:10;Other;Tracking issue;Phone;TRUE
CMP-0003326;SHP-2026-0131183;2026-02-24 05:16:15;Late Delivery;Delivery date repeatedly changed;Web Form;TRUE
CMP-0003307;SHP-2026-0130517;2026-03-03 21:11:55;Damaged Shipment;Package damaged;Chat;TRUE
CMP-0000211;SHP-2025-0008616;2025-02-11 22:46:16;Late Delivery;Long transit time;Web Form;TRUE
CMP-0006083;SHP-2026-0240383;2026-12-12 22:46:39;Late Delivery;Long transit time;Web Form;TRUE
CMP-0006188;SHP-2026-0243186;2026-12-31 01:10:20;Late Delivery;Delivery date repeatedly changed;Email;TRUE
CMP-0003316;SHP-2026-0130700;2026-02-22 10:14:19;Other;Tracking issue;Chat;TRUE
CMP-0003518;SHP-2026-0138767;2026-03-07 08:34:38;Failed Delivery;Delivery unsuccessful;Email;TRUE
CMP-0001252;SHP-2025-0050628;2025-06-19 22:50:19;Lost Shipment;Shipment not delivered;Phone;TRUE
CMP-0002574;SHP-2025-0103625;2025-11-16 08:18:02;Failed Delivery;Courier did not reach customer;Email;TRUE
CMP-0005770;SHP-2026-0229944;2026-11-21 11:08:35;Incorrect Delivery;Tracking issue;Chat;TRUE
CMP-0003209;SHP-2026-0126294;2026-01-06 08:10:50;Failed Delivery;Returned to sender;Email;TRUE
CMP-0002671;SHP-2025-0107514;2025-12-16 19:31:44;Failed Delivery;Courier did not reach customer;Chat;TRUE
CMP-0000048;SHP-2025-0002117;2025-01-29 06:20:46;Failed Delivery;Customer not available;Email;TRUE
CMP-0002636;SHP-2025-0105999;2025-11-30 08:42:31;Other;Tracking issue;Phone;FALSE
CMP-0001475;SHP-2025-0059485;2025-07-14 03:40:08;Late Delivery;Long transit time;Phone;TRUE
CMP-0003314;SHP-2026-0130611;2026-02-12 10:44:59;Late Delivery;Delivered after promised date;Email;TRUE
CMP-0000590;SHP-2025-0023338;2025-03-22 19:09:56;Failed Delivery;Repeated delivery attempt;Phone;FALSE
CMP-0001941;SHP-2025-0077766;2025-09-26 19:30:55;Incorrect Delivery;Tracking issue;Email;TRUE
CMP-0001802;SHP-2025-0071881;2025-08-16 06:06:20;Late Delivery;Delivered after promised date;Email;TRUE
CMP-0003100;SHP-2025-0121120;2025-12-24 07:06:45;Late Delivery;Long transit time;Email;TRUE
CMP-0005070;SHP-2026-0202726;2026-09-25 15:03:05;Failed Delivery;Repeated delivery attempt;Email;TRUE
CMP-0000237;SHP-2025-0009734;2025-02-19 17:04:59;Late Delivery;Long transit time;Email;TRUE
CMP-0003537;SHP-2026-0139401;2026-04-05 23:59:29;Failed Delivery;Courier did not reach customer;Phone;FALSE
CMP-0000757;SHP-2025-0029765;2025-04-12 20:35:30;Incorrect Delivery;Wrong delivery instructions;Email;TRUE
CMP-0004991;SHP-2026-0199746;2026-10-04 20:25:47;Incorrect Delivery;Tracking issue;Web Form;TRUE
CMP-0003044;SHP-2025-0119690;2026-01-02 10:48:09;Late Delivery;Delivery date repeatedly changed;Email;TRUE
CMP-0006261;SHP-2026-0245398;2027-01-04 13:09:12;Failed Delivery;Courier did not reach customer;Email;TRUE
CMP-0000806;SHP-2025-0032107;2025-04-17 09:57:33;Late Delivery;Delivery date repeatedly changed;Email;TRUE
CMP-0000948;SHP-2025-0037710;2025-05-17 14:36:49;Other;Tracking issue;Email;TRUE
CMP-0003460;SHP-2026-0136642;2026-02-16 01:06:39;Late Delivery;Long transit time;Email;TRUE
CMP-0005846;SHP-2026-0232529;2026-12-02 19:55:06;Failed Delivery;Repeated delivery attempt;Email;TRUE
CMP-0003212;SHP-2026-0126415;2026-01-09 23:52:07;Damaged Shipment;Contents damaged;Phone;TRUE
CMP-0004227;SHP-2026-0169073;2026-06-07 06:47:35;Other;Tracking issue;Phone;TRUE
CMP-0001280;SHP-2025-0051432;2025-06-19 06:58:03;Failed Delivery;Courier did not reach customer;Phone;TRUE
CMP-0003021; SHP-2025-0118702 ;2025-12-26 00:24:24;Late Delivery;Delivered after promised date;Web Form;TRUE
CMP-0004017;SHP-2026-0160434;2026-05-09 19:48:33;Late Delivery;Delivered after promised date;Web Form;TRUE
CMP-0003367;SHP-2026-0132927;2026-03-02 05:06:54;Other;Other;Phone;TRUE
CMP-0004636;SHP-2026-0185601;2026-07-20 17:42:20;Late Delivery;Delivery date repeatedly changed;Email;TRUE
CMP-0000833;SHP-2025-0033061;2025-04-18 17:05:28;Failed Delivery;Repeated delivery attempt;Web Form;TRUE
CMP-0004311;SHP-2026-0173372;2026-06-09 19:46:58;Failed Delivery;Delivery unsuccessful;Web Form;FALSE
CMP-0005036;SHP-2026-0201418;2026-09-17 06:48:47;Incorrect Delivery;Tracking issue;Web Form;TRUE
CMP-0003547;SHP-2026-0139889;2026-03-31 20:29:56;Failed Delivery;Repeated delivery attempt;Email;TRUE
CMP-0003280;SHP-2026-0129297;2026-02-02 23:19:22;Other;Other;Web Form;TRUE
CMP-0006287; SHP-2026-0246366 ;2026-12-17 12:54:04;Late Delivery;Delivery date repeatedly changed;Web Form;TRUE
CMP-0005330;SHP-2026-0213504;2026-10-30 01:07:35;Late Delivery;Long transit time;Email;TRUE
CMP-0003931;SHP-2026-0155775;2026-04-23 08:36:39;Failed Delivery;Customer not available;Web Form;TRUE
CMP-0003555;SHP-2026-0140271;2026-03-24 15:06:38;Late Delivery;Delivered after promised date;Phone;TRUE
CMP-0003959;SHP-2026-0157544;2026-04-11 02:47:16;Late Delivery;Delivery date repeatedly changed;Phone;TRUE
CMP-0003709;SHP-2026-0147093;2026-03-12 17:58:34;Other;Tracking issue;Email;TRUE
CMP-0002079;SHP-2025-0083739;2025-11-04 09:30:10;Incorrect Delivery;Tracking issue;Phone;FALSE
CMP-0002176;SHP-2025-0087155;2025-10-25 18:14:04;Failed Delivery;Courier did not reach customer;Email;TRUE
CMP-0001974;SHP-2025-0079841;2025-09-19 14:34:05;Late Delivery;Delivered after promised date;Email;TRUE
CMP-0000909;SHP-2025-0036117;2025-05-30 23:43:16;Damaged Shipment;Packaging failure;Email;TRUE
CMP-0003093;SHP-2025-0120944;2025-12-26 06:28:21;Other;Wrong delivery instructions;Phone;TRUE
CMP-0003747;SHP-2026-0148376;2026-04-12 18:59:48;Other;Other;Phone;TRUE
CMP-0004877;SHP-2026-0195491;2026-08-29 03:25:05;Other;Other;Chat;TRUE
CMP-0001275;SHP-2025-0051217;2025-07-03 13:20:37;Failed Delivery;Returned to sender;Phone;TRUE
CMP-0000168;SHP-2025-0006794;2025-01-30 13:19:03;Late Delivery;Delivered after promised date;Phone;TRUE
CMP-0003620;SHP-2026-0143831;2026-03-18 01:04:09;Late Delivery;Delivered after promised date;Web Form;TRUE
CMP-0000983;SHP-2025-0039523;2025-05-21 11:43:18;Incorrect Delivery;Other;Phone;TRUE
CMP-0006168;SHP-2026-0242540;2026-12-19 11:43:37;Failed Delivery;Repeated delivery attempt;Chat;TRUE
CMP-0005984;SHP-2026-0237202;2026-12-12 11:24:47;Failed Delivery;Repeated delivery attempt;Chat;TRUE
CMP-0003990;SHP-2026-0159011;2026-05-06 09:58:36;Late Delivery;Delivered after promised date;Web Form;TRUE
CMP-0001819;SHP-2025-0072499;2025-08-15 16:01:44;Late Delivery;Delivery date repeatedly changed;Email;TRUE
CMP-0005926;SHP-2026-0235321;2026-12-31 05:50:04;Other;Wrong delivery instructions;Email;FALSE
CMP-0000434;SHP-2025-0017338;2025-03-19 12:21:27;Other;Other;Phone;TRUE
CMP-0004250;SHP-2026-0170540;2026-06-20 23:53:47;Other;Tracking issue;Email;TRUE
CMP-0000216;SHP-2025-0008741;2025-02-22 18:21:27;Late Delivery;Long transit time;Phone;TRUE
CMP-0000828;SHP-2025-0032852;2025-04-22 11:38:59;Incorrect Delivery;Other;Phone;FALSE
CMP-0002035;SHP-2025-0081982;2025-09-10 01:54:18;Late Delivery;Delivery date repeatedly changed;Email;TRUE
CMP-0004908;SHP-2026-0196403;2026-08-12 18:54:42;Late Delivery;Delivery date repeatedly changed;Phone;TRUE
CMP-0002768;SHP-2025-0110502;2025-12-08 06:27:27;Late Delivery;Delivery date repeatedly changed;Web Form;TRUE
CMP-0001088;SHP-2025-0043856;2025-06-02 23:15:21;Other;Wrong delivery instructions;Web Form;TRUE
CMP-0005170;SHP-2026-0207455;2026-09-12 12:14:52;Late Delivery;Delivered after promised date;Email;TRUE
CMP-0003063;SHP-2025-0120051;2025-12-09 20:20:57;Late Delivery;Long transit time;Web Form;TRUE
CMP-0002718;SHP-2025-0108846;2025-12-26 00:32:02;Failed Delivery;Customer not available;Email;TRUE
CMP-0000722;SHP-2025-0028842;2025-04-29 21:42:03;Other;Other;Phone;TRUE
CMP-0001422;SHP-2025-0057470;2025-07-06 20:02:26;Incorrect Delivery;Wrong delivery instructions;Email;TRUE
CMP-0003998;SHP-2026-0159329;2026-05-21 22:49:57;Incorrect Delivery;Other;Phone;TRUE
CMP-0004569;SHP-2026-0182794;2026-07-27 08:11:39;Late Delivery;Delivery date repeatedly changed;Chat;TRUE
CMP-0004000;SHP-2026-0159397;2026-05-15 17:10:34;Incorrect Delivery;Tracking issue;Phone;TRUE
CMP-0004240;SHP-2026-0169872;2026-06-21 03:21:23;Other;Other;Phone;TRUE
CMP-0000134;SHP-2025-0005535;2025-01-12 20:28:12;Failed Delivery;Repeated delivery attempt;Phone;TRUE
CMP-0004347;SHP-2026-0174617;2026-06-25 02:33:07;Other;Tracking issue;Email;TRUE
CMP-0003176;SHP-2026-0124559;2026-01-18 15:24:31;Other;Tracking issue;Chat;TRUE
CMP-0005551;SHP-2026-0221907;2026-11-24 21:35:01;Late Delivery;Long transit time;Email;TRUE
CMP-0001840;SHP-2025-0073193;2025-09-12 10:28:22;Failed Delivery;Courier did not reach customer;Phone;TRUE
CMP-0003701;SHP-2026-0146715;2026-03-31 05:16:38;Damaged Shipment;Package damaged;Phone;TRUE
CMP-0005997;SHP-2026-0237642;2026-12-16 08:07:51;Late Delivery;Long transit time;Phone;TRUE
CMP-0000120;SHP-2025-0004808;2025-01-10 22:22:43;Late Delivery;Delivered after promised date;Chat;TRUE
CMP-0004593;SHP-2026-0183709;2026-07-16 13:03:48;Other;Wrong delivery instructions;Web Form;TRUE
CMP-0004603;SHP-2026-0184249;2026-07-15 03:56:09;Late Delivery;Long transit time;Web Form;TRUE
CMP-0002750;SHP-UNKNOWN-770;2025-12-12 07:59:19;Other;Other;Email;TRUE
CMP-0000463;SHP-2025-0018205;2025-03-14 14:14:45;Other;Other;Email;TRUE
CMP-0003167;SHP-2026-0124188;2026-01-18 10:23:32;Other;Tracking issue;Email;TRUE
CMP-0005423;SHP-2026-0217033;2026-10-29 07:16:30;Failed Delivery;Repeated delivery attempt;Web Form;TRUE
CMP-0002490;SHP-2025-0100831;2025-11-17 08:38:44;Late Delivery;Delivered after promised date;Phone;TRUE
CMP-0000316;SHP-2025-0012883;2025-02-06 06:19:12;Failed Delivery;Customer not available;Email;TRUE
CMP-0003647;SHP-2026-0144786;2026-03-08 11:14:32;Failed Delivery;Repeated delivery attempt;Email;FALSE
CMP-0005065;SHP-2026-0202638;2026-09-24 13:34:44;Other;Wrong delivery instructions;Web Form;TRUE
CMP-0005395;SHP-2026-0215757;2026-11-01 01:35:37;Other;Tracking issue;Phone;TRUE
CMP-0005858;SHP-2026-0232909;2026-11-19 08:08:10;Late Delivery;Delivered after promised date;Email;TRUE
CMP-0004221;SHP-2026-0168984;2026-06-07 05:39:44;Incorrect Delivery;Other;Web Form;TRUE
CMP-0003428;SHP-2026-0135387;2026-02-25 23:02:34;Incorrect Delivery;Other;Email;TRUE
CMP-0005243;SHP-2026-0209912;2026-11-06 22:14:19;Incorrect Delivery;Wrong delivery instructions;Phone;TRUE
CMP-0002802;SHP-2025-0111458;2025-12-10 01:46:34;Late Delivery;Long transit time;Phone;TRUE
CMP-0006118;SHP-2026-0241098;2027-01-02 15:54:45;Late Delivery;Delivery date repeatedly changed;Email;TRUE
CMP-0003014;SHP-2025-0118430;2026-01-01 10:52:56;Late Delivery;Delivery date repeatedly changed;Email;TRUE
CMP-0003210;SHP-2026-0126386;2026-01-27 11:34:03;Other;Other;Email;TRUE
CMP-0001162;SHP-2025-0046896;2025-06-14 02:52:12;Failed Delivery;Repeated delivery attempt;Email;TRUE
CMP-0006193;SHP-2026-0243345;2027-01-01 19:04:14;Other;Tracking issue;Email;TRUE
CMP-0004049;SHP-2026-0161886;2026-05-31 11:54:02;Incorrect Delivery;Other;Phone;TRUE
CMP-0000426;SHP-2025-0017129;2025-03-08 17:31:30;Failed Delivery;Courier did not reach customer;Web Form;TRUE
CMP-0003564;SHP-2026-0140549;2026-04-06 04:28:02;Incorrect Delivery;Other;Email;FALSE
CMP-0000200;SHP-2025-0008266;2025-01-11 23:31:59;Late Delivery;Delivered after promised date;Web Form;TRUE
CMP-0006015;SHP-2026-0238280;2026-12-08 15:18:18;Other;Other;Web Form;TRUE
CMP-0003566;SHP-2026-0140642;2026-03-14 06:22:36;Late Delivery;Long transit time;Phone;TRUE
CMP-0002554;SHP-2025-0102979;2025-11-20 19:06:41;Lost Shipment;Shipment not delivered;Email;TRUE
CMP-0002549;SHP-2025-0102754;2025-12-04 15:26:26;Damaged Shipment;Package damaged;Phone;TRUE
CMP-0003207;SHP-2026-0126171;2026-01-14 20:23:49;Late Delivery;Delivery date repeatedly changed;Email;TRUE
CMP-0005572;SHP-2026-0222521;2026-12-04 01:29:53;Late Delivery;Delivered after promised date;Email;TRUE
CMP-0000264;SHP-2025-0010947;2025-02-24 22:33:13;Late Delivery;Delivery date repeatedly changed;Phone;TRUE
CMP-0002853;SHP-2025-0112916;2026-01-05 16:27:12;Damaged Shipment;Contents damaged;Chat;TRUE
CMP-0003491;SHP-2026-0137471;2026-02-27 15:51:55;Other;Other;Email;FALSE
CMP-0003319;SHP-2026-0130748;2026-03-01 15:11:57;Failed Delivery;Courier did not reach customer;Web Form;TRUE
CMP-0001317;SHP-2025-0053122;2025-06-12 08:43:29;Other;Tracking issue;Web Form;TRUE
CMP-0002558;SHP-2025-0103108;2025-12-05 04:15:00;Incorrect Delivery;Wrong delivery instructions;Web Form;TRUE
CMP-0004961;SHP-2026-0198659;2026-09-16 14:12:29;Incorrect Delivery;Wrong delivery instructions;Web Form;TRUE
CMP-0002398;SHP-2025-0096974;2025-11-08 07:52:42;Incorrect Delivery;Other;Email;TRUE
CMP-0000173;SHP-2025-0007019;2025-01-16 05:14:44;Late Delivery;Delivery date repeatedly changed;Email;TRUE
CMP-0001353;SHP-2025-0054630;2025-07-10 22:26:39;Damaged Shipment;Contents damaged;Email;FALSE
CMP-0003622;SHP-2026-0143870;2026-03-29 19:51:34;Incorrect Delivery;Wrong delivery instructions;Phone;TRUE
CMP-0000602;SHP-2025-0023940;2025-03-17 15:33:50;Late Delivery;Long transit time;Email;TRUE
CMP-0005757;SHP-2026-0229509;2026-12-01 05:14:48;Late Delivery;Delivered after promised date;Chat;TRUE
CMP-0001463;SHP-2025-0058951;2025-07-28 22:53:31;Other;Tracking issue;Email;TRUE
CMP-0002787;SHP-2025-0111024;2025-12-19 05:05:32;Late Delivery;Long transit time;Email;TRUE
CMP-0000664;SHP-2025-0026180;2025-04-29 07:35:43;Other;Wrong delivery instructions;Phone;TRUE
CMP-0000735;SHP-2025-0029337;2025-04-19 15:35:58;Other;Tracking issue;Email;TRUE
CMP-0005207;SHP-2026-0208638;2026-10-01 22:24:08;Late Delivery;Delivered after promised date;Phone;TRUE
CMP-0005672;SHP-2026-0226374;2026-11-13 07:45:37;Late Delivery;Delivered after promised date;Email;TRUE
CMP-0002791;SHP-2025-0111106;2025-12-17 06:57:15;Late Delivery;Delivery date repeatedly changed;Phone;TRUE
CMP-0005402;SHP-2026-0215959;2026-10-27 05:23:31;Late Delivery;Delivery date repeatedly changed;Web Form;TRUE
CMP-0004157;SHP-2026-0166139;2026-05-27 21:26:49;Incorrect Delivery;Other;Phone;TRUE
CMP-0005355;SHP-2026-0214220;2026-10-20 07:57:55;Incorrect Delivery;Wrong delivery instructions;Phone;TRUE
CMP-0004318;SHP-2026-0173612;2026-06-15 03:47:53;Other;Wrong delivery instructions;Phone;TRUE
CMP-0005017;SHP-2026-0200820;2026-09-23 06:54:31;Late Delivery;Long transit time;Web Form;TRUE
CMP-0006290;SHP-2026-0246431;2026-12-22 23:59:37;Lost Shipment;No tracking progress;Email;TRUE
CMP-0003461;SHP-2026-0136648;2026-02-09 04:55:22;Lost Shipment;Shipment not delivered;Email;TRUE
CMP-0003585;SHP-2026-0141836;2026-03-14 22:20:03;Other;Wrong delivery instructions;Web Form;TRUE
CMP-0003486;SHP-2026-0137446;2026-02-27 05:46:56;Late Delivery;Delivery date repeatedly changed;Phone;FALSE
CMP-0001492;SHP-2025-0060155;2025-07-14 05:21:19;Late Delivery;Long transit time;Phone;TRUE
CMP-0002538;SHP-2025-0102414;2025-11-22 14:48:53;Failed Delivery;Courier did not reach customer;Email;TRUE
CMP-0005809;SHP-2026-0231192;2026-11-13 11:33:20;Late Delivery;Delivery date repeatedly changed;Web Form;TRUE
CMP-0002963;SHP-2025-0116487;2025-12-10 22:54:10;Late Delivery;Long transit time;Chat;TRUE
CMP-0005005;SHP-2026-0200281;2026-09-13 17:34:14;Late Delivery;Delivery date repeatedly changed;Email;TRUE
CMP-0003206;SHP-2026-0126157;2026-01-27 02:02:23;Late Delivery;Delivered after promised date;Email;TRUE
CMP-0003368;SHP-2026-0132966;2026-03-04 05:35:02;Other;Tracking issue;Web Form;TRUE
CMP-0002956;SHP-2025-0116159;2025-12-22 20:30:23;Incorrect Delivery;Tracking issue;Email;TRUE
CMP-0000018;SHP-2025-0000826;2025-02-08 01:16:04;Late Delivery;Long transit time;Phone;TRUE
CMP-0000682;SHP-2025-0027224;2025-04-06 22:29:07;Late Delivery;Delivered after promised date;Email;TRUE
CMP-0002503;SHP-2025-0101189;2025-11-10 06:56:08;Incorrect Delivery;Tracking issue;Phone;TRUE
CMP-0005655;SHP-2026-0225872;2026-12-04 03:18:23;Late Delivery;Delivered after promised date;Chat;TRUE
CMP-0003485;SHP-2026-0137432;2026-02-22 17:35:18;Failed Delivery;Courier did not reach customer;Email;TRUE
CMP-0001737;SHP-2025-0069623;2025-08-29 16:22:24;Other;Other;Web Form;TRUE
CMP-0000420;SHP-2025-0016784;2025-03-12 12:01:58;Other;Wrong delivery instructions;Email;TRUE
CMP-0005260;SHP-2026-0210808;2026-10-24 06:36:08;Damaged Shipment;Contents damaged;Web Form;TRUE
CMP-0003362;SHP-2026-0132845;2026-02-17 15:17:25;Other;Tracking issue;Phone;TRUE
CMP-0002432;SHP-2025-0098630;2025-11-22 09:00:42;Other;Wrong delivery instructions;Web Form;TRUE
CMP-0005631;SHP-2026-0224949;2026-11-21 05:09:09;Late Delivery;Delivery date repeatedly changed;Email;TRUE
CMP-0003344;SHP-2026-0132066;2026-03-04 06:47:36;Other;Wrong delivery instructions;Email;TRUE
CMP-0003868;SHP-2026-0153172;2026-04-07 03:41:06;Other;Wrong delivery instructions;Email;TRUE
CMP-0003759;SHP-2026-0148737;2026-04-26 21:17:01;Other;Tracking issue;Email;TRUE
CMP-0003964;SHP-2026-0157824;2026-05-27 05:32:03;Failed Delivery;Repeated delivery attempt;Email;TRUE
CMP-0004472;SHP-2026-0179437;2026-07-18 12:58:05;Other;Tracking issue;Email;TRUE
CMP-0005864;SHP-2026-0233098;2026-11-28 10:32:17;Late Delivery;Delivery date repeatedly changed;Web Form;TRUE
CMP-0004233;SHP-2026-0169451;2026-06-10 00:06:14;Lost Shipment;No tracking progress;Phone;TRUE
CMP-0005891;SHP-2026-0234246;2026-11-18 23:28:41;Late Delivery;Long transit time;Phone;TRUE
CMP-0002649;SHP-2025-0106575;2025-11-29 14:39:47;Other;Wrong delivery instructions;Phone;TRUE
CMP-0002093;SHP-2025-0084183;2025-11-01 18:26:42;Late Delivery;Long transit time;Email;TRUE
CMP-0003714;SHP-2026-0147241;2026-03-20 18:28:48;Incorrect Delivery;Tracking issue;Phone;TRUE
CMP-0004260;SHP-2026-0170986;2026-06-23 12:35:30;Other;Wrong delivery instructions;Phone;TRUE
CMP-0004869;SHP-2026-0195205;2026-08-20 22:10:53;Other;Other;Chat;TRUE
CMP-0002178;SHP-2025-0087233;2025-10-21 03:57:50;Late Delivery;Delivery date repeatedly changed;Email;TRUE
CMP-0006079;SHP-2026-0240237;2026-12-12 10:03:26;Other;Other;Email;TRUE
CMP-0000217;SHP-2025-0008805;2025-02-24 22:02:14;Lost Shipment;No tracking progress;Chat;FALSE
CMP-0003030;SHP-2025-0119155;2025-12-30 22:20:29;Other;Other;Phone;TRUE
CMP-0006393;SHP-2026-0249933;2027-01-01 10:37:12;Late Delivery;Delivered after promised date;Chat;TRUE
CMP-0004988;SHP-2026-0199673;2026-09-13 15:31:15;Failed Delivery;Customer not available;Chat;TRUE
CMP-0003914;SHP-2026-0155134;2026-04-12 11:34:23;Incorrect Delivery;Other;Email;TRUE
CMP-0003104;SHP-2025-0121145;2025-12-30 23:19:41;Late Delivery;Long transit time;Email;TRUE
CMP-0005555;SHP-2026-0222075;2026-11-14 11:51:31;Other;Other;Email;TRUE
CMP-0003181;SHP-2026-0124731;2026-01-10 03:49:48;Late Delivery;Long transit time;Email;TRUE
CMP-0005162;SHP-2026-0207200;2026-09-06 02:52:33;Late Delivery;Delivery date repeatedly changed;Phone;TRUE
CMP-0004717;SHP-2026-0189327;2026-09-06 13:19:29;Late Delivery;Long transit time;Chat;TRUE
CMP-0004423;SHP-2026-0177670;2026-06-05 16:10:40;Other;Tracking issue;Phone;TRUE
CMP-0003336;SHP-2026-0131864;2026-02-11 02:23:26;Late Delivery;Long transit time;Chat;TRUE
CMP-0001436;SHP-2025-0057939;2025-07-07 19:26:03;Incorrect Delivery;Tracking issue;Email;TRUE
CMP-0003381;SHP-2026-0133354;2026-02-06 03:52:47;Failed Delivery;Customer not available;Email;TRUE
CMP-0003567;SHP-2026-0140654;2026-03-31 23:46:05;Late Delivery;Delivered after promised date;Phone;TRUE
CMP-0004786;SHP-2026-0191720;2026-08-16 02:11:54;Late Delivery;Delivery date repeatedly changed;Phone;TRUE
CMP-0003101;SHP-2025-0121120;2025-12-22 23:03:50;Late Delivery;Delivery date repeatedly changed;Web Form;TRUE
CMP-0000112;SHP-2025-0004597;2025-01-23 10:26:02;Late Delivery;Long transit time;Web Form;TRUE
CMP-0005777;SHP-2026-0230134;2026-11-23 02:00:23;Other;Other;Email;TRUE
CMP-0005870;SHP-2026-0233259;2026-11-14 17:12:06;Other;Tracking issue;Phone;TRUE
CMP-0000608;SHP-2025-0024165;2025-04-05 18:54:30;Incorrect Delivery;Other;Web Form;TRUE
CMP-0000317;SHP-2025-0012897;2025-02-10 09:19:14;Incorrect Delivery;Tracking issue;Web Form;TRUE
CMP-0000128;SHP-2025-0005143;2025-01-16 03:34:55;Incorrect Delivery;Other;Email;TRUE
CMP-0000095;SHP-2025-0003867;2025-02-01 03:11:57;Other;Wrong delivery instructions;Phone;TRUE
CMP-0000489;SHP-2025-0019098;2025-03-30 20:12:52;Incorrect Delivery;Wrong delivery instructions;Email;TRUE
CMP-0002840;SHP-2025-0112470;2025-12-07 08:39:09;Late Delivery;Delivered after promised date;Email;TRUE
CMP-0004041;SHP-2026-0161390;2026-05-18 01:53:13;Incorrect Delivery;Wrong delivery instructions;Chat;TRUE
CMP-0000126;SHP-2025-0005038;2025-01-06 22:20:18;Incorrect Delivery;Wrong delivery instructions;Phone;TRUE
CMP-0001938;SHP-2025-0077667;2025-10-02 07:12:23;Late Delivery;Delivery date repeatedly changed;Phone;TRUE
CMP-0002808;SHP-2025-0111559;2025-12-15 02:36:29;Incorrect Delivery;Other;Phone;TRUE
CMP-0006197;SHP-2026-0243463;2026-12-20 01:30:19;Failed Delivery;Customer not available;Phone;TRUE
CMP-0006249;SHP-2026-0245043;2027-01-07 02:31:11;Damaged Shipment;Package damaged;Phone;TRUE
CMP-0005944;SHP-2026-0235962;2026-12-18 13:31:27;Lost Shipment;Declared lost;Phone;TRUE
CMP-0002180;SHP-2025-0087257;2025-10-30 05:35:28;Failed Delivery;Repeated delivery attempt;Email;TRUE
CMP-0004255;SHP-2026-0170769;2026-06-21 13:00:31;Other;Wrong delivery instructions;Chat;TRUE
CMP-0002151;SHP-2025-0086211;2025-10-20 07:56:21;Damaged Shipment;Contents damaged;Email;TRUE
CMP-0003282;SHP-2026-0129313;2026-01-19 01:27:31;Late Delivery;Delivered after promised date;Phone;TRUE
CMP-0003837;SHP-2026-0151897;2026-04-16 12:53:09;Late Delivery;Long transit time;Phone;TRUE
CMP-0006187;SHP-2026-0243068;2026-12-28 11:46:28;Other;Other;Phone;TRUE
CMP-0002318;SHP-2025-0093746;2025-11-23 07:42:50;Incorrect Delivery;Wrong delivery instructions;Web Form;TRUE
CMP-0004766;SHP-2026-0191199;2026-08-21 21:05:55;Other;Wrong delivery instructions;Email;TRUE
CMP-0002904;SHP-2025-0114447;2026-01-01 12:42:47;Late Delivery;Delivery date repeatedly changed;Phone;TRUE
CMP-0002932;SHP-2025-0115260;2025-12-12 03:09:17;Other;Tracking issue;Phone;TRUE
CMP-0001298;SHP-2025-0052243;2025-06-21 11:50:43;Late Delivery;Delivered after promised date;Web Form;FALSE
CMP-0004695;SHP-2026-0188109;2026-07-22 18:50:22;Late Delivery;Delivered after promised date;Email;TRUE
CMP-0004511;SHP-2026-0180450;2026-07-10 15:25:54;Late Delivery;Delivery date repeatedly changed;Phone;TRUE
CMP-0005108;SHP-2026-0204504;2026-09-19 23:05:52;Incorrect Delivery;Tracking issue;Phone;TRUE
CMP-0005820;SHP-2026-0231509;2026-11-13 06:37:55;Lost Shipment;Shipment not delivered;Email;TRUE
CMP-0000815;SHP-2025-0032269;2025-04-25 15:55:32;Incorrect Delivery;Other;Phone;TRUE
CMP-0001693;SHP-2025-0067965;2025-08-23 00:24:16;Late Delivery;Delivered after promised date;Phone;TRUE
CMP-0000752;SHP-2025-0029721;2025-04-25 01:09:56;Incorrect Delivery;Wrong delivery instructions;Email;TRUE
CMP-0002385;SHP-2025-0096451;2025-11-15 15:03:48;Late Delivery;Long transit time;Web Form;TRUE
CMP-0004749;SHP-2026-0190277;2026-08-16 07:56:35;Other;Other;Web Form;TRUE
CMP-0005215;SHP-2026-0209000;2026-10-28 21:26:03;Other;Tracking issue;Email;TRUE
CMP-0003444;SHP-2026-0135862;2026-03-04 15:48:49;Late Delivery;Delivered after promised date;Web Form;FALSE
CMP-0005930;SHP-2026-0235449;2026-12-26 13:53:27;Late Delivery;Long transit time;Email;TRUE
CMP-0004063;SHP-2026-0162255;2026-05-24 14:03:26;Failed Delivery;Repeated delivery attempt;Phone;TRUE
CMP-0005824;SHP-2026-0231694;2026-11-07 19:25:54;Incorrect Delivery;Tracking issue;Chat;TRUE
CMP-0003240;SHP-2026-0127478;2026-01-17 03:53:17;Incorrect Delivery;Tracking issue;Chat;TRUE
CMP-0002833;SHP-2025-0112299;2025-12-14 22:53:38;Late Delivery;Delivery date repeatedly changed;Web Form;TRUE
CMP-0002828;SHP-2025-0112169;2025-12-22 22:30:02;Failed Delivery;Customer not available;Phone;TRUE
CMP-0002972;SHP-2025-0116927;2025-12-11 13:26:08;Late Delivery;Long transit time;Web Form;TRUE
CMP-0005882;SHP-2026-0233805;2026-11-10 20:46:41;Incorrect Delivery;Wrong delivery instructions;Chat;TRUE
CMP-0000900;SHP-2025-0035704;2025-06-03 11:40:20;Incorrect Delivery;Other;Email;TRUE
CMP-0006296;SHP-2026-0246614;2027-01-05 14:05:47;Late Delivery;Delivery date repeatedly changed;Phone;FALSE
CMP-0002452;SHP-2025-0099201;2025-11-14 14:23:20;Late Delivery;Delivery date repeatedly changed;Email;TRUE
CMP-0006326;SHP-2026-0247694;2026-12-11 03:14:18;Failed Delivery;Courier did not reach customer;Email;TRUE
CMP-0000716;SHP-2025-0028706;2025-04-23 01:25:56;Late Delivery;Long transit time;Email;TRUE
CMP-0002430;SHP-2025-0098607;2025-11-08 08:31:02;Late Delivery;Delivered after promised date;Web Form;TRUE
CMP-0002605;SHP-2025-0104546;2025-11-12 16:20:43;Failed Delivery;Repeated delivery attempt;Chat;TRUE
CMP-0005857;SHP-2026-0232894;2026-11-29 06:45:13;Late Delivery;Long transit time;Web Form;TRUE
CMP-0000478;SHP-2025-0018747;2025-03-06 00:24:41;Incorrect Delivery;Wrong delivery instructions;Web Form;TRUE
CMP-0005957;SHP-2026-0236384;2027-01-03 02:33:47;Late Delivery;Delivered after promised date;Email;TRUE
CMP-0001677;SHP-2025-0067446;2025-08-29 04:12:10;Failed Delivery;Courier did not reach customer;Phone;TRUE
CMP-0003294;SHP-2026-0129695;2026-01-31 14:46:22;Incorrect Delivery;Wrong delivery instructions;Email;TRUE
CMP-0005010;SHP-2026-0200493;2026-09-21 01:33:49;Late Delivery;Long transit time;Web Form;TRUE
CMP-0002028;SHP-2025-0081737;2025-09-28 14:27:50;Failed Delivery;Repeated delivery attempt;Email;TRUE
CMP-0004642;SHP-2026-0185814;2026-07-17 05:42:24;Late Delivery;Delivered after promised date;Chat;TRUE
CMP-0000040;SHP-2025-0001760;2025-02-07 02:56:17;Failed Delivery;Courier did not reach customer;Web Form;TRUE
CMP-0001714;SHP-2025-0068867;2025-08-25 19:59:33;Late Delivery;Long transit time;Email;TRUE
CMP-0004927;SHP-2026-0197246;2026-08-17 18:43:34;Late Delivery;Delivered after promised date;Email;TRUE
CMP-0001578;SHP-2025-0063908;2025-08-12 15:13:24;Late Delivery;Delivery date repeatedly changed;Chat;TRUE
CMP-0002613;SHP-2025-0104799;2025-11-30 09:18:57;Incorrect Delivery;Tracking issue;Phone;TRUE
CMP-0002927;SHP-2025-0115229;2025-12-06 15:33:43;Incorrect Delivery;Wrong delivery instructions;Email;TRUE
CMP-0000726;SHP-2025-0029094;2025-04-24 17:44:18;Incorrect Delivery;Other;Chat;TRUE
CMP-0004335;SHP-2026-0174250;2026-06-16 22:04:09;Failed Delivery;Delivery unsuccessful;Email;FALSE
CMP-0000355;SHP-2025-0014329;2025-02-12 11:51:51;Failed Delivery;Courier did not reach customer;Web Form;TRUE
CMP-0002715;SHP-2025-0108774;2026-01-04 15:00:17;Late Delivery;Long transit time;Phone;TRUE
CMP-0000204;SHP-2025-0008335;2025-02-09 06:49:08;Other;Other;Email;TRUE
CMP-0006128;SHP-2026-0241315;2026-12-27 23:03:04;Late Delivery;Delivery date repeatedly changed;Email;TRUE
CMP-0000985;SHP-2025-0039546;2025-06-03 05:09:36;Failed Delivery;Courier did not reach customer;Email;TRUE
CMP-0000160;SHP-2025-0006567;2025-01-14 10:50:34;Other;Wrong delivery instructions;Email;TRUE
CMP-0002590;SHP-2025-0103897;2025-11-06 06:01:53;Other;Other;Phone;TRUE
CMP-0002910;SHP-2025-0114604;2025-12-22 22:52:53;Late Delivery;Delivery date repeatedly changed;Web Form;TRUE
CMP-0004643;SHP-2026-0185862;2026-07-14 08:32:50;Late Delivery;Delivery date repeatedly changed;Chat;TRUE
CMP-0001142;SHP-2025-0046315;2025-06-26 13:32:10;Other;Tracking issue;Email;TRUE
CMP-0006384;SHP-2026-0249731;2026-12-30 09:20:46;Late Delivery;Delivered after promised date;Email;TRUE
CMP-0005014;SHP-2026-0200678;2026-09-30 02:31:57;Other;Tracking issue;Email;TRUE
CMP-0002891;SHP-2025-0114118;2026-01-08 00:35:15;Late Delivery;Delivery date repeatedly changed;Web Form;TRUE
CMP-0004711;SHP-2026-0188633;2026-08-29 22:54:00;Failed Delivery;Courier did not reach customer;Phone;TRUE
CMP-0003412;SHP-2026-0134813;2026-02-18 13:10:13;Other;Other;Email;TRUE
CMP-0003676;SHP-2026-0145741;2026-04-05 13:02:36;Late Delivery;Long transit time;Phone;TRUE
CMP-0001704;SHP-2025-0068529;2025-08-23 01:56:11;Late Delivery;Delivered after promised date;Phone;TRUE
CMP-0001005;SHP-2025-0040548;2025-06-02 13:16:19;Late Delivery;Delivery date repeatedly changed;Web Form;FALSE
CMP-0004200;SHP-2026-0168155;2026-06-16 03:31:28;Late Delivery;Long transit time;Email;TRUE
CMP-0002624;SHP-2025-0105293;2025-11-07 06:44:44;Other;Other;Email;TRUE
CMP-0002372;SHP-2025-0095915;2025-11-13 15:41:16;Late Delivery;Delivered after promised date;Phone;TRUE
CMP-0002369;SHP-2025-0095805;2025-11-20 19:28:42;Late Delivery;Delivered after promised date;Web Form;TRUE
CMP-0002461;SHP-2025-0099440;2025-11-14 01:27:49;Late Delivery;Delivered after promised date;Email;TRUE
CMP-0005986;SHP-2026-0237234;2026-12-18 14:11:31;Failed Delivery;Courier did not reach customer;Phone;TRUE
CMP-0001486;SHP-2025-0059788;2025-07-15 11:24:16;Failed Delivery;Courier did not reach customer;Email;TRUE
CMP-0003733;SHP-2026-0147933;2026-04-11 03:24:23;Failed Delivery;Courier did not reach customer;Email;TRUE
CMP-0002051;SHP-2025-0082935;2025-10-28 14:05:06;Failed Delivery;Repeated delivery attempt;Phone;TRUE
CMP-0001646;SHP-2025-0066380;2025-08-11 15:01:09;Late Delivery;Delivered after promised date;Email;TRUE
CMP-0005394;SHP-2026-0215736;2026-10-20 19:28:16;Incorrect Delivery;Wrong delivery instructions;Web Form;TRUE
CMP-0000287;SHP-2025-0011845;2025-02-20 21:10:39;Late Delivery;Long transit time;Email;TRUE
CMP-0002260;SHP-2025-0091025;2025-10-25 19:25:09;Failed Delivery;Customer not available;Email;TRUE
CMP-0003174;SHP-2026-0124538;2026-01-18 21:18:35;Late Delivery;Delivered after promised date;Phone;TRUE
CMP-0002239;SHP-2025-0090078;2025-10-22 00:50:23;Late Delivery;Long transit time;Email;TRUE
CMP-0002959;SHP-2025-0116356;2025-12-28 10:46:14;Other;Tracking issue;Email;TRUE
CMP-0003556;SHP-2026-0140290;2026-03-31 12:37:34;Incorrect Delivery;Wrong delivery instructions;Phone;TRUE
CMP-0004211;SHP-2026-0168676;2026-06-30 06:56:38;Incorrect Delivery;Tracking issue;Email;FALSE
CMP-0004114;SHP-2026-0164513;2026-05-29 22:28:08;Other;Other;Email;TRUE
CMP-0000905;SHP-2025-0035890;2025-05-19 06:51:46;Other;Tracking issue;Email;TRUE
CMP-0003845;SHP-2026-0152086;2026-04-29 08:16:04;Late Delivery;Delivered after promised date;Chat;TRUE
CMP-0002607;SHP-2025-0104558;2025-11-21 02:22:02;Late Delivery;Delivery date repeatedly changed;Phone;TRUE
CMP-0004409;SHP-2026-0176891;2026-06-25 15:03:52;Late Delivery;Delivered after promised date;Email;TRUE
CMP-0001059;SHP-2025-0042641;2025-05-30 17:37:55;Failed Delivery;Delivery unsuccessful;Phone;TRUE
CMP-0004249;SHP-2026-0170478;2026-06-15 17:21:11;Late Delivery;Long transit time;Chat;TRUE
CMP-0000053;SHP-2025-0002262;2025-01-14 18:47:43;Incorrect Delivery;Wrong delivery instructions;Email;TRUE
CMP-0006091;SHP-2026-0240496;2026-12-13 12:13:53;Failed Delivery;Customer not available;Chat;FALSE
CMP-0003424;SHP-2026-0135308;2026-02-08 05:46:53;Incorrect Delivery;Tracking issue;Email;TRUE
CMP-0005719;SHP-2026-0228333;2026-11-22 03:45:38;Failed Delivery;Delivery unsuccessful;Phone;TRUE
CMP-0001976;SHP-2025-0079869;2025-09-05 08:21:56;Other;Tracking issue;Web Form;TRUE
CMP-0001083;SHP-2025-0043625;2025-05-25 12:40:16;Late Delivery;Delivery date repeatedly changed;Web Form;TRUE
CMP-0001450;SHP-2025-0058471;2025-07-07 11:12:15;Late Delivery;Long transit time;Chat;TRUE
CMP-0005136;SHP-2026-0205772;2026-09-09 02:07:07;Late Delivery;Delivery date repeatedly changed;Web Form;TRUE
CMP-0000792;SHP-2025-0031491;2025-04-23 13:07:43;Late Delivery;Delivery date repeatedly changed;Web Form;TRUE
CMP-0005431;SHP-2026-0217193;2026-11-01 11:20:25;Incorrect Delivery;Wrong delivery instructions;Phone;TRUE
CMP-0002668;SHP-2025-0107370;2025-12-06 03:45:44;Failed Delivery;Repeated delivery attempt;Phone;TRUE
CMP-0004729;SHP-2026-0189685;2026-08-12 19:22:46;Failed Delivery;Courier did not reach customer;Phone;TRUE
CMP-0004466;SHP-2026-0179235;2026-07-12 17:08:57;Failed Delivery;Customer not available;Web Form;TRUE
CMP-0000459;SHP-2025-0018171;2025-03-25 18:17:36;Late Delivery;Delivered after promised date;Phone;TRUE
CMP-0005231;SHP-2026-0209697;2026-10-08 01:25:19;Late Delivery;Long transit time;Web Form;TRUE
CMP-0004687;SHP-2026-0187812;2026-08-03 22:53:43;Late Delivery;Delivery date repeatedly changed;Email;TRUE
CMP-0004348;SHP-2026-0174617;2026-06-25 19:09:16;Other;Other;Phone;TRUE
CMP-0001277;SHP-2025-0051254;2025-06-24 16:02:21;Late Delivery;Long transit time;Email;TRUE
CMP-0003634;SHP-2026-0144326;2026-03-09 11:04:37;Failed Delivery;Repeated delivery attempt;Email;TRUE
CMP-0002804;SHP-2025-0111495;2025-12-14 23:04:16;Late Delivery;Delivered after promised date;Email;TRUE
CMP-0003989;SHP-2026-0158996;2026-05-21 13:52:57;Incorrect Delivery;Wrong delivery instructions;Phone;FALSE
CMP-0001405;SHP-2025-0056775;2025-07-27 05:49:34;Other;Wrong delivery instructions;Web Form;TRUE
CMP-0000310;SHP-2025-0012628;2025-03-05 07:13:53;Late Delivery;Delivered after promised date;Email;TRUE
CMP-0000999;SHP-2025-0040201;2025-05-24 20:19:23;Late Delivery;Delivered after promised date;Email;TRUE
CMP-0006103;SHP-2026-0240715;2026-12-31 02:01:50;Other;Tracking issue;Web Form;TRUE
CMP-0001467;SHP-2025-0059011;2025-08-03 00:41:54;Late Delivery;Delivery date repeatedly changed;Email;TRUE
CMP-0000926;SHP-2025-0036628;2025-06-07 08:32:32;Late Delivery;Delivery date repeatedly changed;Web Form;FALSE
CMP-0004371;SHP-2026-0175392;2026-07-06 19:04:02;Late Delivery;Long transit time;Email;TRUE
CMP-0001191;SHP-2025-0047923;2025-07-01 01:57:39;Late Delivery;Long transit time;Phone;TRUE
CMP-0006353;SHP-2026-0248761;2026-12-07 08:07:12;Late Delivery;Long transit time;Web Form;TRUE
CMP-0003657;SHP-2026-0144957;2026-03-11 12:29:45;Failed Delivery;Repeated delivery attempt;Web Form;TRUE
CMP-0000467;SHP-2025-0018339;2025-04-02 19:13:49;Late Delivery;Delivered after promised date;Phone;TRUE
CMP-0006374;SHP-2026-0249355;2026-12-16 11:14:23;Late Delivery;Long transit time;Chat;TRUE
CMP-0003682;SHP-2026-0145905;2026-03-13 06:19:30;Incorrect Delivery;Wrong delivery instructions;Web Form;TRUE
CMP-0004050;SHP-2026-0161892;2026-06-03 02:52:48;Incorrect Delivery;Tracking issue;Chat;TRUE
CMP-0000710;SHP-2025-0028417;2025-04-13 09:00:30;Other;Wrong delivery instructions;Email;TRUE
CMP-0005192;SHP-2026-0208352;2026-10-07 15:05:29;Late Delivery;Long transit time;Phone;TRUE
CMP-0002415;SHP-2025-0098106;2025-11-05 04:20:34;Incorrect Delivery;Wrong delivery instructions;Email;TRUE
CMP-0005812;SHP-2026-0231272;2026-12-03 23:38:04;Failed Delivery;Courier did not reach customer;Email;FALSE
CMP-0004679;SHP-2026-0187563;2026-08-04 00:48:11;Failed Delivery;Delivery unsuccessful;Chat;TRUE
CMP-0000881;SHP-2025-0035046;2025-05-19 04:29:38;Late Delivery;Delivery date repeatedly changed;Phone;TRUE
CMP-0005753;SHP-2026-0229419;2026-12-05 08:39:32;Failed Delivery;Repeated delivery attempt;Phone;TRUE
CMP-0006348;SHP-2026-0248501;2027-01-06 21:30:12;Late Delivery;Delivered after promised date;Web Form;TRUE
CMP-0003656;SHP-2026-0144940;2026-01-01 23:19:28;Other;Other;Email;TRUE
CMP-0004130;SHP-2026-0165200;2026-06-06 06:53:17;Failed Delivery;Customer not available;Email;TRUE
CMP-0005371;SHP-2026-0214993;2026-10-10 13:11:32;Failed Delivery;Customer not available;Email;TRUE
CMP-0001583;SHP-2025-0063965;2025-09-04 19:23:32;Other;Tracking issue;Chat;TRUE
CMP-0001964;SHP-2025-0079301;2025-09-23 09:27:08;Incorrect Delivery;Tracking issue;Email;TRUE
CMP-0004920;SHP-2026-0196915;2026-08-10 15:16:06;Incorrect Delivery;Wrong delivery instructions;Phone;TRUE
CMP-0004401;SHP-2026-0176477;2026-06-10 20:00:28;Late Delivery;Delivered after promised date;Web Form;TRUE
CMP-0004408;SHP-2026-0176867;2026-06-10 21:28:13;Failed Delivery;Repeated delivery attempt;Email;TRUE
CMP-0003440;SHP-2026-0135747;2026-02-08 04:44:58;Incorrect Delivery;Wrong delivery instructions;Email;TRUE
CMP-0000427;SHP-2025-0017129;2025-03-07 12:29:31;Failed Delivery;Customer not available;Email;TRUE
CMP-0004460;SHP-2026-0179024;2026-07-28 05:43:45;Incorrect Delivery;Other;Web Form;TRUE
CMP-0002268;SHP-2025-0091526;2025-10-27 15:35:15;Late Delivery;Delivery date repeatedly changed;Phone;TRUE
CMP-0003321;SHP-2026-0130999;2026-02-27 02:03:36;Incorrect Delivery;Other;Chat;TRUE
CMP-0003400;SHP-2026-0134344;2026-02-14 02:57:42;Other;Tracking issue;Email;TRUE
CMP-0003803;SHP-2026-0150609;2026-04-15 08:44:00;Late Delivery;Long transit time;Chat;TRUE
CMP-0000116;SHP-2025-0004760;2025-01-07 22:36:13;Other;Tracking issue;Chat;FALSE
CMP-0002062;SHP-2025-0083343;2025-11-02 18:36:04;Failed Delivery;Customer not available;Chat;FALSE
CMP-0000451;SHP-2025-0017942;2025-03-17 08:36:28;Failed Delivery;Courier did not reach customer;Web Form;TRUE
CMP-0003611;SHP-2026-0143400;2026-03-21 19:45:10;Other;Tracking issue;Phone;TRUE
CMP-0003678;SHP-2026-0145805;2026-03-13 09:38:41;Other;Wrong delivery instructions;Email;TRUE
CMP-0002024;SHP-2025-0081418;2025-10-04 13:45:03;Late Delivery;Long transit time;Email;TRUE
CMP-0003646;SHP-2026-0144720;2026-04-04 20:23:04;Failed Delivery;Repeated delivery attempt;Email;TRUE
CMP-0000958;SHP-2025-0038189;2025-06-04 18:23:30;Incorrect Delivery;Tracking issue;Phone;TRUE
CMP-0001571;SHP-2025-0063584;2025-08-17 10:59:37;Other;Tracking issue;Phone;TRUE
CMP-0004575;SHP-2026-0182980;2026-07-18 05:47:10;Late Delivery;Delivered after promised date;Phone;TRUE
CMP-0005381;SHP-2026-0215327;2026-01-03 09:33:43;Incorrect Delivery;Wrong delivery instructions;Chat;TRUE
CMP-0001178;SHP-2025-0047412;2025-07-06 12:36:33;Failed Delivery;Repeated delivery attempt;Phone;TRUE
CMP-0002139;SHP-2025-0085849;2025-10-15 17:02:17;Late Delivery;Delivered after promised date;Phone;TRUE
CMP-0002302;SHP-2025-0093035;2025-10-24 23:35:02;Damaged Shipment;Contents damaged;Web Form;TRUE
CMP-0001791;SHP-2025-0071667;2025-08-18 21:07:01;Failed Delivery;Returned to sender;Phone;TRUE
CMP-0000544;SHP-2025-0021397;2025-03-18 08:36:47;Failed Delivery;Customer not available;Phone;TRUE
CMP-0004441;SHP-2026-0178313;2026-08-04 08:07:12;Late Delivery;Delivery date repeatedly changed;Phone;TRUE
CMP-0005887;SHP-2026-0234000;2026-11-29 16:06:09;Late Delivery;Delivery date repeatedly changed;Phone;TRUE
CMP-0000231;SHP-2025-0009605;2025-02-24 03:55:13;Failed Delivery;Courier did not reach customer;Email;TRUE
CMP-0000626;SHP-2025-0024783;2025-03-21 15:23:00;Other;Tracking issue;Email;TRUE
CMP-0003538;SHP-2026-0139467;2026-03-14 14:02:34;Incorrect Delivery;Other;Email;TRUE
CMP-0005912;SHP-2026-0235053;2026-12-30 22:10:49;Late Delivery;Delivered after promised date;Phone;TRUE
CMP-0001562;SHP-2025-0063269;2025-08-27 10:58:11;Late Delivery;Delivery date repeatedly changed;Web Form;FALSE
CMP-0002225;SHP-2025-0089577;2025-10-30 03:15:11;Late Delivery;Delivered after promised date;Phone;FALSE
CMP-0004217;SHP-2026-0168891;2026-06-09 11:52:27;Other;Wrong delivery instructions;Web Form;TRUE
CMP-0003392;SHP-2026-0133716;2026-02-09 20:40:02;Failed Delivery;Customer not available;Phone;TRUE
CMP-0001540;SHP-2025-0061934;2025-07-05 00:35:52;Failed Delivery;Courier did not reach customer;Web Form;TRUE
CMP-0003909;SHP-2026-0154902;2026-04-27 16:27:24;Late Delivery;Delivery date repeatedly changed;Email;TRUE
CMP-0001963;SHP-2025-0079245;2025-09-24 05:47:54;Late Delivery;Long transit time;Phone;TRUE
CMP-0005398;SHP-2026-0215827;2026-01-01 15:24:24;Incorrect Delivery;Other;Web Form;FALSE
CMP-0002552;SHP-2025-0102963;2025-11-29 00:27:36;Late Delivery;Delivery date repeatedly changed;Email;TRUE
CMP-0005646;SHP-2026-0225481;2026-12-05 11:19:53;Failed Delivery;Courier did not reach customer;Phone;TRUE
CMP-0000054;SHP-2025-0002357;2025-01-09 20:17:32;Failed Delivery;Delivery unsuccessful;Email;TRUE
CMP-0004576;SHP-2026-0183144;2026-07-21 07:18:33;Incorrect Delivery;Wrong delivery instructions;Email;TRUE
CMP-0004019;SHP-2026-0160582;2026-05-05 11:11:34;Failed Delivery;Courier did not reach customer; Email ;TRUE
CMP-0000169;SHP-2025-0006834;2025-01-28 11:19:30;Lost Shipment;Shipment not delivered;Web Form;FALSE
CMP-0002643;SHP-2025-0106281;2025-11-28 13:42:32;Late Delivery;Delivered after promised date;Email;TRUE
CMP-0002765;SHP-2025-0110400;2025-12-07 14:12:34;Late Delivery;Long transit time;Web Form;TRUE
CMP-0006124;SHP-2026-0241226;2026-12-07 18:06:35;Incorrect Delivery;Other;Chat;TRUE
CMP-0000346;SHP-2025-0014075;2025-03-04 17:44:01;Failed Delivery;Customer not available;Phone;TRUE
CMP-0000479;SHP-2025-0018789;2025-03-20 16:28:38;Incorrect Delivery;Other;Phone;TRUE
CMP-0001272;SHP-2025-0051167;2025-07-04 02:02:18;Other;Tracking issue;Phone;TRUE
CMP-0004968;SHP-2026-0198883;2026-09-17 07:00:40;Incorrect Delivery;Other;Email;TRUE
CMP-0006220;SHP-2026-0244284;2026-12-14 16:40:44;Other;Tracking issue;Phone;TRUE
CMP-0005852;SHP-2026-0232780;2026-12-01 13:21:36;Late Delivery;Long transit time;Web Form;FALSE
CMP-0003469;SHP-2026-0136830;2026-02-21 08:13:34;Failed Delivery;Courier did not reach customer;Email;TRUE
CMP-0002568;SHP-2025-0103418;2025-11-27 14:47:51;Late Delivery;Long transit time;Web Form;TRUE
CMP-0000324;SHP-2025-0013190;2025-02-16 23:42:56;Failed Delivery;Customer not available;Web Form;TRUE
CMP-0001091;SHP-2025-0043973;2025-06-11 20:19:32;Lost Shipment;Declared lost;Web Form;TRUE
CMP-0005932;SHP-2026-0235563;2027-01-01 13:10:58;Late Delivery;Long transit time;Chat;TRUE
CMP-0001998;SHP-2025-0080740;2025-09-14 03:20:44;Late Delivery;Long transit time;Phone;TRUE
CMP-0004644;SHP-2026-0185871;2026-07-20 10:21:25;Other;Other;Chat;TRUE
CMP-0000748;SHP-2025-0029553;2025-05-02 14:16:06;Lost Shipment;No tracking progress;Phone;TRUE
CMP-0005208;SHP-2026-0208719;2026-10-03 02:54:43;Failed Delivery;Customer not available;Phone;TRUE
CMP-0003188;SHP-2026-0125139;2026-02-02 19:38:34;Late Delivery;Delivered after promised date;Chat;TRUE
CMP-0002305;SHP-2025-0093268;2025-10-30 02:06:01;Failed Delivery;Delivery unsuccessful;Web Form;TRUE
CMP-0002232;SHP-2025-0089765;2025-11-01 21:01:00;Late Delivery;Long transit time;Phone;TRUE
CMP-0005965;SHP-2026-0236683;2026-12-07 12:00:14;Failed Delivery;Returned to sender;Email;TRUE
CMP-0002678;SHP-2025-0107719;2025-12-21 17:26:41;Other;Wrong delivery instructions;Email;TRUE
CMP-0004566;SHP-2026-0182632;2026-08-01 10:48:55;Incorrect Delivery;Tracking issue;Email;TRUE
CMP-0002340;SHP-2025-0094535;2025-11-30 16:17:18;Late Delivery;Delivered after promised date;Phone;TRUE
CMP-0002409;SHP-2025-0097884;2025-11-14 00:04:45;Late Delivery;Delivery date repeatedly changed;Phone;FALSE
CMP-0003632;SHP-2026-0144256;2026-04-01 09:28:56;Other;Wrong delivery instructions;Email;TRUE
CMP-0004231;SHP-2026-0169317;2026-06-11 02:23:28;Late Delivery;Long transit time;Email;TRUE
CMP-0000015;SHP-2025-0000674;2025-02-06 08:00:04;Incorrect Delivery;Other;Phone;TRUE
CMP-0001203;SHP-2025-0048423;2025-07-04 01:37:43;Late Delivery;Delivery date repeatedly changed;Email;TRUE
CMP-0001983;SHP-2025-0080352;2025-09-16 02:43:09;Other;Other;Chat;TRUE
CMP-0003414;SHP-2026-0134899;2026-02-20 18:15:47;Incorrect Delivery;Wrong delivery instructions;Email;TRUE
CMP-0000055;SHP-2025-0002404;2025-02-04 12:37:08;Other;Tracking issue;Phone;TRUE
CMP-0000680;SHP-2025-0027178;2025-04-15 15:15:35;Other;Tracking issue;Email;TRUE
CMP-0005386;SHP-2026-0215446;2026-10-16 11:58:49;Failed Delivery;Courier did not reach customer;Chat;TRUE
CMP-0005059;SHP-2026-0202473;2026-10-01 23:23:00;Incorrect Delivery;Wrong delivery instructions;Email;TRUE
CMP-0001702;SHP-2025-0068420;2025-08-28 05:04:49;Late Delivery;Delivery date repeatedly changed;Email;TRUE
CMP-0004954;SHP-2026-0198383;2026-09-26 13:23:42;Other;Other;Phone;TRUE
CMP-0006244;SHP-2026-0244930;2026-12-24 06:03:21;Late Delivery;Long transit time;Email;TRUE
CMP-0002344;SHP-2025-0094625;2025-11-11 16:11:16;Late Delivery;Delivery date repeatedly changed;Chat;TRUE
CMP-0003548;SHP-2026-0139924;2026-03-30 09:45:07;Late Delivery;Delivered after promised date;Phone;TRUE
CMP-0000430;SHP-2025-0017232;2025-03-18 19:17:04;Failed Delivery;Customer not available;Phone;TRUE
CMP-0003503;SHP-2026-0138244;2026-03-02 09:08:59;Late Delivery;Long transit time;Web Form;TRUE
CMP-0006360;SHP-2026-0248950;2026-12-28 16:44:15;Incorrect Delivery;Wrong delivery instructions;Phone;TRUE
CMP-0005284;SHP-2026-0211999;2026-10-14 12:10:14;Late Delivery;Delivered after promised date;Web Form;TRUE
CMP-0002047;SHP-2025-0082558;2025-10-26 21:43:48;Late Delivery;Delivery date repeatedly changed;Chat;TRUE
CMP-0002594;SHP-2025-0104014;2025-11-29 16:25:09;Failed Delivery;Repeated delivery attempt;Web Form;TRUE
CMP-0000894;SHP-2025-0035594;2025-05-12 12:42:07;Late Delivery;Delivered after promised date;Phone;FALSE
CMP-0000141;SHP-2025-0005949;2025-02-02 12:30:51;Late Delivery;Long transit time;Web Form;TRUE
CMP-0005163;SHP-2026-0207258;2026-10-04 23:05:29;Failed Delivery;Repeated delivery attempt;Chat;TRUE
CMP-0000754;SHP-2025-0029740;2025-05-01 06:12:54;Late Delivery;Delivery date repeatedly changed;Email;TRUE
CMP-0000291;SHP-2025-0012004;2025-02-24 08:03:07;Failed Delivery;Customer not available;Web Form;TRUE
CMP-0003235;SHP-2026-0127082;2026-01-13 05:47:14;Late Delivery;Delivery date repeatedly changed;Email;TRUE
CMP-0005258;SHP-2026-0210738;2026-10-24 05:18:28;Late Delivery;Delivery date repeatedly changed;Web Form;TRUE
CMP-0005708;SHP-2026-0228114;2026-11-05 04:59:50;Late Delivery;Long transit time;Email;TRUE
CMP-0000953;SHP-2025-0038059;2025-05-07 06:40:06;Other;Tracking issue;Email;TRUE
CMP-0003945;SHP-2026-0156597;2026-04-30 10:42:29;Failed Delivery;Courier did not reach customer;Email;TRUE
CMP-0005158;SHP-2026-0207122;2026-09-27 03:41:42;Failed Delivery;Returned to sender;Web Form;TRUE
CMP-0000822;SHP-2025-0032676;2025-04-10 08:47:32;Late Delivery;Delivery date repeatedly changed;Phone;TRUE
CMP-0006236;SHP-2026-0244668;2026-12-18 10:26:05;Late Delivery;Delivery date repeatedly changed;Web Form;TRUE
CMP-0000941;SHP-2025-0037251;2025-05-04 08:28:00;Damaged Shipment;Contents damaged;Email;TRUE
CMP-0005253;SHP-2026-0210541;2026-10-13 13:24:47;Other;Other;Phone;TRUE
CMP-0001994;SHP-2025-0080680;2025-09-10 17:58:58;Incorrect Delivery;Wrong delivery instructions;Phone;TRUE
CMP-0001287;SHP-2025-0051795;2025-06-13 20:24:52;Late Delivery;Long transit time;Web Form;TRUE
CMP-0003671;SHP-2026-0145461;2026-03-10 04:41:18;Failed Delivery;Repeated delivery attempt;Email;TRUE
CMP-0005224;SHP-2026-0209293;2026-10-25 08:04:58;Failed Delivery;Courier did not reach customer;Phone;TRUE
CMP-0002630;SHP-2025-0105717;2025-12-07 21:14:23;Late Delivery;Delivered after promised date;Phone;TRUE
CMP-0004799;SHP-2026-0191949;2026-08-12 18:38:05;Late Delivery;Long transit time;Email;TRUE
CMP-0005935;SHP-2026-0235679;2026-12-17 22:30:06;Late Delivery;Long transit time;Phone;TRUE
CMP-0006291;SHP-2026-0246477;2026-12-25 20:35:14;Incorrect Delivery;Tracking issue;Phone;TRUE
CMP-0005372;SHP-2026-0215011;2026-10-25 06:01:59;Incorrect Delivery;Tracking issue;Web Form;TRUE
CMP-0001077;SHP-2025-0043534;2025-05-21 00:57:00;Late Delivery;Delivered after promised date;Phone;TRUE
CMP-0001136;SHP-2025-0046179;2025-07-05 19:08:52;Failed Delivery;Courier did not reach customer;Email;TRUE
CMP-0003278;SHP-2026-0129279;2026-01-09 11:18:44;Late Delivery;Long transit time;Phone;TRUE
CMP-0005332;SHP-2026-0213580;2026-10-28 16:15:04;Other;Tracking issue;Email;FALSE
CMP-0001509;SHP-2025-0060575;2025-07-29 04:23:12;Other;Wrong delivery instructions;Phone;TRUE
CMP-0000510;SHP-2025-0019943;2025-04-01 12:05:45;Failed Delivery;Returned to sender; Phone ;TRUE
CMP-0006263;SHP-2026-0245557;2026-12-29 22:33:44;Late Delivery;Long transit time;Email;TRUE
CMP-0002513;SHP-2025-0101459;2025-11-25 13:46:59;Failed Delivery;Courier did not reach customer;Email;TRUE
CMP-0005397;SHP-2026-0215802;2026-10-24 08:30:40;Late Delivery;Delivery date repeatedly changed;Email;FALSE
CMP-0001977;SHP-2025-0079945;2025-09-17 03:43:57;Late Delivery;Delivery date repeatedly changed;Phone;TRUE
CMP-0004984;SHP-2026-0199593;2026-09-13 05:05:18;Failed Delivery;Repeated delivery attempt;Web Form;TRUE
CMP-0003896;SHP-2026-0154542;2026-04-12 10:14:13;Late Delivery;Delivery date repeatedly changed;Email;TRUE
CMP-0000583;SHP-2025-0023085;2025-03-10 03:34:06;Other;Wrong delivery instructions;Email;TRUE
CMP-0000643;SHP-2025-0025496;2025-04-29 11:30:09;Incorrect Delivery;Tracking issue;Web Form;TRUE
CMP-0005477;SHP-2026-0219456;2026-11-01 22:37:45;Failed Delivery;Courier did not reach customer;Email;FALSE
CMP-0002829;SHP-2025-0112192;2025-12-08 20:01:13;Other;Wrong delivery instructions;Email;TRUE
CMP-0000730;SHP-2025-0029158;2025-04-28 10:43:45;Incorrect Delivery;Tracking issue;Chat;TRUE
CMP-0004048;SHP-2026-0161769;2026-05-09 02:19:14;Failed Delivery;Customer not available;Phone;TRUE
CMP-0004246;SHP-2026-0170445;2026-06-16 14:21:04;Failed Delivery;Delivery unsuccessful;Chat;TRUE
CMP-0005240;SHP-2026-0209851;2026-10-24 02:42:16;Failed Delivery;Courier did not reach customer;Email;TRUE
CMP-0002043;SHP-2025-0082234;2025-09-25 17:43:36;Late Delivery;Delivery date repeatedly changed;Chat;TRUE
CMP-0003086;SHP-2025-0120684;2025-12-18 00:04:26;Late Delivery;Delivery date repeatedly changed;Email;TRUE
CMP-0001920;SHP-2025-0076658;2025-09-27 15:30:24;Failed Delivery;Customer not available;Phone;TRUE
CMP-0000149;SHP-2025-0006099;2025-01-22 06:45:11;Late Delivery;Delivered after promised date;Web Form;TRUE
CMP-0001949;SHP-2025-0078185;2025-09-20 14:13:06;Late Delivery;Long transit time;Phone;FALSE
CMP-0005002;SHP-2026-0200151;2026-09-16 23:32:08;Incorrect Delivery;Other;Phone;TRUE
CMP-0001427;SHP-2025-0057665;2025-07-17 11:29:24;Late Delivery;Long transit time;Phone;TRUE
CMP-0004842;SHP-2026-0194011;2026-08-27 22:44:19;Other;Other;Email;TRUE
CMP-0004416;SHP-2026-0177223;2026-06-18 16:19:09;Incorrect Delivery;Other;Web Form;TRUE
CMP-0005193;SHP-2026-0208399;2026-09-25 20:12:55;Lost Shipment;Shipment not delivered;Web Form;TRUE
CMP-0000283;SHP-2025-0011603;2025-03-01 05:34:39;Failed Delivery;Returned to sender;Email;TRUE
CMP-0006347;SHP-2026-0248413;2026-12-05 02:56:16;Other;Tracking issue;Phone;TRUE
CMP-0001302;SHP-2025-0052285;2025-06-28 05:33:50;Late Delivery;Long transit time;Phone;TRUE
CMP-0005098;SHP-2026-0204161;2026-09-28 11:53:20;Late Delivery;Delivered after promised date;Phone;TRUE
CMP-0005709;SHP-2026-0228120;2026-11-28 22:10:52;Failed Delivery;Customer not available;Chat;TRUE
CMP-0005727;SHP-2026-0228462;2026-11-11 00:02:04;Failed Delivery;Repeated delivery attempt;Email;TRUE
CMP-0005679;SHP-2026-0226612;2026-12-05 21:41:00;Lost Shipment;No tracking progress;Phone;TRUE
CMP-0003513;SHP-2026-0138640;2026-03-29 21:23:29;Failed Delivery;Repeated delivery attempt;Chat;TRUE
CMP-0005264;SHP-2026-0211247;2026-10-24 04:58:27;Late Delivery;Delivered after promised date;Phone;TRUE
CMP-0004104;SHP-2026-0163940;2026-05-29 15:30:45;Incorrect Delivery;Other;Email;TRUE
CMP-0001733;SHP-2025-0069541;2025-08-29 08:28:53;Incorrect Delivery;Tracking issue;Web Form;TRUE
CMP-0004237;SHP-2026-0169680;2026-06-09 15:00:55;Other;Other;Chat;TRUE
CMP-0002382;SHP-2025-0096303;2025-12-05 01:30:31;Incorrect Delivery;Wrong delivery instructions;Email;FALSE
CMP-0004117;SHP-2026-0164683;2026-05-21 02:04:15;Late Delivery;Delivered after promised date;Email;TRUE
CMP-0001026;SHP-2025-0041507;2025-05-17 14:21:53;Late Delivery;Long transit time;Email;FALSE
CMP-0002481;SHP-2025-0100482;2025-11-19 09:30:49;Damaged Shipment;Contents damaged;Email;TRUE
CMP-0000993;SHP-2025-0039920;2025-05-21 07:08:42;Damaged Shipment;Contents damaged;Email;TRUE
CMP-0002081;SHP-2025-0083801;2025-10-27 13:46:03;Late Delivery;Delivery date repeatedly changed;Phone;TRUE
CMP-0005322;SHP-2026-0213354;2026-10-20 21:31:47;Lost Shipment;Declared lost;Phone;TRUE
CMP-0003777;SHP-2026-0149288;2026-04-23 04:09:10;Late Delivery;Delivered after promised date;Web Form;FALSE
CMP-0004094;SHP-2026-0163426;2026-05-22 12:40:50;Lost Shipment;No tracking progress;Email;TRUE
CMP-0004186;SHP-2026-0167235;2026-05-17 12:08:16;Other;Tracking issue;Web Form;TRUE
CMP-0001827;SHP-2025-0072722;2025-09-15 16:49:39;Failed Delivery;Customer not available;Phone;TRUE
CMP-0001175;SHP-2025-0047358;2025-07-02 19:29:56;Late Delivery;Delivered after promised date;Web Form;TRUE
CMP-0000955;SHP-2025-0038071;2025-05-09 21:08:00;Failed Delivery;Customer not available;Chat;TRUE
CMP-0005475;SHP-2026-0219331;2026-10-27 11:27:04;Lost Shipment;No tracking progress;Email;TRUE
CMP-0004279;SHP-2026-0171685;2026-06-17 19:59:41;Incorrect Delivery;Other;Phone;TRUE
CMP-0003226;SHP-2026-0126909;2026-02-04 07:06:18;Late Delivery;Delivered after promised date;Phone;TRUE
CMP-0004797;SHP-2026-0191902;2026-08-07 09:06:18;Late Delivery;Delivered after promised date;Phone;TRUE
CMP-0000051;SHP-2025-0002229;2025-01-17 05:55:06;Incorrect Delivery;Other;Web Form;TRUE
CMP-0006167;SHP-2026-0242388;2026-12-14 16:57:55;Late Delivery;Delivery date repeatedly changed;Email;TRUE
CMP-0006226;SHP-2026-0244426;2027-01-04 13:40:30;Late Delivery;Delivered after promised date;Phone;TRUE
CMP-0003681;SHP-2026-0145846;2026-04-07 12:07:29;Late Delivery;Delivery date repeatedly changed;Email;FALSE
CMP-0002172;SHP-2025-0086970;2025-10-13 16:18:57;Failed Delivery;Courier did not reach customer;Web Form;TRUE
CMP-0005168;SHP-2026-0207320;2026-09-06 05:16:34;Incorrect Delivery;Wrong delivery instructions;Web Form;TRUE
CMP-0002658;SHP-2025-0107072;2025-12-28 17:03:31;Late Delivery;Delivery date repeatedly changed;Phone;TRUE
CMP-0003715;SHP-2026-0147248;2026-04-05 21:29:47;Late Delivery;Delivered after promised date;Email;TRUE
CMP-0004878;SHP-2026-0195492;2026-08-11 17:45:55;Failed Delivery;Repeated delivery attempt;Phone;TRUE
CMP-0005024;SHP-2026-0201150;2026-09-23 01:34:45;Incorrect Delivery;Other;Web Form;TRUE
CMP-0003273;SHP-2026-0129215;2026-02-07 05:10:49;Failed Delivery;Repeated delivery attempt;Web Form;TRUE
CMP-0000904;SHP-2025-0035883;2025-05-08 19:26:21;Late Delivery;Long transit time;Phone;TRUE
CMP-0001411;SHP-2025-0057153;2025-08-04 17:55:37;Late Delivery;Delivery date repeatedly changed;Email;TRUE
CMP-0002327;SHP-2025-0094244;2025-11-17 20:50:13;Late Delivery;Delivery date repeatedly changed;Email;TRUE
CMP-0001846;SHP-2025-0073330;2025-09-11 08:47:55;Late Delivery;Delivery date repeatedly changed;Web Form;TRUE
CMP-0003050;SHP-2025-0119790;2026-01-03 21:11:03;Late Delivery;Long transit time;Phone;TRUE
CMP-0003497;SHP-2026-0137833;2026-01-02 06:38:22;Incorrect Delivery;Wrong delivery instructions;Chat;TRUE
CMP-0001849;SHP-2025-0073508;2025-09-25 01:35:49;Other;Tracking issue;Phone;TRUE
CMP-0000074;SHP-2025-0002983;2025-02-05 21:26:48;Incorrect Delivery;Other;Web Form;TRUE
CMP-0003227;SHP-2026-0126934;2026-01-11 04:26:00;failed delivery;Repeated delivery attempt;Email;FALSE
CMP-0000503;SHP-2025-0019795;2025-03-16 10:20:51;Failed Delivery;Delivery unsuccessful;Email;TRUE
CMP-0002758;SHP-2025-0110217;2026-01-02 02:43:39;Late Delivery;Long transit time;Email;TRUE
CMP-0004269;SHP-2026-0171278;2026-07-05 01:38:41;Other;Tracking issue;Email;TRUE
CMP-0005791;SHP-2026-0230631;2026-11-30 00:58:09;Late Delivery;Long transit time;Email;TRUE
CMP-0001838;SHP-2025-0073120;2025-09-05 23:14:31;Other;Tracking issue;Web Form;TRUE
CMP-0003924;SHP-2026-0155552;2026-05-05 07:33:57;Failed Delivery;Repeated delivery attempt;Chat;TRUE
CMP-0005099;SHP-2026-0204183;2026-09-09 19:13:45;Late Delivery;Delivered after promised date;Email;TRUE
CMP-0000401;SHP-2025-0016041;2025-02-12 19:33:31;Other;Tracking issue;Phone;TRUE
CMP-0001529;SHP-2025-0061446;2025-07-26 00:26:43;Incorrect Delivery;Tracking issue;Web Form;TRUE
CMP-0001466;SHP-2025-0058991;2025-07-17 01:22:17;Late Delivery;Long transit time;Email;TRUE
CMP-0001107;SHP-2025-0044714;2025-06-07 14:53:35;Incorrect Delivery;Other;Email;TRUE
CMP-0005090;SHP-2026-0203571;2026-09-18 13:14:48;Late Delivery;Delivered after promised date;Email;TRUE
CMP-0001101;SHP-2025-0044291;2025-07-03 21:55:52;Incorrect Delivery;Other;Web Form;TRUE
CMP-0004546;SHP-2026-0181962;2026-07-26 04:22:17;Failed Delivery;Returned to sender;Web Form;TRUE
CMP-0002795;SHP-2025-0111241;2025-12-09 22:48:44;Late Delivery;Delivered after promised date;Web Form;TRUE
CMP-0001199;SHP-2025-0048242;2025-06-15 17:37:49;Other;Tracking issue;Chat;TRUE
CMP-0004248;SHP-2026-0170461;2026-06-20 15:18:15;Late Delivery;Delivery date repeatedly changed;Phone;TRUE
CMP-0001494;SHP-2025-0060212;2025-07-26 06:47:37;Other;Other;Phone;TRUE
CMP-0002646;SHP-2025-0106491;2025-11-15 18:48:11;Failed Delivery;Repeated delivery attempt;Email;TRUE
CMP-0005009;SHP-2026-0200457;2026-09-24 15:26:52;Other;Other;Phone;TRUE
CMP-0004093;SHP-2026-0163398;2026-05-24 09:34:12;Late Delivery;Long transit time;Chat;TRUE
CMP-0004704;SHP-2026-0188419;2026-08-17 17:29:08;Failed Delivery;Returned to sender;Email;TRUE
CMP-0002626;SHP-2025-0105404;2025-12-05 18:12:09;Late Delivery;Long transit time;Email;TRUE
CMP-0005274;SHP-2026-0211514;2026-10-22 03:00:18;Incorrect Delivery;Tracking issue;Web Form;TRUE
CMP-0001673;SHP-2025-0067317;2025-08-06 04:33:17;Failed Delivery;Customer not available;Email;TRUE
CMP-0001296;SHP-2025-0052164;2025-07-06 10:09:21;Late Delivery;Long transit time;Phone;TRUE
CMP-0000581;SHP-2025-0023080;2025-03-11 12:19:56;Late Delivery;Delivered after promised date;Phone;TRUE
CMP-0005160;SHP-2026-0207189;2026-09-09 09:44:39;Incorrect Delivery;Tracking issue;Web Form;TRUE
CMP-0004904;SHP-2026-0196342;2026-08-28 02:48:39;Late Delivery;Delivery date repeatedly changed;Chat;TRUE
CMP-0003072;SHP-2025-0120311;2026-01-02 09:07:43;Late Delivery;Delivery date repeatedly changed;Phone;TRUE
CMP-0001990;SHP-2025-0080534;2025-09-18 11:02:09;Other;Other;Email;TRUE
CMP-0002586;SHP-2025-0103807;2025-11-12 01:06:26;Late Delivery;Delivery date repeatedly changed;Phone;FALSE
CMP-0002440;SHP-2025-0098839;2025-12-05 15:34:48;Other;Wrong delivery instructions;Chat;TRUE
CMP-0003780;SHP-2026-0149358;2026-04-10 01:39:52;Late Delivery;Delivery date repeatedly changed;Email;TRUE
CMP-0003884;SHP-2026-0154000;2026-04-26 06:42:37;Failed Delivery;Courier did not reach customer;Chat;TRUE
CMP-0005936;SHP-2026-0235689;2026-12-09 03:22:18;Damaged Shipment;Packaging failure;Email;TRUE
CMP-0002053;SHP-2025-0083080;2025-10-30 10:38:17;Incorrect Delivery;Wrong delivery instructions;Email;TRUE
CMP-0004183;SHP-2026-0167165;2026-05-23 12:38:17;Incorrect Delivery;Wrong delivery instructions;Web Form;TRUE
CMP-0000853;SHP-2025-0033492;2025-04-29 22:19:25;Late Delivery;Long transit time;Chat;FALSE
CMP-0003996;SHP-2026-0159284;2026-05-16 19:03:14;Late Delivery;Delivered after promised date;Phone;TRUE
CMP-0003912;SHP-2026-0154980;2026-04-29 15:49:49;Late Delivery;Delivery date repeatedly changed;Email;TRUE
CMP-0002245;SHP-2025-0090411;2025-10-26 06:01:43;Incorrect Delivery;Tracking issue;Email;TRUE
CMP-0004230;SHP-2026-0169178;2026-06-26 10:39:34;Late Delivery;Delivery date repeatedly changed;Web Form;TRUE
CMP-0006207;SHP-2026-0243751;2026-12-23 15:15:55;Late Delivery;Delivered after promised date;Phone;TRUE
CMP-0001493;SHP-2025-0060166;2025-07-30 17:12:28;Other;Other;Email;TRUE
CMP-0001445;SHP-2025-0058140;2025-07-17 17:55:39;Late Delivery;Long transit time;Web Form;TRUE
CMP-0002161;SHP-2025-0086481;2025-10-20 22:25:41;Incorrect Delivery;Wrong delivery instructions;Phone;TRUE
CMP-0003958;SHP-2026-0157446;2026-04-10 04:58:40;Incorrect Delivery;Other;Chat;FALSE
CMP-0006346;SHP-2026-0248329;2027-01-06 23:38:09;Late Delivery;Long transit time;Email;TRUE
CMP-0001960;SHP-2025-0079036;2025-09-29 23:18:10;Late Delivery;Delivery date repeatedly changed;Email;TRUE
CMP-0001335;SHP-2025-0054098;2025-07-21 12:11:06;Other;Wrong delivery instructions;Phone;TRUE
CMP-0001231;SHP-2025-0049670;2025-07-07 12:42:57;Failed Delivery;Customer not available;Phone;TRUE
CMP-0005255;SHP-2026-0210606;2026-10-16 15:10:50;Failed Delivery;Repeated delivery attempt;Phone;TRUE
CMP-0003222;SHP-2026-0126847;2026-01-24 00:03:11;Late Delivery;Delivered after promised date;Web Form;TRUE
CMP-0005435;SHP-2026-0217509;2026-11-06 01:46:26;Late Delivery;Delivery date repeatedly changed;Chat;TRUE
CMP-0004583;SHP-2026-0183227;2026-07-29 19:29:57;Lost Shipment;Shipment not delivered;Chat;TRUE
CMP-0003159;SHP-2026-0123798;2026-02-09 05:22:47;Failed Delivery;Returned to sender;Phone;TRUE
CMP-0003934;SHP-2026-0155954;2026-04-20 05:27:36;Late Delivery;Delivered after promised date;Chat;FALSE
CMP-0004512;SHP-2026-0180589;2026-07-26 08:54:11;Damaged Shipment;Contents damaged;Email;TRUE
CMP-0001499;SHP-2025-0060346;2025-07-07 22:27:35;Failed Delivery;Customer not available;Email;TRUE
CMP-0003660;SHP-2026-0145112;2026-03-30 19:34:37;Late Delivery;Delivery date repeatedly changed;Email;TRUE
CMP-0005156;SHP-2026-0207008;2026-09-18 00:46:18;Failed Delivery;Repeated delivery attempt;Email;TRUE
CMP-0005979;SHP-2026-0237105;2026-12-24 16:54:34;Failed Delivery;Repeated delivery attempt;Chat;TRUE
CMP-0001867;SHP-2025-0074566;2025-09-23 17:57:30;Incorrect Delivery;Wrong delivery instructions;Phone;TRUE
CMP-0005233;SHP-2026-0209721;2026-10-27 20:12:47;Late Delivery;Delivered after promised date;Web Form;TRUE
CMP-0005432;SHP-2026-0217243;2026-10-27 00:06:04;Failed Delivery;Repeated delivery attempt;Phone;TRUE
CMP-0002088;SHP-2025-0084041;2025-11-02 11:28:59;Failed Delivery;Delivery unsuccessful;Phone;FALSE
CMP-0002248;SHP-2025-0090569;2025-11-01 17:38:24;Late Delivery;Delivery date repeatedly changed;Email;TRUE
CMP-0000019;SHP-2025-0000862;2025-01-23 07:46:04;Late Delivery;Long transit time;Phone;TRUE
CMP-0002359;SHP-2025-0095277;2025-12-04 01:27:01;Incorrect Delivery;Tracking issue;Phone;TRUE
CMP-0004452;SHP-2026-0178714;2026-08-08 12:07:50;Late Delivery;Delivered after promised date;Phone;TRUE
CMP-0005601;SHP-2026-0223682;2026-11-10 10:36:50;Failed Delivery;Repeated delivery attempt;Chat;TRUE
CMP-0000888;SHP-2025-0035229;2025-05-25 00:22:18;Incorrect Delivery;Other;Phone;TRUE
CMP-0000487;SHP-2025-0019036;2025-03-22 10:45:56;Late Delivery;Long transit time;Email;TRUE
CMP-0005413;SHP-2026-0216593;2026-10-09 01:26:33;Late Delivery;Long transit time;Email;TRUE
CMP-0002075;SHP-2025-0083583;2025-10-28 21:47:19;Failed Delivery;Delivery unsuccessful;Email;TRUE
CMP-0003139;SHP-2026-0122866;2026-01-08 08:46:13;Late Delivery;Delivery date repeatedly changed;Phone;TRUE
CMP-0005982;SHP-2026-0237184;2026-12-14 11:16:18;Late Delivery;Delivery date repeatedly changed;Email;TRUE
CMP-0001118;SHP-2025-0045451;2025-06-12 18:03:59;Late Delivery;Delivered after promised date;Phone;TRUE
CMP-0003899;SHP-2026-0154741;2026-04-16 07:48:16;Incorrect Delivery;Wrong delivery instructions;Email;TRUE
CMP-0005205;SHP-2026-0208627;2026-09-11 20:11:51;Damaged Shipment;Contents damaged;Phone;TRUE
CMP-0005287;SHP-2026-0212064;2026-10-11 20:28:34;Late Delivery;Delivery date repeatedly changed;Phone;FALSE
CMP-0005579;SHP-2026-0222835;2026-11-20 05:08:24;Other;Tracking issue;Email;TRUE
CMP-0005297;SHP-2026-0212520;2026-10-23 22:37:53;Other;Tracking issue;Chat;TRUE
CMP-0002796;SHP-2025-0111262;2025-12-11 00:07:02;Late Delivery;Long transit time;Phone;TRUE
CMP-0004793;SHP-2026-0191837;2026-08-19 14:36:05;Other;Tracking issue;Email;TRUE
CMP-0002269;SHP-2025-0091687;2025-10-30 13:37:03;Late Delivery;Delivered after promised date;Web Form;TRUE
CMP-0003078;SHP-2025-0120450;2026-01-03 11:54:30;Failed Delivery;Delivery unsuccessful;Email;TRUE
CMP-0000593;SHP-2025-0023538;2025-03-24 07:31:27;Incorrect Delivery;Wrong delivery instructions;Email;TRUE
CMP-0001123;SHP-2025-0045688;2025-06-17 20:58:19;Failed Delivery;Delivery unsuccessful;Web Form;TRUE
CMP-0004919;SHP-2026-0196821;2026-09-03 14:20:50;Late Delivery;Delivered after promised date;Web Form;TRUE
CMP-0003345;SHP-2026-0132168;2026-02-27 16:10:26;Lost Shipment;Shipment not delivered;Web Form;TRUE
CMP-0003985;SHP-2026-0158818;2026-05-11 22:54:07;Late Delivery;Delivery date repeatedly changed;Phone;TRUE
CMP-0001351;SHP-2025-0054608;2025-08-01 21:28:42;failed delivery;Delivery unsuccessful;Phone;TRUE
CMP-0003458;SHP-2026-0136482;2026-02-11 12:07:09;Late Delivery;Long transit time;Chat;TRUE
CMP-0002811;SHP-2025-0111629;2025-12-15 07:29:39;Other;Wrong delivery instructions;Chat;TRUE
CMP-0000461;SHP-2025-0018176;2025-03-10 23:44:12;Failed Delivery;Courier did not reach customer;Phone;TRUE
CMP-0003297;SHP-2026-0129880;2026-02-01 12:38:17;Failed Delivery;Customer not available;Email;FALSE
CMP-0003502;SHP-2026-0138073;2026-02-09 23:00:25;Incorrect Delivery;Wrong delivery instructions;Web Form;TRUE
CMP-0004900;SHP-2026-0196311;2026-08-24 08:28:21;Late Delivery;Long transit time;Email;TRUE
CMP-0000507;SHP-2025-0019892;2025-03-06 08:43:25;Other;Tracking issue;Phone;TRUE
CMP-0003973;SHP-2026-0158214;2026-06-04 19:57:09;Failed Delivery;Repeated delivery attempt;Phone;FALSE
CMP-0005491;SHP-2026-0219735;2026-10-12 23:46:31;Failed Delivery;Courier did not reach customer;Phone;TRUE
CMP-0002506;SHP-2025-0101282;2025-11-15 05:31:58;Late Delivery;Delivered after promised date;Chat;TRUE
CMP-0004693;SHP-2026-0188102;2026-07-24 18:26:35;Other;Other;Chat;TRUE
CMP-0001640;SHP-2025-0066205;2025-09-02 15:57:53;Failed Delivery;Delivery unsuccessful;Phone;TRUE
CMP-0001568;SHP-2025-0063505;2025-08-09 05:26:27;Late Delivery;Delivery date repeatedly changed;Email;TRUE
CMP-0002458;SHP-2025-0099341;2025-11-27 14:06:33;Incorrect Delivery;Tracking issue;Phone;TRUE
CMP-0003200;SHP-2026-0125931;2026-02-10 21:29:11;Late Delivery;Delivery date repeatedly changed;Phone;TRUE
CMP-0005114;SHP-2026-0204716;2026-09-29 12:55:03;Failed Delivery;Courier did not reach customer;Phone;TRUE
CMP-0005496;SHP-2026-0220025;2026-10-24 13:27:43;Other;Wrong delivery instructions;Web Form;TRUE
CMP-0000908;SHP-2025-0036117;2025-06-02 01:21:50;Damaged Shipment;Packaging failure;Phone;TRUE
CMP-0005209;SHP-2026-0208758;2026-09-26 00:54:36;Failed Delivery;Returned to sender;Phone;TRUE
CMP-0002879;SHP-2025-0113845;2025-12-26 20:27:37;Late Delivery;Delivery date repeatedly changed;Email;TRUE
CMP-0005739;SHP-2026-0228919;2026-11-10 23:41:31;Other;Tracking issue;Phone;TRUE
CMP-0002988;SHP-2025-0117570;2025-12-23 18:27:45;Late Delivery;Delivered after promised date;Phone;TRUE
CMP-0002557;SHP-2025-0103074;2025-11-19 08:02:02;Other;Tracking issue;Web Form;TRUE
CMP-0003725;SHP-2026-0147633;2026-04-02 07:03:46;Failed Delivery;Repeated delivery attempt;Phone;TRUE
CMP-0001233;SHP-2025-0049784;2025-06-22 23:48:06;Incorrect Delivery;Other;Email;TRUE
CMP-0005221;SHP-2026-0209183;2026-10-24 15:27:57;Incorrect Delivery;Other;Web Form;TRUE
CMP-0000157;SHP-2025-0006512;2025-01-09 04:33:08;Incorrect Delivery;Other;Email;TRUE
CMP-0001544;SHP-2025-0062115;2025-07-10 12:22:16;Other;Tracking issue;Email;TRUE
CMP-0004179;SHP-2026-0167003;2026-06-06 08:20:52;Late Delivery;Delivery date repeatedly changed;Email;TRUE
CMP-0001542;SHP-2025-0061997;2025-07-23 10:21:23;Late Delivery;Delivered after promised date;Chat;TRUE
CMP-0002890;SHP-2025-0114101;2025-12-13 11:47:58;Late Delivery;Delivered after promised date;Web Form;TRUE
CMP-0003213;SHP-2026-0126449;2026-01-15 13:51:25;Late Delivery;Delivery date repeatedly changed;Email;TRUE
CMP-0004380;SHP-2026-0175625;2026-07-01 00:02:01;Damaged Shipment;Package damaged;Phone;TRUE
CMP-0001659;SHP-2025-0066967;2025-08-26 23:26:25;Incorrect Delivery;Other;Email;TRUE
CMP-0004398;SHP-2026-0176374;2026-06-28 21:25:33;Late Delivery;Long transit time;Email;TRUE
CMP-0001439;SHP-2025-0057972;2025-07-12 22:11:16;Late Delivery;Delivery date repeatedly changed;Chat;TRUE
CMP-0000292;SHP-2025-0012004;2025-02-25 10:12:17;Failed Delivery;Customer not available;Web Form;TRUE
CMP-0004283;SHP-2026-0171836;2026-06-10 03:31:49;Failed Delivery;Repeated delivery attempt;Phone;TRUE
CMP-0003731;SHP-2026-0147863;2026-04-18 01:42:57;Incorrect Delivery;Other;Email;TRUE
CMP-0002560;SHP-2025-0103161;2025-11-29 10:28:50;Incorrect Delivery;Tracking issue;Email;TRUE
CMP-0002405;SHP-2025-0097634;2025-11-18 19:30:43;Failed Delivery;Repeated delivery attempt;Email;TRUE
CMP-0002061;SHP-2025-0083315;2025-10-15 02:31:07;Other;Other;Web Form;TRUE
CMP-0001198;SHP-2025-0048226;2025-06-23 01:06:03;Damaged Shipment;Package damaged;Email;TRUE
CMP-0000896;SHP-2025-0035620;2025-05-27 19:55:53;Other;Other;Email;TRUE
CMP-0005991;SHP-2026-0237537;2027-01-02 06:15:34;Other;Tracking issue;Email;TRUE
CMP-0006195;SHP-2026-0243412;2027-01-05 01:41:17;Late Delivery;Long transit time;Email;TRUE
CMP-0001126;SHP-2025-0045813;2025-06-30 23:22:20;Failed Delivery;Courier did not reach customer;Phone;TRUE
CMP-0004723;SHP-2026-0189482;2026-08-07 16:04:11;Late Delivery;Long transit time;Web Form;TRUE
CMP-0004971;SHP-2026-0198987;2026-09-12 04:49:00;Failed Delivery;Delivery unsuccessful;Web Form;TRUE
CMP-0005924;SHP-2026-0235317;2026-12-17 10:45:34;Failed Delivery;Repeated delivery attempt;Chat;TRUE
CMP-0000836;SHP-2025-0033092;2025-05-03 19:33:55;Other;Other;Phone;TRUE
CMP-0005131;SHP-2026-0205288;2026-10-05 05:49:32;Late Delivery;Delivery date repeatedly changed;Phone;TRUE
CMP-0001576;SHP-2025-0063697;2025-08-09 20:15:45;Failed Delivery;Repeated delivery attempt;Phone;TRUE
CMP-0002034;SHP-2025-0081837;2025-09-17 10:31:21;Failed Delivery;Repeated delivery attempt;Email;TRUE
CMP-0001238;SHP-2025-0050052;2025-06-21 14:05:09;Late Delivery;Delivered after promised date;Email;TRUE
CMP-0005853;SHP-2026-0232784;2026-11-23 07:55:10;Late Delivery;Delivery date repeatedly changed;Phone;TRUE
CMP-0001630;SHP-2025-0065692;2025-08-22 05:10:42;Late Delivery;Long transit time;Email;TRUE
CMP-0001408;SHP-2025-0057098;2025-07-09 22:22:33;Incorrect Delivery;Other;Phone;TRUE
CMP-0005310;SHP-2026-0213084;2026-10-27 19:58:56;Failed Delivery;Customer not available;Chat;TRUE
CMP-0006217;SHP-2026-0244180;2026-12-30 11:58:51;Late Delivery;Delivered after promised date;Email;TRUE
CMP-0002998;SHP-2025-0117894;2026-01-02 02:57:56;Lost Shipment;Declared lost;Phone;TRUE
CMP-0003905;SHP-2026-0154873;2026-04-30 20:20:46;Other;Tracking issue;Web Form;TRUE
CMP-0001338;SHP-2025-0054182;2025-08-02 01:27:43;Late Delivery;Delivery date repeatedly changed;Phone;TRUE
CMP-0006085;SHP-2026-0240408;2026-12-29 13:30:49;Failed Delivery;Customer not available;Chat;TRUE
CMP-0001883;SHP-2025-0075126;2025-09-18 18:04:36;Incorrect Delivery;Wrong delivery instructions;Email;TRUE
CMP-0001691;SHP-2025-0067917;2025-08-24 10:08:48;Late Delivery;Delivered after promised date;Email;TRUE
CMP-0001295;SHP-2025-0052164;2025-07-06 05:41:23;Late Delivery;Delivered after promised date;Web Form;TRUE
CMP-0001471;SHP-2025-0059233;2025-07-07 12:19:51;Incorrect Delivery;Wrong delivery instructions;Email;TRUE
CMP-0006026;SHP-2026-0238628;2026-12-31 13:21:26;Damaged Shipment;Contents damaged;Email;TRUE
CMP-0002319;SHP-2025-0093800;2025-11-27 10:41:23;Other;Wrong delivery instructions;Web Form;TRUE
CMP-0000856;SHP-2025-0033522;2025-04-27 23:12:08;Incorrect Delivery;Tracking issue;Phone;TRUE
CMP-0001759;SHP-2025-0070275;2025-08-17 14:43:23;Incorrect Delivery;Wrong delivery instructions;Email;TRUE
CMP-0001947;SHP-2025-0078055;2025-10-06 09:17:50;Late Delivery;Delivered after promised date;Web Form;TRUE
CMP-0002304;SHP-2025-0093098;2025-10-23 21:49:08;Late Delivery;Delivered after promised date;Web Form;TRUE
CMP-0004197;SHP-2026-0167981;2026-06-23 18:26:08;Other;Tracking issue;Phone;TRUE
CMP-0003937;SHP-2026-0156057;2026-04-24 23:32:40;Failed Delivery;Courier did not reach customer;Web Form;TRUE
CMP-0002936;SHP-2025-0115465;2025-12-15 00:39:05;Damaged Shipment;Contents damaged;Email;TRUE
CMP-0005081;SHP-2026-0203180;2026-09-08 23:25:38;Failed Delivery;Repeated delivery attempt;Phone;TRUE
CMP-0001024;SHP-2025-0041410;2025-05-09 10:37:37;Failed Delivery;Repeated delivery attempt;Phone;TRUE
CMP-0006050;SHP-2026-0239382;2026-12-28 04:07:22;Late Delivery;Delivery date repeatedly changed;Phone;TRUE
CMP-0003051;SHP-2025-0119838;2025-12-19 18:35:47;Other;Other;Phone;TRUE
CMP-0003797;SHP-2026-0150319;2026-05-03 23:37:21;Late Delivery;Delivered after promised date;Email;FALSE
CMP-0003225;SHP-2026-0126858;2026-02-01 14:50:05;Other;Other;Phone;TRUE
CMP-0003496;SHP-2026-0137814;2026-02-14 17:04:18;Late Delivery;Delivery date repeatedly changed;Web Form;TRUE
CMP-0000393;SHP-2025-0015820;2025-02-18 07:24:09;Incorrect Delivery;Wrong delivery instructions;Email;TRUE
CMP-0005921;SHP-2026-0235260;2026-12-24 23:14:31;Late Delivery;Delivered after promised date;Email;TRUE
CMP-0000571;SHP-2025-0022570;2025-03-20 09:22:57;Late Delivery;Delivery date repeatedly changed;Web Form;TRUE
CMP-0000195;SHP-2025-0007912;2025-01-07 17:48:17;Other;Wrong delivery instructions;Email;TRUE
CMP-0000501;SHP-2025-0019735;2025-03-08 01:13:48;Other;Tracking issue;Phone;TRUE
CMP-0004122;SHP-2026-0164920;2026-05-16 07:19:21;Incorrect Delivery;Wrong delivery instructions;Chat;TRUE
CMP-0003123;SHP-2026-0122074;2026-01-12 21:51:00;Late Delivery;Delivery date repeatedly changed;Email;TRUE
CMP-0003239;SHP-2026-0127410;2026-01-13 03:24:28;Incorrect Delivery;Wrong delivery instructions;Email;TRUE
CMP-0003790;SHP-2026-0149687;2026-04-12 03:16:49;Other;Tracking issue;Web Form;TRUE
CMP-0003462;SHP-2026-0136712;2026-02-10 20:45:02;Late Delivery;Long transit time;Phone;TRUE
CMP-0004042;SHP-2026-0161435;2026-05-19 04:25:20;Lost Shipment;Shipment not delivered;Email;TRUE
CMP-0002351;SHP-2025-0094976;2025-12-04 02:09:27;Incorrect Delivery;Wrong delivery instructions;Chat;TRUE
CMP-0005610;SHP-2026-0223999;2026-11-15 16:48:13;Late Delivery;Delivery date repeatedly changed;Phone;TRUE
CMP-0003529;SHP-2026-0139076;2026-03-07 06:21:02;Other;Tracking issue;Web Form;TRUE
CMP-0002019;SHP-2025-0081288;2025-09-16 20:53:23;Lost Shipment;No tracking progress;Phone;TRUE
CMP-0004254;SHP-2026-0170765;2026-06-23 07:35:53;Failed Delivery;Repeated delivery attempt;Web Form;TRUE
CMP-0000611;SHP-2025-0024215;2025-04-01 14:23:17;Late Delivery;Long transit time;Email;TRUE
CMP-0001594;SHP-2025-0064642;2025-08-29 06:27:05;Failed Delivery;Customer not available;Phone;TRUE
CMP-0000147;SHP-2025-0006071;2025-02-02 10:31:30;Other;Tracking issue;Email;TRUE
CMP-0000570;SHP-2025-0022561;2025-03-30 06:01:50;Incorrect Delivery;Tracking issue;Chat;TRUE
CMP-0004103;SHP-2026-0163790;2026-05-23 21:55:22;Late Delivery;Long transit time;Email;TRUE
CMP-0005283;SHP-2026-0211970;2026-11-03 14:31:54;Late Delivery;Long transit time;Chat;TRUE
CMP-0004937;SHP-2026-0197721;2026-08-30 04:23:35;Late Delivery;Delivered after promised date;Email;TRUE
CMP-0000073;SHP-2025-0002972;2025-01-21 05:52:11;Other;Other;Phone;FALSE
CMP-0004625;SHP-2026-0185291;2026-08-03 08:39:36;Failed Delivery;Repeated delivery attempt;Phone;TRUE
CMP-0003328;SHP-2026-0131282;2026-02-08 08:01:40;Late Delivery;Long transit time;Email;TRUE
CMP-0001565;SHP-2025-0063461;2025-08-20 00:03:48;Other;Wrong delivery instructions;Web Form;TRUE
CMP-0002529;SHP-2025-0102128;2025-11-07 13:36:08;Failed Delivery;Customer not available;Web Form;TRUE
CMP-0005768;SHP-2026-0229889;2026-11-08 18:27:56;Other;Other;Web Form;TRUE
CMP-0005227;SHP-2026-0209436;2026-10-08 14:57:41;Failed Delivery;Repeated delivery attempt;Web Form;TRUE
CMP-0000709;SHP-2025-0028398;2025-04-11 23:33:09;Late Delivery;Long transit time;Email;TRUE
CMP-0000885;SHP-2025-0035139;2025-05-11 00:46:56;Other;Other;Phone;FALSE
CMP-0001806;SHP-2025-0072078;2025-08-30 05:09:26;Other;Other;Web Form;TRUE
CMP-0002123;SHP-2025-0085387;2025-10-24 00:06:52;Late Delivery;Long transit time;Email;TRUE
CMP-0004261;SHP-2026-0171010;2026-06-11 22:50:59;Incorrect Delivery;Other;Web Form;TRUE
CMP-0002940;SHP-2025-0115653;2026-01-02 23:28:28;Incorrect Delivery;Other;Phone;TRUE
CMP-0004941;SHP-2026-0197841;2026-08-16 17:42:06;Incorrect Delivery;Tracking issue;Email;TRUE
CMP-0001444;SHP-2025-0058121;2025-07-13 16:23:34;Late Delivery;Long transit time;Email;TRUE
CMP-0003911;SHP-2026-0154945;2026-04-05 04:03:40;Failed Delivery;Repeated delivery attempt;Web Form;TRUE
CMP-0000119;SHP-2025-0004789;2025-01-23 05:11:46;incorrect delivery;Other;Phone;TRUE
CMP-0004426;SHP-2026-0177768;2026-06-24 05:25:50;Late Delivery;Long transit time;Email;TRUE
CMP-0002311;SHP-2025-0093394;2025-10-19 06:53:11;Other;Wrong delivery instructions;Phone;TRUE
CMP-0001079;SHP-2025-0043569;2025-05-19 02:06:37;Late Delivery;Delivered after promised date;Web Form;TRUE
CMP-0001766;SHP-2025-0070570;2025-08-20 04:36:22;Incorrect Delivery;Tracking issue;Phone;TRUE
CMP-0001624;SHP-2025-0065540;2025-08-18 07:34:14;Late Delivery;Delivered after promised date;Phone;TRUE
CMP-0000886;SHP-2025-0035159;2025-05-22 02:28:16;Late Delivery;Delivered after promised date;Web Form;TRUE
CMP-0001462;SHP-2025-0058887;2025-08-09 16:16:39;Late Delivery;Delivery date repeatedly changed;Web Form;TRUE
CMP-0001222;SHP-2025-0049134;2025-06-08 18:50:25;Incorrect Delivery;Tracking issue;Phone;TRUE
CMP-0001664;SHP-2025-0067145;2025-08-07 16:03:50;Late Delivery;Long transit time;Phone;TRUE
CMP-0003789;SHP-2026-0149666;2026-04-30 06:06:08;Late Delivery;Long transit time;Web Form;TRUE
CMP-0005004;SHP-2026-0200179;2026-09-19 01:00:28;Late Delivery;Delivery date repeatedly changed;Phone;TRUE
CMP-0003952;SHP-2026-0157236;2026-05-01 01:47:48;Late Delivery;Long transit time;Email;TRUE
CMP-0001865;SHP-2025-0074473;2025-09-15 12:44:57;Late Delivery;Delivery date repeatedly changed;Web Form;TRUE
CMP-0003358;SHP-2026-0132746;2026-02-18 03:52:55;Other;Other;Web Form;FALSE
CMP-0001329;SHP-2025-0053836;2025-07-13 10:07:03;Late Delivery;Delivery date repeatedly changed;Web Form;TRUE
CMP-0001384;SHP-2025-0055974;2025-07-16 05:37:37;Late Delivery;Delivered after promised date;Email;TRUE
CMP-0004475;SHP-2026-0179547;2026-07-12 09:53:20;Incorrect Delivery;Wrong delivery instructions;Phone;TRUE
CMP-0002774;SHP-2025-0110651;2025-12-28 18:40:28;Late Delivery;Delivery date repeatedly changed;Web Form;TRUE
CMP-0000085;SHP-2025-0003331;2025-01-15 03:25:22;Late Delivery;Long transit time;Email;FALSE
CMP-0002445;SHP-2025-0098929;2025-11-26 02:39:40;Late Delivery;Long transit time;Email;TRUE
CMP-0002786;SHP-2025-0110998;2025-12-29 23:11:39;Late Delivery;Long transit time;Web Form;TRUE
CMP-0005975;SHP-2026-0236971;2026-12-24 15:01:55;Late Delivery;Delivery date repeatedly changed;Phone;TRUE
CMP-0004245;SHP-2026-0170434;2026-07-04 07:39:56;Late Delivery;Long transit time;Email;TRUE
CMP-0005927;SHP-2026-0235331;2026-12-10 12:16:09;Failed Delivery;Returned to sender;Phone;TRUE
CMP-0000496;SHP-2025-0019527;2025-03-16 23:51:38;Other;Other;Phone;TRUE
CMP-0001698;SHP-2025-0068151;2025-08-10 04:54:33;Incorrect Delivery;Wrong delivery instructions;Email;TRUE
CMP-0004831;SHP-2026-0193650;2026-08-18 03:59:30;Late Delivery;Delivery date repeatedly changed;Email;TRUE
CMP-0003085;SHP-2025-0120654;2025-12-13 16:20:34;Late Delivery;Delivered after promised date;Email;TRUE
CMP-0002710;SHP-2025-0108727;2025-12-13 13:44:44;Late Delivery;Delivery date repeatedly changed;Email;TRUE
CMP-0004929;SHP-2026-0197413;2026-08-11 07:33:47;Late Delivery;Delivered after promised date;Phone;TRUE
CMP-0002289;SHP-2025-0092432;2025-10-25 01:48:11;Incorrect Delivery;Wrong delivery instructions;Email;TRUE
CMP-0006070;SHP-2026-0239969;2026-12-22 11:44:20;Failed Delivery;Customer not available;Web Form;TRUE
CMP-0006132;SHP-2026-0241429;2027-01-06 14:33:25;Late Delivery;Delivery date repeatedly changed;Email;TRUE
CMP-0003036;SHP-2025-0119447;2025-12-10 09:39:58;Late Delivery;Long transit time;Email;TRUE
CMP-0004127;SHP-2026-0165032;2026-05-08 23:54:00;Incorrect Delivery;Other;Email;TRUE
CMP-0003522;SHP-2026-0138821;2026-03-20 11:01:21;Incorrect Delivery;Wrong delivery instructions;Phone;TRUE
CMP-0001773;SHP-2025-0070709;2025-08-12 22:36:39;Failed Delivery;Returned to sender;Phone;TRUE
CMP-0003006;SHP-2025-0118131;2025-12-27 22:31:00;Other;Tracking issue;Phone;TRUE
CMP-0004992;SHP-2026-0199746;2026-10-06 09:34:36;Incorrect Delivery;Wrong delivery instructions;Email;TRUE
CMP-0001013;SHP-2025-0041056;2025-05-28 06:46:50;Late Delivery;Delivered after promised date;Web Form;TRUE
CMP-0005833;SHP-2026-0231970;2026-11-15 11:33:49;Late Delivery;Delivery date repeatedly changed;Email;FALSE
CMP-0005189;SHP-2026-0208284;2026-09-30 03:09:05;Late Delivery;Delivery date repeatedly changed;Phone;TRUE
CMP-0005618;SHP-2026-0224443;2026-11-20 03:42:36;Failed Delivery;Returned to sender;Email;TRUE
CMP-0000653;SHP-2025-0025695;2025-04-19 14:00:28;Other;Tracking issue;Web Form;TRUE
CMP-0004432;SHP-2026-0177856;2026-07-02 13:57:48;Incorrect Delivery;Wrong delivery instructions;Chat;TRUE
CMP-0000024;SHP-2025-0001163;2025-01-20 21:27:08;Late Delivery;Delivered after promised date;Email;TRUE
CMP-0004612;SHP-2026-0184606;2026-08-03 19:21:32;Late Delivery;Delivery date repeatedly changed;Email;TRUE
CMP-0005385;SHP-2026-0215421;2026-10-06 14:00:28;Incorrect Delivery;Wrong delivery instructions;Web Form;TRUE
CMP-0004710;SHP-2026-0188610;2026-08-08 09:29:02;Failed Delivery;Delivery unsuccessful;Phone;TRUE
CMP-0003405;SHP-2026-0134578;2026-02-08 16:17:26;Other;Tracking issue;Web Form;TRUE
CMP-0003552;SHP-2026-0140041;2026-03-16 14:25:24;Incorrect Delivery;Tracking issue;Email;TRUE
CMP-0002240;SHP-2025-0090200;2025-10-19 05:41:00;Late Delivery;Long transit time;Web Form;FALSE
CMP-0000428;SHP-2025-0017138;2025-04-02 06:40:17;Failed Delivery;Returned to sender;Email;TRUE
CMP-0001396;SHP-2025-0056264;2025-07-15 03:07:22;Incorrect Delivery;Other;Email;TRUE
CMP-0005453;SHP-2026-0218192;2026-10-30 14:40:20;Failed Delivery;Returned to sender;Email;TRUE
CMP-0002416;SHP-2025-0098146;2025-12-01 11:31:05;Failed Delivery;Repeated delivery attempt;Web Form;TRUE
CMP-0005914;SHP-2026-0235055;2026-12-19 01:34:46;Late Delivery;Delivered after promised date;Phone;TRUE
CMP-0005533;SHP-2026-0221215;2026-11-23 12:47:37;Late Delivery;Delivered after promised date;Web Form;TRUE
CMP-0005445;SHP-2026-0217782;2026-10-12 05:15:43;Other;Wrong delivery instructions;Email;TRUE
CMP-0000675;SHP-2025-0027044;2025-05-04 09:22:36;Incorrect Delivery;Tracking issue;Web Form;TRUE
CMP-0003861;SHP-2026-0152743;2026-04-19 14:36:58;Other;Other;Web Form;TRUE
CMP-0003719;SHP-2026-0147430;2026-03-29 13:48:40;Late Delivery;Delivered after promised date;Web Form;TRUE
CMP-0000902;SHP-2025-0035821;2025-06-04 06:05:09;Failed Delivery;Repeated delivery attempt;Phone;TRUE
CMP-0005321;SHP-2026-0213353;2026-10-21 05:01:18;Other;Wrong delivery instructions;Email;TRUE
CMP-0002271;SHP-2025-0091796;2025-10-24 02:38:33;Incorrect Delivery;Wrong delivery instructions;Web Form;TRUE
CMP-0000197;SHP-2025-0007980;2025-01-20 15:53:05;Other;Other;Phone;TRUE
CMP-0005783;SHP-2026-0230329;2026-11-16 17:48:57;Damaged Shipment;Package damaged;Email;TRUE
CMP-0004309;SHP-2026-0173188;2026-06-25 20:34:12;Damaged Shipment;Package damaged;Chat;TRUE
CMP-0001354;SHP-2025-0054649;2025-07-23 13:48:30;Incorrect Delivery;Tracking issue;Email;TRUE
CMP-0000835;SHP-2025-0033085;2026-01-03 08:05:46;Incorrect Delivery;Tracking issue;Web Form;TRUE
CMP-0001950;SHP-2025-0078263;2025-09-30 22:36:56;Late Delivery;Long transit time;Email;TRUE
CMP-0002915;SHP-2025-0114784;2026-01-05 11:35:25;Late Delivery;Delivery date repeatedly changed;Web Form;TRUE
CMP-0005971;SHP-2026-0236763;2026-12-07 16:59:21;Failed Delivery;Courier did not reach customer;Web Form;TRUE
CMP-0005420;SHP-2026-0216737;2026-11-04 06:35:18;Incorrect Delivery;Wrong delivery instructions;Chat;TRUE
CMP-0001520;SHP-2025-0060921;2025-07-19 19:08:45;Failed Delivery;Courier did not reach customer;Email;TRUE
CMP-0002628;SHP-2025-0105521;2025-11-20 05:54:24;Incorrect Delivery;Wrong delivery instructions;Chat;TRUE
CMP-0003825;SHP-2026-0151411;2026-04-28 01:28:08;Incorrect Delivery;Other;Web Form;TRUE
CMP-0003474;SHP-2026-0136890;2026-02-11 05:30:49;Failed Delivery;Customer not available;Email;TRUE
CMP-0004218;SHP-2026-0168896;2026-06-26 17:50:43;Other;Other;Phone;TRUE
CMP-0003755;SHP-2026-0148615;2026-04-10 20:59:01;Other;Wrong delivery instructions;Phone;TRUE
CMP-0003155;SHP-2026-0123538;2026-01-23 22:27:40;Failed Delivery;Courier did not reach customer;Email;TRUE
CMP-0004228;SHP-2026-0169081;2026-06-13 18:17:07;Failed Delivery;Customer not available;Web Form;TRUE
CMP-0004389;SHP-2026-0176179;2026-07-04 07:41:47;Other;Other;Email;TRUE
CMP-0001731;SHP-2025-0069422;2025-08-06 12:46:15;Incorrect Delivery;Tracking issue;Phone;FALSE
CMP-0003419;SHP-2026-0135120;2026-03-03 14:03:24;Failed Delivery;Repeated delivery attempt;Phone;TRUE
CMP-0001008;SHP-2025-0040641;2025-06-05 09:41:42;Failed Delivery;Repeated delivery attempt;Email;TRUE
CMP-0002546;SHP-2025-0102665;2025-12-01 03:13:25;Late Delivery;Delivered after promised date;Web Form;TRUE
CMP-0001678;SHP-2025-0067517;2025-09-03 01:33:48;Failed Delivery;Delivery unsuccessful;Web Form;TRUE
CMP-0002325;SHP-2025-0094171;2025-11-13 10:31:34;Late Delivery;Long transit time;Email;TRUE
CMP-0006225;SHP-2026-0244421;2026-12-23 19:15:24;Late Delivery;Delivered after promised date;Email;TRUE
CMP-0005516;SHP-2026-0220620;2026-10-13 00:30:49;Late Delivery;Delivery date repeatedly changed;Phone;TRUE
CMP-0005364;SHP-2026-0214682;2026-10-30 04:40:09;Late Delivery;Delivered after promised date;Phone;TRUE
CMP-0002711;SHP-2025-0108729;2025-12-19 01:41:59;Lost Shipment;;Phone;TRUE
CMP-0000227;SHP-2025-0009368;2025-02-08 13:29:44;Failed Delivery;Courier did not reach customer;Web Form;TRUE
CMP-0002278;SHP-2025-0091956;2025-11-05 14:21:15;Late Delivery;Delivery date repeatedly changed;Chat;TRUE
CMP-0002943;SHP-2025-0115700;2025-12-21 00:33:47;Failed Delivery;Repeated delivery attempt;Web Form;TRUE
CMP-0000981;SHP-2025-0039392;2025-05-23 23:18:31;Incorrect Delivery;Tracking issue;Email;TRUE
CMP-0000765;SHP-2025-0030131;2025-04-21 05:15:42;Failed Delivery;Courier did not reach customer;Chat;TRUE
CMP-0001404;SHP-2025-0056746;2025-07-30 22:56:26;Incorrect Delivery;Tracking issue;Phone;TRUE
CMP-0004765;SHP-2026-0191189;2026-08-19 20:44:11;Other;Tracking issue;Chat;TRUE
CMP-0001534;SHP-2025-0061495;2025-07-27 04:50:48;Other;Tracking issue;Chat;TRUE
CMP-0000956;SHP-2025-0038075;2025-05-25 23:15:23;Other;Other;Web Form;TRUE
CMP-0006362;SHP-2026-0249017;2026-12-12 22:59:21;Late Delivery;Delivery date repeatedly changed;Email;TRUE
CMP-0003966;SHP-2026-0157957;2026-06-04 04:18:49;Failed Delivery;Courier did not reach customer;Chat;TRUE
CMP-0002525;SHP-2025-0101963;2025-11-23 22:35:28;Late Delivery;Delivered after promised date;Web Form;TRUE
CMP-0001815;SHP-2025-0072413;2025-08-09 04:00:35;Failed Delivery;Returned to sender;Web Form;TRUE
CMP-0003858;SHP-2026-0152595;2026-05-03 05:00:05;Incorrect Delivery;Other;Email;TRUE
CMP-0001717;SHP-2025-0069055;2025-08-07 23:17:21;Other;Other;Web Form;TRUE
CMP-0001124;SHP-2025-0045712;2025-06-14 04:19:51;Late Delivery;Delivery date repeatedly changed;Email;TRUE
CMP-0001869;SHP-2025-0074667;2025-09-21 13:32:38;Late Delivery;Delivery date repeatedly changed;Web Form;TRUE
CMP-0005282;SHP-2026-0211878;2026-10-11 06:51:36;Late Delivery;Delivery date repeatedly changed;Chat;TRUE
CMP-0001179;SHP-2025-0047425;2025-06-18 11:31:57;Lost Shipment;Declared lost;Email;TRUE
CMP-0005960;SHP-2026-0236429;2026-12-12 17:30:58;Other;Tracking issue;Email;TRUE
CMP-0006124;SHP-2026-0241226;2026-12-07 18:06:35;Incorrect Delivery;Other;Chat;TRUE
CMP-0004056;SHP-2026-0162029;2026-05-25 00:14:17;Late Delivery;Delivered after promised date;Web Form;FALSE
CMP-0006301;SHP-2026-0246762;2026-12-30 01:12:00;Other;Tracking issue;Phone;TRUE
CMP-0005106;SHP-2026-0204410;2026-09-20 23:43:41;Damaged Shipment;Contents damaged;Email;FALSE
CMP-0002117;SHP-2025-0085256;2025-11-04 08:48:02;Other;Tracking issue;Chat;TRUE
CMP-0003464;SHP-2026-0136760;2026-02-20 11:22:41;Late Delivery;Long transit time;Phone;FALSE
CMP-0001020;SHP-2025-0041326;2025-05-26 10:36:07;Late Delivery;Long transit time;Web Form;TRUE
CMP-0002148;SHP-2025-0086104;2025-11-03 03:02:20;Other;Wrong delivery instructions;Email;TRUE
CMP-0003393;SHP-2026-0133728;2026-02-13 08:19:48;Other;Tracking issue;Phone;TRUE
CMP-0004773;SHP-2026-0191411;2026-08-12 12:16:42;Late Delivery;Delivered after promised date;Phone;TRUE
CMP-0005369;SHP-2026-0214870;2026-10-13 07:51:56;Other;Other;Web Form;TRUE
CMP-0004184;SHP-2026-0167180;2026-06-08 21:59:22;Failed Delivery;Customer not available;Web Form;TRUE
CMP-0006204;SHP-2026-0243684;2026-12-19 19:51:35;Other;Wrong delivery instructions;Phone;TRUE
CMP-0000990;SHP-2025-0039785;2025-05-15 11:49:41;Incorrect Delivery;Tracking issue;Phone;TRUE
CMP-0003111;SHP-2025-0121332;2026-01-01 13:09:14;Late Delivery;Delivered after promised date;Phone;FALSE
CMP-0002895;SHP-2025-0114155;2026-01-04 00:44:58;Other;Tracking issue;Web Form;TRUE
CMP-0004590;SHP-2026-0183541;2026-07-18 11:07:38;Late Delivery;Delivery date repeatedly changed;Web Form;TRUE
CMP-0006370;SHP-2026-0249268;2026-12-20 18:48:58;Late Delivery;Delivery date repeatedly changed;Phone;TRUE
CMP-0002173;SHP-2025-0087026;2025-10-06 16:02:18;Failed Delivery;Repeated delivery attempt;Web Form;TRUE
CMP-0004798;SHP-2026-0191902;2026-08-06 20:12:34;Late Delivery;Delivery date repeatedly changed;Email;TRUE
CMP-0000410;SHP-2025-0016377;2025-03-15 09:35:38;Incorrect Delivery;Tracking issue;Phone;TRUE
CMP-0003649;SHP-2026-0144817;2026-03-27 11:35:27;Late Delivery;Delivered after promised date;Email;TRUE
CMP-0003035;SHP-2025-0119358;2025-12-19 01:49:59;Late Delivery;Long transit time;Phone;TRUE
CMP-0000057;SHP-2025-0002577;2025-02-03 22:57:40;Incorrect Delivery;Other;Chat;TRUE
CMP-0001897;SHP-2025-0075876;2025-09-13 10:59:23;Failed Delivery;Courier did not reach customer;Phone;TRUE
CMP-0003366;SHP-2026-0132903;2026-03-01 21:45:35;Lost Shipment;Declared lost;Phone;TRUE
CMP-0001430;SHP-2025-0057796;2025-08-02 01:12:54;Incorrect Delivery;Other;Phone;TRUE
CMP-0000207;SHP-2025-0008576;2025-02-08 15:23:04;Failed Delivery;Courier did not reach customer;Email;TRUE
CMP-0002602;SHP-2025-0104414;2025-12-04 12:54:21;Late Delivery;Long transit time;Phone;TRUE
CMP-0003835;SHP-2026-0151796;2026-04-09 16:07:55;Other;Other;Web Form;TRUE
CMP-0006371;SHP-2026-0249296;2026-12-23 09:19:18;Failed Delivery;Repeated delivery attempt;Phone;TRUE
CMP-0000644;SHP-2025-0025503;2025-04-23 07:22:48;Late Delivery;Long transit time;Email;FALSE
CMP-0003587;SHP-2026-0142080;2026-03-21 14:18:50;Late Delivery;Delivered after promised date;Email;TRUE
CMP-0004277;SHP-2026-0171551;2026-06-24 02:17:17;Failed Delivery;Courier did not reach customer;Phone;TRUE
CMP-0002238;SHP-2025-0090030;2025-10-23 08:36:13;Late Delivery;Delivered after promised date;Email;TRUE
CMP-0004502;SHP-2026-0180111;2026-07-20 20:12:49;Incorrect Delivery;Tracking issue;Email;TRUE
CMP-0006166;SHP-2026-0242374;2026-12-30 05:45:33;Damaged Shipment;Packaging failure;Web Form;TRUE
CMP-0004096;SHP-2026-0163509;2026-06-07 13:28:18;Failed Delivery;Repeated delivery attempt;Web Form;TRUE
CMP-0005684;SHP-2026-0226912;2026-12-01 18:31:04;Late Delivery;Delivered after promised date;Email;TRUE
CMP-0002684;SHP-2025-0108015;2025-12-26 07:10:57;Failed Delivery;Courier did not reach customer;Web Form;TRUE
CMP-0004216;SHP-2026-0168871;2026-07-02 20:50:54;Failed Delivery;Repeated delivery attempt;Phone;TRUE
CMP-0001993;SHP-2025-0080666;2025-09-29 02:23:01;Failed Delivery;Repeated delivery attempt;Phone;TRUE
CMP-0000686;SHP-2025-0027443;2025-04-24 17:37:35;Failed Delivery;Customer not available;Email;TRUE
CMP-0005146;SHP-2026-0206740;2026-09-10 01:21:54;Other;Wrong delivery instructions;Email;TRUE
CMP-0002125;SHP-2025-0085462;2025-10-21 03:39:38;Late Delivery;Delivered after promised date;Chat;TRUE
CMP-0006020;SHP-2026-0238465;2026-12-16 22:22:26;Late Delivery;Long transit time;Email;TRUE
CMP-0006240;SHP-2026-0244850;2027-01-01 19:55:49;Late Delivery;Delivered after promised date;Phone;TRUE
CMP-0003605;SHP-2026-0143144;2026-04-01 05:12:00;Late Delivery;Delivered after promised date;Email;TRUE
CMP-0003542;SHP-2026-0139781;2026-03-09 00:52:11;Failed Delivery;Customer not available;Phone;TRUE
CMP-0004637;SHP-2026-0185629;2026-07-23 14:22:04;Late Delivery;Delivered after promised date;Web Form;TRUE
CMP-0000066;SHP-2025-0002736;2025-01-09 04:30:52;Incorrect Delivery;Wrong delivery instructions;Phone;TRUE
CMP-0004748;SHP-2026-0190248;2026-08-29 09:58:04;Failed Delivery;Repeated delivery attempt;Email;TRUE
CMP-0004898;SHP-2026-0196255;2026-09-03 03:33:40;Failed Delivery;Courier did not reach customer;Chat;TRUE
CMP-0002174;SHP-2025-0087067;2025-10-21 01:13:13;Other;Tracking issue;Email;TRUE
CMP-0004358;SHP-2026-0175047;2026-06-28 09:26:34;Other;Tracking issue;Email;TRUE
CMP-0001090;SHP-2025-0043967;2025-06-16 23:20:11;Other;Wrong delivery instructions;Phone;TRUE
CMP-0001377;SHP-2025-0055673;2025-07-14 14:40:43;Incorrect Delivery;Tracking issue;Chat;TRUE
CMP-0003734;SHP-2026-0147967;2026-04-23 01:14:54;Late Delivery;Long transit time;Phone;TRUE
CMP-0003131;SHP-2026-0122575;2026-01-10 05:02:25;Late Delivery;Delivery date repeatedly changed;Phone;TRUE
CMP-0002223;SHP-2025-0089526;2025-10-29 12:59:22;Incorrect Delivery;Tracking issue;Email;TRUE
CMP-0004617;SHP-2026-0184853;2026-07-06 08:26:48;Incorrect Delivery;Other;Email;TRUE
CMP-0002986;SHP-2025-0117527;2025-12-18 17:08:48;Late Delivery;Delivered after promised date;Phone;TRUE
CMP-0005511;SHP-2026-0220475;2026-10-17 00:01:01;Incorrect Delivery;Wrong delivery instructions;Email;TRUE
CMP-0003675;SHP-2026-0145591;2026-03-24 05:09:10;Other;Wrong delivery instructions;Email;TRUE
CMP-0001614;SHP-2025-0065200;2025-09-04 10:00:42;Incorrect Delivery;Wrong delivery instructions;Email;TRUE
CMP-0002168;SHP-2025-0086722;2025-10-09 05:56:55;Failed Delivery;Repeated delivery attempt;Web Form;TRUE
CMP-0000747;SHP-2025-0029513;2025-05-07 03:37:52;Failed Delivery;Repeated delivery attempt;Phone;TRUE
CMP-0004024;SHP-2026-0160693;2026-06-05 17:08:05;Other;Wrong delivery instructions;Email;TRUE
CMP-0000123;SHP-2025-0004924;2025-02-03 11:01:58;Failed Delivery;Delivery unsuccessful;Phone;FALSE
CMP-0004485;SHP-2026-0179722;2026-07-15 18:42:34;Other;Tracking issue;Email;TRUE
CMP-0001375;SHP-2025-0055300;2025-07-15 06:12:45;Failed Delivery;Customer not available;Phone;TRUE
CMP-0004889;SHP-2026-0195800;2026-09-08 06:32:16;Late Delivery;Delivery date repeatedly changed;Email;TRUE
CMP-0002074;SHP-2025-0083494;2025-10-08 08:43:50;Other;Other;Web Form;TRUE
CMP-0001518;SHP-2025-0060870;2025-07-17 23:55:36;Incorrect Delivery;Tracking issue;Chat;TRUE
CMP-0004451;SHP-2026-0178714;2026-08-10 20:46:45;Failed Delivery;Courier did not reach customer;Chat;TRUE
CMP-0002230;SHP-2025-0089668;2025-10-31 03:53:14;Failed Delivery;Delivery unsuccessful;Email;TRUE
CMP-0001065;SHP-2025-0042830;2025-05-14 14:45:41;Late Delivery;Long transit time; Email ;TRUE
CMP-0000187;SHP-2025-0007602;2025-01-24 19:34:45;Incorrect Delivery;Wrong delivery instructions;Chat;TRUE
CMP-0004534;SHP-2026-0181337;2026-07-25 02:20:43;Damaged Shipment;Contents damaged;Email;TRUE
CMP-0003664;SHP-2026-0145214;2026-03-10 20:54:38;Late Delivery;Delivered after promised date;Phone;TRUE
CMP-0001663;SHP-2025-0067115;2025-08-20 15:35:10;Other;Other;Phone;TRUE
CMP-0006016;SHP-2026-0238322;2026-12-30 09:19:19;Other;Tracking issue;Chat;TRUE
CMP-0003819;SHP-2026-0151267;2026-04-23 21:44:53;Damaged Shipment;Contents damaged;Phone;TRUE
CMP-0003269;SHP-2026-0129079;2026-01-29 11:51:26;Late Delivery;Delivery date repeatedly changed;Email;TRUE
CMP-0005760;SHP-2026-0229659;2026-12-03 02:22:43;Damaged Shipment;Package damaged;Web Form;TRUE
CMP-0002116;SHP-2025-0085212;2025-10-09 22:06:04;Late Delivery;Delivery date repeatedly changed;Web Form;TRUE
CMP-0003309;SHP-2026-0130577;2026-02-21 14:39:41;Incorrect Delivery;Other;Phone;TRUE
CMP-0005062;SHP-2026-0202535;2026-09-22 19:46:01;Other;Tracking issue;Web Form;TRUE
CMP-0002820;SHP-2025-0112033;2025-12-26 18:17:17;Late Delivery;Delivery date repeatedly changed;Phone;TRUE
CMP-0003339;SHP-2026-0131921;2026-03-03 21:45:24;Failed Delivery;Customer not available;Web Form;TRUE
CMP-0005628;SHP-2026-0224763;2026-01-03 18:25:34;Incorrect Delivery;Tracking issue;Web Form;TRUE
CMP-0000599;SHP-2025-0023819;2025-03-20 03:02:22;Late Delivery;Delivery date repeatedly changed;Chat;TRUE
CMP-0003582;SHP-2026-0141692;2026-03-29 20:23:35;Late Delivery;Delivery date repeatedly changed;Email;TRUE
CMP-0002660;SHP-2025-0107165;2025-12-19 11:19:21;Late Delivery;Delivered after promised date;Email;TRUE
CMP-0004599;SHP-2026-0183998;2026-07-19 13:44:38;Other;Tracking issue;Web Form;TRUE
CMP-0005490;SHP-2026-0219685;2026-10-08 14:34:11;Other;Wrong delivery instructions;Chat;TRUE
CMP-0000052;SHP-2025-0002236;2025-01-20 03:02:10;Incorrect Delivery;Wrong delivery instructions;Email;TRUE
CMP-0002838;SHP-2025-0112412;2025-12-29 22:42:45;Incorrect Delivery;Tracking issue;Web Form;TRUE
CMP-0003888;SHP-2026-0154210;2026-04-09 23:21:00;Other;Tracking issue;Email;TRUE
CMP-0003482;SHP-2026-0137309;2026-02-26 12:40:41;Incorrect Delivery;Wrong delivery instructions;Email;TRUE
CMP-0006172;SHP-2026-0242625;2026-12-22 04:03:27;Late Delivery;Delivered after promised date;Web Form;TRUE
CMP-0002006;SHP-2025-0081045;2025-09-10 12:23:31;Incorrect Delivery;Wrong delivery instructions;Phone;TRUE
CMP-0001674;SHP-2025-0067322;2025-08-31 06:55:51;Late Delivery;Long transit time;Email;TRUE
CMP-0002650;SHP-2025-0106721;2025-12-13 21:45:08;incorrect delivery;Wrong delivery instructions;Phone;TRUE
CMP-0004982;SHP-2026-0199526;2026-09-13 22:57:21;Late Delivery;Delivered after promised date;Phone;TRUE
CMP-0005029;SHP-2026-0201249;2026-01-03 00:02:15;Incorrect Delivery;Wrong delivery instructions;Web Form;TRUE
CMP-0002583;SHP-2025-0103757;2025-11-22 18:20:56;Incorrect Delivery;Wrong delivery instructions;Web Form;TRUE
CMP-0003551;SHP-2026-0140041;2026-03-15 14:35:02;Incorrect Delivery;Tracking issue;Phone;TRUE
CMP-0003384;SHP-2026-0133481;2026-02-13 04:00:05;Incorrect Delivery;Other;Phone;TRUE
CMP-0001033;SHP-2025-0041675;2025-05-11 22:54:18;Late Delivery;Delivery date repeatedly changed;Email;TRUE
CMP-0005715;SHP-2026-0228210;2026-11-24 06:43:39;Incorrect Delivery;Other;Phone;TRUE
CMP-0002539;SHP-2025-0102492;2025-11-21 15:45:16;Late Delivery;Long transit time;Phone;TRUE
CMP-0002294;SHP-2025-0092796;2025-10-10 11:21:08;Late Delivery;Delivery date repeatedly changed;Phone;TRUE
CMP-0003493;SHP-2026-0137552;2026-02-24 17:35:17;Late Delivery;Delivery date repeatedly changed;Email;FALSE
CMP-0005095;SHP-2026-0204083;2026-09-07 10:47:14;Other;Tracking issue;Email;TRUE
CMP-0000290;SHP-2025-0011987;2025-02-19 04:14:35;Failed Delivery;Customer not available;Web Form;TRUE
CMP-0004399;SHP-2026-0176394;2026-07-03 19:55:15;Other;Other;Email;TRUE
CMP-0005161;SHP-2026-0207194;2026-09-22 23:28:17;Other;Other;Web Form;TRUE
CMP-0005798;SHP-2026-0230925;2026-01-02 18:57:44;Incorrect Delivery;Other;Email;TRUE
CMP-0004950;SHP-2026-0198241;2026-09-22 13:14:35;Late Delivery;Delivered after promised date;Email;TRUE
CMP-0001154;SHP-2025-0046620;2025-06-21 01:32:53;Failed Delivery;Delivery unsuccessful;Web Form;TRUE
CMP-0005594;SHP-2026-0223462;2026-11-15 07:36:54;Incorrect Delivery;Other;Email;TRUE
CMP-0000721;SHP-2025-0028798;2025-04-06 22:00:07;Other;Other;Web Form;TRUE
CMP-0003927;SHP-2026-0155699;2026-05-02 03:58:53;Incorrect Delivery;Tracking issue;Phone;TRUE
CMP-0006267;SHP-2026-0245634;2026-12-10 13:25:44;Late Delivery;Delivery date repeatedly changed;Web Form;TRUE
CMP-0001476;SHP-2025-0059500;2025-08-05 17:48:16;Late Delivery;Delivery date repeatedly changed;Email;TRUE
CMP-0003233;SHP-2026-0127058;2026-01-22 21:14:40;Late Delivery;Long transit time;Email;TRUE
CMP-0000719;SHP-2025-0028782;2025-05-03 07:24:47;Other;Other;Web Form;TRUE
CMP-0003183;SHP-2026-0124892;2026-01-20 17:54:36;Incorrect Delivery;Wrong delivery instructions;Phone;TRUE
CMP-0002561;SHP-2025-0103175;2025-11-26 17:04:59;Late Delivery;Delivery date repeatedly changed;Web Form;TRUE
CMP-0004071;SHP-2026-0162486;2026-05-10 21:52:46;Late Delivery;Delivery date repeatedly changed;Email;TRUE
CMP-0001240;SHP-2025-0050249;2025-06-14 06:57:17;Late Delivery;Delivery date repeatedly changed;Web Form;TRUE
CMP-0001864;SHP-2025-0074473;2025-09-15 17:36:37;Late Delivery;Long transit time;Phone;TRUE
CMP-0004605;SHP-2026-0184322;2026-08-01 04:44:07;Late Delivery;Long transit time;Email;TRUE
CMP-0003609;SHP-2026-0143202;2026-03-26 17:11:34;Incorrect Delivery;Wrong delivery instructions;Email;TRUE
CMP-0006332;SHP-2026-0247869;2026-12-14 00:19:27;Late Delivery;Long transit time;Web Form;TRUE
CMP-0000421;SHP-2025-0017042;2025-04-02 01:53:26;Incorrect Delivery;Wrong delivery instructions;Chat;TRUE
CMP-0006222;SHP-2026-0244313;2026-12-09 03:19:00;Late Delivery;Delivery date repeatedly changed;Email;TRUE
CMP-0006047;SHP-2026-0239298;2027-01-01 18:19:46;Late Delivery;Delivery date repeatedly changed;Email;TRUE
CMP-0005983;SHP-2026-0237200;2026-12-17 01:44:38;Late Delivery;Delivered after promised date;Chat;TRUE
CMP-0002591;SHP-2025-0103910;2025-11-19 20:38:11;Late Delivery;Delivered after promised date;Phone;TRUE
CMP-0002606;SHP-2025-0104552;2025-12-04 18:11:55;Late Delivery;Delivered after promised date;Web Form;TRUE
CMP-0000654;SHP-2025-0025712;2025-05-01 08:14:42;Late Delivery;Delivery date repeatedly changed;Phone;TRUE
CMP-0004726;SHP-2026-0189572;2026-08-08 15:28:46;Incorrect Delivery;Other;Email;TRUE
CMP-0005213;SHP-2026-0208972;2026-10-16 03:42:32;Failed Delivery;Repeated delivery attempt;Phone;TRUE
CMP-0003370;SHP-2026-0132969;2026-02-24 05:05:13;Damaged Shipment;Contents damaged;Phone;TRUE
CMP-0005277;SHP-2026-0211577;2026-10-30 02:42:55;Incorrect Delivery;Tracking issue;Email;TRUE
CMP-0000788;SHP-2025-0031317;2025-04-04 21:18:13;Incorrect Delivery;Wrong delivery instructions;Email;TRUE
CMP-0004779;SHP-2026-0191520;2026-08-25 20:28:40;Late Delivery;Delivery date repeatedly changed;Phone;TRUE
CMP-0005067;SHP-2026-0202658;2026-09-21 16:33:21;Failed Delivery;Customer not available;Email;TRUE
CMP-0000834;SHP-2025-0033081;2025-04-10 20:33:41;Other;Other;Chat;TRUE
CMP-0004909;SHP-2026-0196462;2026-08-27 05:20:34;Failed Delivery;Repeated delivery attempt;Phone;FALSE
CMP-0000445;SHP-2025-0017758;2025-04-03 21:08:05;Failed Delivery;Delivery unsuccessful;Email;TRUE
CMP-0002080;SHP-2025-0083767;2025-10-25 09:03:33;Failed Delivery;Customer not available;Web Form;TRUE
CMP-0000842;SHP-2025-0033203;2025-05-03 15:39:51;Late Delivery;Delivery date repeatedly changed;Email;TRUE
CMP-0001204;SHP-2025-0048438;2025-06-23 11:39:28;Incorrect Delivery;Wrong delivery instructions;Phone;TRUE
CMP-0000007;SHP-2025-0000311;2025-01-21 18:23:33;Failed Delivery;Repeated delivery attempt;Email;TRUE
CMP-0000415;SHP-2025-0016436;2025-03-31 00:53:42;Late Delivery;Delivery date repeatedly changed;Phone;TRUE
CMP-0002709;SHP-2025-0108674;2025-12-27 09:02:35;Failed Delivery;Courier did not reach customer;Chat;TRUE
CMP-0000770;SHP-2025-0030504;2025-04-27 23:49:48;Late Delivery;Long transit time;Email;TRUE
CMP-0001933;SHP-2025-0077433;2025-09-24 22:00:38;Incorrect Delivery;Tracking issue;Web Form;TRUE
CMP-0006127;SHP-2026-0241300;2026-12-24 11:25:56;Late Delivery;Long transit time;Email;TRUE
CMP-0005950;SHP-2026-0236056;2026-12-19 22:37:51;Late Delivery;Long transit time;Chat;TRUE
CMP-0001177;SHP-2025-0047380;2025-06-20 02:00:49;Incorrect Delivery;Other;Chat;TRUE
CMP-0000962;SHP-2025-0038401;2025-05-15 02:14:45;Failed Delivery;Customer not available;Web Form;TRUE
CMP-0002005;SHP-2025-0080953;2025-09-24 14:02:48;Late Delivery;Delivered after promised date;Phone;TRUE
CMP-0000569;SHP-2025-0022542;2025-03-11 15:21:03;Late Delivery;Delivery date repeatedly changed;Chat;TRUE
CMP-0005710;SHP-2026-0228125;2026-11-20 05:30:56;Failed Delivery;Customer not available;Web Form;TRUE
CMP-0006327;SHP-2026-0247760;2026-12-26 15:58:09;Late Delivery;Long transit time;Phone;TRUE
CMP-0001641;SHP-2025-0066262;2025-08-07 00:59:23;Other;Tracking issue;Phone;FALSE
CMP-0002655;SHP-2025-0106899;2025-12-15 11:44:22;Other;Wrong delivery instructions;Email;TRUE
CMP-0005285;SHP-2026-0212046;2026-10-13 06:58:19;Late Delivery;Delivered after promised date;Web Form;TRUE
CMP-0004445;SHP-2026-0178448;2026-07-30 10:59:09;Late Delivery;Delivered after promised date;Chat;TRUE
CMP-0001531;SHP-2025-0061480;2025-08-03 17:58:20;Failed Delivery;Repeated delivery attempt;Email;TRUE
CMP-0004565;SHP-2026-0182625;2026-07-19 15:36:16;Other;Other;Web Form;TRUE
CMP-0004714;SHP-2026-0189086;2026-08-19 16:25:19;Failed Delivery;Repeated delivery attempt;Web Form;TRUE
CMP-0002746;SHP-2025-0109841;2025-12-10 04:48:56;Failed Delivery;Repeated delivery attempt;Phone;TRUE
CMP-0002250;SHP-2025-0090682;2025-10-15 08:34:32;Incorrect Delivery;Other;Chat;TRUE
CMP-0001226;SHP-2025-0049372;2025-06-13 12:05:44;Failed Delivery;Customer not available;Web Form;TRUE
CMP-0002869;SHP-2025-0113353;2025-12-09 16:44:22;Late Delivery;Delivery date repeatedly changed;Email;TRUE
CMP-0001114;SHP-2025-0045305;2025-06-04 22:27:03;Failed Delivery;Delivery unsuccessful;Email;TRUE
CMP-0001564;SHP-2025-0063366;2025-08-17 03:01:00;Other;Tracking issue;Web Form;TRUE
CMP-0002665;SHP-2025-0107313;2026-01-05 18:38:01;Late Delivery;Delivery date repeatedly changed;Email;TRUE
CMP-0000080;SHP-2025-0003138;2025-01-21 12:01:01;Incorrect Delivery;Wrong delivery instructions;Phone;TRUE
CMP-0002004;SHP-2025-0080937;2025-10-01 19:30:19;Late Delivery;Delivery date repeatedly changed;Phone;TRUE
CMP-0001068;SHP-2025-0043082;2025-05-21 18:35:43;Late Delivery;Long transit time;Email;TRUE
CMP-0001311;SHP-2025-0052657;2025-06-05 03:58:41;Failed Delivery;Courier did not reach customer;Email;TRUE
CMP-0004832;SHP-2026-0193680;2026-08-31 11:40:49;Failed Delivery;Delivery unsuccessful;Chat;TRUE
CMP-0000807;SHP-2025-0032119;2025-04-07 14:23:19;Other;Tracking issue;Email;TRUE
CMP-0001570;SHP-2025-0063568;2025-08-30 06:15:12;Late Delivery;Long transit time;Email;TRUE
CMP-0002158;SHP-2025-0086378;2025-11-04 06:50:57;Other;Wrong delivery instructions;Web Form;TRUE
CMP-0004384;SHP-2026-0175790;2026-06-10 19:53:55;Late Delivery;Long transit time;Phone;TRUE
CMP-0004833;SHP-2026-0193724;2026-08-29 02:33:55;Incorrect Delivery;Other;Phone;TRUE
CMP-0004182;SHP-2026-0167130;2026-05-26 06:59:30;Other;Other;Email;TRUE
CMP-0002212;SHP-2025-0089034;2025-10-06 06:23:28;Other;Other;Phone;TRUE
CMP-0002231;SHP-2025-0089691;2025-10-15 02:48:47;Other;Wrong delivery instructions;Email;TRUE
CMP-0002422;SHP-2025-0098312;2025-12-01 09:49:36;Other;Other;Web Form;TRUE
CMP-0006117;SHP-2026-0241046;2026-12-18 20:05:28;Incorrect Delivery;Other;Phone;TRUE
CMP-0001095;SHP-2025-0044205;2025-06-12 12:22:41;Late Delivery;Delivery date repeatedly changed;Email;TRUE
CMP-0001566;SHP-2025-0063468;2025-09-05 12:15:15;Failed Delivery;Courier did not reach customer;Web Form;TRUE
CMP-0000550;SHP-2025-0021613;2025-03-08 12:29:12;Other;Wrong delivery instructions;Email;TRUE
CMP-0002651;SHP-2025-0106838;2026-01-04 07:00:19;Late Delivery;Long transit time;Web Form;TRUE
CMP-0006095;SHP-2026-0240597;2026-12-24 17:51:58;Late Delivery;Long transit time;Phone;TRUE
CMP-0004338;SHP-2026-0174380;2026-06-17 21:56:17;Late Delivery;Delivered after promised date;Phone;TRUE
CMP-0006140;SHP-2026-0241759;2026-12-14 15:29:44;Late Delivery;Delivered after promised date;Phone;TRUE
CMP-0002733;SHP-2025-0109251;2025-12-11 07:09:52;Incorrect Delivery;Other;Email;TRUE
CMP-0005241;SHP-2026-0209884;2026-10-27 07:40:17;Other;Other;Web Form;TRUE
CMP-0002387;SHP-2025-0096482;2025-11-28 06:43:47;Late Delivery;Delivery date repeatedly changed;Email;TRUE
CMP-0005527;SHP-2026-0221037;2026-11-22 01:01:18;Incorrect Delivery;Wrong delivery instructions;Phone;TRUE
CMP-0002402;SHP-2025-0097351;2025-11-23 14:46:47;Failed Delivery;Repeated delivery attempt;Web Form;FALSE
CMP-0003830;SHP-2026-0151624;2026-04-26 21:23:41;Incorrect Delivery;Tracking issue;Web Form;TRUE
CMP-0005892;SHP-2026-0234246;2026-11-18 18:10:55;Late Delivery;Delivered after promised date;Email;TRUE
CMP-0002615;SHP-2025-0104889;2025-11-16 21:59:19;Lost Shipment;Shipment not delivered;Email;TRUE
CMP-0003727;SHP-2026-0147677;2026-03-22 12:25:04;Late Delivery;Long transit time;Email;TRUE
CMP-0004527;SHP-2026-0180994;2026-07-25 03:50:57;Lost Shipment;Declared lost;Email;TRUE
CMP-0003189;SHP-2026-0125146;2026-02-04 10:46:24;Failed Delivery;Repeated delivery attempt;Email;TRUE
CMP-0001903;SHP-2025-0076210;2025-09-20 07:40:53;Late Delivery;Delivered after promised date;Email;FALSE
CMP-0002970;SHP-2025-0116873;2025-12-16 03:09:20;Failed Delivery;Repeated delivery attempt;Phone;TRUE
CMP-0001363;SHP-2025-0054826;2025-07-19 03:50:43;Incorrect Delivery;Other;Phone;TRUE
CMP-0002734;SHP-2025-0109330;2025-12-10 21:52:17;Failed Delivery;Courier did not reach customer;Email;TRUE
CMP-0002676;SHP-2025-0107693;2025-12-29 03:30:23;Late Delivery;Long transit time;Email;TRUE
CMP-0006121;SHP-2026-0241118;2026-01-02 08:00:23;Other;Wrong delivery instructions;Email;TRUE
CMP-0004769;SHP-2026-0191382;2026-08-07 16:12:47;Incorrect Delivery;Tracking issue;Email;TRUE
CMP-0006056;SHP-2026-0239575;2026-01-03 00:42:05;Incorrect Delivery;Wrong delivery instructions;Phone;TRUE
CMP-0004033;SHP-2026-0160987;2026-05-24 14:15:53;Incorrect Delivery;Other;Web Form;TRUE
CMP-0002388;SHP-2025-0096491;2025-11-14 12:04:47;Incorrect Delivery;Other;Email;TRUE
CMP-0003655;SHP-2026-0144931;2026-04-02 10:57:54;Other;Wrong delivery instructions;Email;TRUE
CMP-0004633;SHP-2026-0185536;2026-07-20 15:38:43;Other;Tracking issue;Phone;TRUE
CMP-0002769;SHP-2025-0110539;2026-01-06 15:35:31;Late Delivery;Delivered after promised date;Email;TRUE
CMP-0002990;SHP-2025-0117710;2025-12-25 19:09:31;Late Delivery;Delivery date repeatedly changed;Web Form;TRUE
CMP-0000190;SHP-2025-0007674;2025-01-23 10:14:31;Late Delivery;Delivery date repeatedly changed;Web Form;TRUE
CMP-0002783;SHP-2025-0110965;2026-01-09 11:29:35;Failed Delivery;Repeated delivery attempt;Email;TRUE
CMP-0003300;SHP-2026-0130067;2026-02-10 08:14:10;Incorrect Delivery;Tracking issue;Phone;TRUE
CMP-0003448;SHP-2026-0136229;2026-02-08 18:03:10;Other;Wrong delivery instructions;Phone;TRUE
CMP-0005648;SHP-2026-0225538;2026-12-07 20:47:26;Late Delivery;Long transit time;Email;FALSE
CMP-0003128;SHP-2026-0122512;2026-02-01 19:20:28;Failed Delivery;Delivery unsuccessful;Web Form;FALSE
CMP-0004226;SHP-2026-0169070;2026-06-14 00:39:32;Late Delivery;Delivered after promised date;Email;TRUE
CMP-0001293;SHP-2025-0051973;2025-06-15 02:42:24;Late Delivery;Delivered after promised date;Phone;TRUE
CMP-0003416;SHP-2026-0134935;2026-02-05 16:13:16;Incorrect Delivery;Wrong delivery instructions;Chat;TRUE
CMP-0001309;SHP-2025-0052602;2025-07-03 21:30:20;Other;Other;Web Form;TRUE
CMP-0001289;SHP-2025-0051864;2025-06-25 22:19:18;Damaged Shipment;Packaging failure;Chat;TRUE
CMP-0004728;SHP-2026-0189685;2026-08-14 06:13:10;Failed Delivery;Returned to sender;Chat;TRUE
CMP-0002705;SHP-2025-0108475;2025-12-19 18:21:06;Late Delivery;Delivery date repeatedly changed;Chat;TRUE
CMP-0003136;SHP-2026-0122745;2026-01-18 18:23:11;Late Delivery;Delivery date repeatedly changed;Web Form;TRUE
CMP-0001474;SHP-2025-0059302;2025-08-04 21:42:27;Damaged Shipment;Contents damaged;Web Form;TRUE
CMP-0002949;SHP-2025-0115846;2025-12-22 09:07:33;Late Delivery;Delivered after promised date;Web Form;TRUE
CMP-0001988;SHP-2025-0080477;2025-10-07 05:26:07;Damaged Shipment;Package damaged;Web Form;FALSE
CMP-0001215;SHP-2025-0048973;2025-07-02 07:29:52;Other;Other;Web Form;TRUE
CMP-0004004;SHP-2026-0160011;2026-05-24 12:05:55;Failed Delivery;Repeated delivery attempt;Email;TRUE
CMP-0002756;SHP-2025-0110160;2025-12-27 09:40:03;Failed Delivery;Customer not available;Phone;TRUE
CMP-0004936;SHP-2026-0197668;2026-09-09 00:43:27;Late Delivery;Long transit time;Web Form;TRUE
CMP-0005238;SHP-2026-0209826;2026-10-26 06:06:43;Other;Wrong delivery instructions;Web Form;TRUE
CMP-0000203;SHP-2025-0008323;2025-02-27 05:25:25;Other;Tracking issue;Email;TRUE
CMP-0000071;SHP-2025-0002897;2025-02-03 22:45:01;Late Delivery;Long transit time;Phone;TRUE
CMP-0004229;SHP-2026-0169097;2026-06-09 03:22:24;Late Delivery;Long transit time;Web Form;TRUE
CMP-0006030;SHP-2026-0238738;2026-12-18 01:47:07;Late Delivery;Delivered after promised date;Web Form;TRUE
CMP-0006292;SHP-2026-0246542;2026-12-25 08:54:20;Late Delivery;Long transit time;Email;TRUE
CMP-0005785;SHP-2026-0230463;2026-11-21 13:46:45;Failed Delivery;Customer not available;Email;TRUE
CMP-0005094;SHP-2026-0203987;2026-09-08 23:14:54;Late Delivery;Long transit time;Web Form;TRUE
CMP-0004880;SHP-2026-0195518;2026-09-03 17:54:04;Incorrect Delivery;Tracking issue;Email;TRUE
CMP-0004874;SHP-2026-0195359;2026-08-18 03:37:37;Incorrect Delivery;Tracking issue;Phone;TRUE
CMP-0000328;SHP-2025-0013315;2025-03-04 06:36:32;Late Delivery;Long transit time;Web Form;TRUE
CMP-0003175;SHP-2026-0124542;2026-01-19 17:01:22;Incorrect Delivery;Wrong delivery instructions;Email;TRUE
CMP-0004940;SHP-2026-0197819;2026-08-24 00:40:05;Incorrect Delivery;Tracking issue;Phone;TRUE
CMP-0003878;SHP-2026-0153740;2026-04-17 15:18:45;Late Delivery;Delivery date repeatedly changed;Web Form;TRUE
CMP-0004137;SHP-2026-0165617;2026-05-23 04:33:37;Late Delivery;Delivery date repeatedly changed;Chat;TRUE
CMP-0006062;SHP-2026-0239677;2026-12-30 15:23:12;Lost Shipment;Declared lost;Phone;TRUE
CMP-0002958;SHP-2025-0116173;2025-12-23 04:08:23;Late Delivery;Delivery date repeatedly changed;Chat;TRUE
CMP-0002217;SHP-2025-0089190;2025-10-21 16:31:41;Incorrect Delivery;Other;Phone;TRUE
CMP-0005660;SHP-2026-0225965;2026-11-26 20:48:18;Incorrect Delivery;Other;Email;TRUE
CMP-0000937;SHP-2025-0037076;2025-05-14 08:24:06;Late Delivery;Delivery date repeatedly changed;Phone;TRUE
CMP-0000272;SHP-2025-0011104;2025-02-20 22:08:56;Late Delivery;Long transit time;Phone;TRUE
CMP-0000453;SHP-2025-0017965;2025-03-19 01:04:55;Other;Other;Web Form;TRUE
CMP-0003439;SHP-2026-0135740;2026-03-03 04:28:27;Incorrect Delivery;Wrong delivery instructions;Email;TRUE
CMP-0005148;SHP-2026-0206756;2026-09-28 12:05:35;Lost Shipment;Shipment not delivered;Phone;TRUE
CMP-0001924;SHP-2025-0076899;2025-10-05 01:22:26;Failed Delivery;Repeated delivery attempt;Email;TRUE
CMP-0004675;SHP-2026-0187304;2026-07-10 14:28:19;Failed Delivery;Courier did not reach customer;Phone;TRUE
CMP-0005632;SHP-2026-0224964;2026-11-21 14:34:15;Incorrect Delivery;Wrong delivery instructions;Email;TRUE
CMP-0004417;SHP-2026-0177287;2026-06-28 18:58:45;Incorrect Delivery;Other;Chat;FALSE
CMP-0004140;SHP-2026-0165654;2026-05-21 04:04:42;Failed Delivery;Customer not available;Phone;TRUE
CMP-0006078;SHP-2026-0240223;2027-01-04 02:34:56;Late Delivery;Delivered after promised date;Chat;TRUE
CMP-0000376;SHP-2025-0015281;2025-02-06 13:49:41;Incorrect Delivery;Other;Phone;FALSE
CMP-0003524;SHP-2026-0138871;2026-03-24 16:04:19;Failed Delivery;Courier did not reach customer;Chat;TRUE
CMP-0002321;SHP-2025-0093890;2025-11-26 22:33:32;Late Delivery;Delivered after promised date;Email;TRUE
CMP-0005360;SHP-2026-0214359;2026-10-20 11:53:01;Late Delivery;Long transit time;Email;TRUE
CMP-0000306;SHP-2025-0012476;2025-02-21 14:19:52;Lost Shipment;Shipment not delivered;Email;TRUE
CMP-0000178;SHP-2025-0007270;2025-01-20 12:01:53;Lost Shipment;Declared lost;Web Form;TRUE
CMP-0002742;SHP-2025-0109636;2025-12-11 01:41:52;Failed Delivery;Repeated delivery attempt;Email;TRUE
CMP-0002316;SHP-2025-0093720;2025-11-23 19:47:05;Incorrect Delivery;Wrong delivery instructions;Email;TRUE
CMP-0005667;SHP-2026-0226227;2026-11-10 06:21:16;Other;Other;Chat;FALSE
CMP-0005301;SHP-2026-0212756;2026-11-10 23:24:31;Late Delivery;Delivery date repeatedly changed;Web Form;FALSE
CMP-0003127;SHP-2026-0122488;2026-01-14 18:15:27;Incorrect Delivery;Other;Web Form;TRUE
CMP-0000931;SHP-2025-0036816;2025-05-28 13:21:05;Incorrect Delivery;Tracking issue;Email;TRUE
CMP-0003765;SHP-2026-0148912;2026-05-03 21:46:02;Damaged Shipment;Package damaged;Phone;TRUE
CMP-0001161;SHP-2025-0046827;2025-06-04 22:03:54;Damaged Shipment;Package damaged;Email;FALSE
CMP-0001650;SHP-2025-0066524;2025-09-01 02:58:08;Failed Delivery;Customer not available;Phone;TRUE
CMP-0005410;SHP-2026-0216466;2026-10-07 08:02:11;Other;Other;Web Form;TRUE
CMP-0004967;SHP-2026-0198847;2026-09-08 14:10:07;Other;Other;Phone;TRUE
CMP-0001070;SHP-2025-0043276;2025-05-14 07:32:37;Other;Wrong delivery instructions; Phone ;TRUE
CMP-0005969;SHP-2026-0236739;2027-01-06 16:53:54;Late Delivery;Delivered after promised date;Web Form;TRUE
CMP-0004002;SHP-2026-0159661;2026-06-03 09:13:31;Late Delivery;Delivery date repeatedly changed;Email;TRUE
CMP-0001781;SHP-2025-0071171;2025-08-08 00:52:49;Failed Delivery;Returned to sender;Email;TRUE
CMP-0002467;SHP-2025-0099755;2025-11-11 08:35:46;Incorrect Delivery;Wrong delivery instructions;Phone;FALSE
CMP-0002579;SHP-2025-0103709;2025-11-16 17:19:27;Late Delivery;Long transit time;Phone;TRUE
CMP-0000586;SHP-2025-0023152;2025-03-25 03:35:22;Incorrect Delivery;Wrong delivery instructions;Web Form;TRUE
CMP-0000528;SHP-2025-0020762;2025-03-27 21:38:17;Lost Shipment;No tracking progress;Email;TRUE
CMP-0005762;SHP-2026-0229736;2026-11-18 19:25:05;Lost Shipment;No tracking progress;Email;TRUE
CMP-0003084;SHP-2025-0120650;2025-12-14 07:52:05;Incorrect Delivery;Wrong delivery instructions;Web Form;TRUE
CMP-0002596;SHP-2025-0104031;2025-11-08 17:32:54;Late Delivery;Long transit time;Phone;TRUE
CMP-0004666;SHP-2026-0187041;2026-07-21 21:05:30;Failed Delivery;Courier did not reach customer;Email;TRUE
CMP-0001428;SHP-2025-0057696;2025-07-24 20:21:43;Failed Delivery;Repeated delivery attempt;Email;TRUE
CMP-0006355; SHP-2026-0248769 ;2027-01-03 20:53:29;Failed Delivery;Delivery unsuccessful;Email;TRUE
CMP-0005931;SHP-2026-0235449;2026-12-26 02:21:26;Late Delivery;Delivered after promised date;Web Form;TRUE
CMP-0002219;SHP-2025-0089275;2025-10-21 07:55:36;Incorrect Delivery;Other;Email;TRUE
CMP-0006036;SHP-2026-0238885;2027-01-02 16:21:48;Late Delivery;Delivery date repeatedly changed;Email;TRUE
CMP-0002439;SHP-2025-0098800;2025-11-09 06:19:17;Other;Tracking issue;Email;TRUE
CMP-0000942;SHP-2025-0037371;2025-05-15 17:44:47;Late Delivery;Long transit time;Email;TRUE
CMP-0001929;SHP-2025-0077022;2025-09-29 09:39:02;Incorrect Delivery;Tracking issue;Phone;TRUE
CMP-0005164;SHP-2026-0207282;2026-09-30 19:33:54;Incorrect Delivery;Other;Web Form;TRUE
CMP-0004223;SHP-2026-0169049;2026-06-30 16:32:14;Failed Delivery;Repeated delivery attempt;Phone;TRUE
CMP-0005703;SHP-2026-0227801;2026-11-12 22:38:15;Failed Delivery;Repeated delivery attempt;Web Form;TRUE
CMP-0005564;SHP-2026-0222283;2026-11-20 23:15:30;Incorrect Delivery;Tracking issue;Phone;TRUE
CMP-0000282;SHP-2025-0011572;2025-03-02 18:38:01;Failed Delivery;Customer not available;Email;TRUE
CMP-0005219;SHP-2026-0209121;2026-10-15 23:39:08;Incorrect Delivery;Other;Chat;TRUE
CMP-0003076;SHP-2025-0120429;2025-12-08 11:02:24;Failed Delivery;Repeated delivery attempt;Email;TRUE
CMP-0003451;SHP-2026-0136252;2026-02-14 04:18:38;Failed Delivery;Repeated delivery attempt;Web Form;TRUE
CMP-0002309;SHP-2025-0093334;2025-10-31 14:17:10;Late Delivery;Delivered after promised date;Web Form;TRUE
CMP-0000848;SHP-2025-0033330;2025-04-23 12:53:39;Late Delivery;Delivery date repeatedly changed;Email;TRUE
CMP-0000389;SHP-2025-0015713;2025-02-22 15:23:35;Other;Other;Web Form;TRUE
CMP-0001332;SHP-2025-0054020;2025-08-05 09:56:29;Other;Other;Email;TRUE
CMP-0004606;SHP-2026-0184327;2026-07-30 22:03:41;Incorrect Delivery;Wrong delivery instructions;Phone;TRUE
CMP-0000368;SHP-2025-0014768;2025-02-24 18:31:39;Incorrect Delivery;Wrong delivery instructions;Phone;TRUE
CMP-0002985;SHP-2025-0117473;2025-12-14 02:41:52;Late Delivery;Long transit time;Email;TRUE
CMP-0003249;SHP-2026-0127749;2026-01-17 15:52:07;Late Delivery;Delivered after promised date;Phone;TRUE
CMP-0003997;SHP-2026-0159319;2026-05-29 03:43:32;Incorrect Delivery;Other;Phone;TRUE
CMP-0001343;SHP-2025-0054320;2025-07-20 17:51:55;Failed Delivery;Repeated delivery attempt;Phone;TRUE
CMP-0004496;SHP-2026-0179994;2026-07-12 05:54:51;Failed Delivery;Repeated delivery attempt;Phone;TRUE
CMP-0001844;SHP-2025-0073297;2025-09-18 09:20:28;Late Delivery;Delivered after promised date;Phone;TRUE
CMP-0002749;SHP-2025-0109897;2025-12-21 09:07:29;Failed Delivery;Courier did not reach customer;Phone;TRUE
CMP-0003083;SHP-2025-0120648;2025-12-27 01:41:38;Failed Delivery;Repeated delivery attempt;Phone;TRUE
CMP-0000642;SHP-2025-0025479;2025-04-17 00:48:47;Other;Tracking issue;Chat;TRUE
CMP-0003110;SHP-2025-0121332;2026-01-02 04:50:32;Late Delivery;Delivered after promised date;Email;TRUE
CMP-0003806;SHP-2026-0150787;2026-04-11 20:58:56;Late Delivery;Delivered after promised date;Phone;TRUE
CMP-0004334;SHP-2026-0174230;2026-06-24 04:43:05;Failed Delivery;Customer not available;Chat;TRUE
CMP-0006162;SHP-2026-0242327;2026-12-17 04:21:45;Late Delivery;Delivered after promised date;Email;TRUE
CMP-0001256;SHP-2025-0050797;2025-06-11 08:42:45;Failed Delivery;Repeated delivery attempt;Phone;TRUE
CMP-0002727;SHP-2025-0109114;2025-12-10 01:16:11;Late Delivery;Delivery date repeatedly changed;Web Form;TRUE
CMP-0000861;SHP-2025-0034058;2025-04-29 18:23:00;Other;Tracking issue;Email;TRUE
CMP-0004414;SHP-2026-0177095;2026-06-19 16:51:02;Other;Other;Web Form;FALSE
CMP-0001419;SHP-2025-0057417;2025-07-11 14:57:15;Failed Delivery;Delivery unsuccessful;Phone;TRUE
CMP-0002423;SHP-2025-0098316;2025-11-12 09:40:26;Incorrect Delivery;Wrong delivery instructions;Phone;TRUE
CMP-0005101;SHP-2026-0204222;2026-09-09 11:33:08;Incorrect Delivery;Other;Email;TRUE
CMP-0000737;SHP-2025-0029338;2025-05-06 17:22:35;Other;Wrong delivery instructions;Chat;TRUE
CMP-0002140;SHP-2025-0085849;2025-10-16 19:50:54;Late Delivery;Delivery date repeatedly changed;Phone;TRUE
CMP-0000094;SHP-2025-0003744;2026-01-01 02:50:01;Other;Other;Phone;TRUE
CMP-0001790;SHP-2025-0071649;2025-08-29 22:46:57;Failed Delivery;Repeated delivery attempt;Email;TRUE
CMP-0002374;SHP-2025-0096003;2026-01-01 14:15:39;Other;Tracking issue;Phone;TRUE
CMP-0002898;SHP-2025-0114207;2025-12-19 20:48:00;Other;Wrong delivery instructions;Web Form;FALSE
CMP-0001490;SHP-2025-0059941;2025-07-14 09:04:24;Late Delivery;Delivered after promised date;Web Form;FALSE
CMP-0002617;SHP-2025-0104953;2025-11-05 18:49:37;Late Delivery;Delivery date repeatedly changed;Chat;TRUE
CMP-0005801;SHP-2026-0230971;2026-11-11 03:24:50;Late Delivery;Delivery date repeatedly changed;Chat;FALSE
CMP-0000928;SHP-2025-0036672;2025-05-08 22:26:05;Incorrect Delivery;Tracking issue;Phone;TRUE
CMP-0006376;SHP-2026-0249416;2026-12-06 16:53:16;Other;Wrong delivery instructions;Email;TRUE
CMP-0001620;SHP-2025-0065381;2025-08-27 10:44:32;Other;Wrong delivery instructions;Email;TRUE
CMP-0000562;SHP-2025-0022162;2025-03-31 09:43:21;Failed Delivery;Customer not available;Email;FALSE
CMP-0001121;SHP-2025-0045540;2025-07-07 00:50:49;Late Delivery;Delivery date repeatedly changed;Phone;TRUE
CMP-0004357;SHP-2026-0175024;2026-06-10 08:23:52;Failed Delivery;Courier did not reach customer;Web Form;TRUE
CMP-0002447;SHP-2025-0099029;2025-11-22 05:18:10;Failed Delivery;Repeated delivery attempt;Email;FALSE
CMP-0003880;SHP-2026-0153772;2026-04-04 07:33:32;Other;Tracking issue;Email;TRUE
CMP-0006335;SHP-2026-0247933;2026-12-18 01:55:13;Damaged Shipment;Package damaged;Phone;TRUE
CMP-0001139;SHP-2025-0046223;2025-06-17 14:22:01;Late Delivery;Delivery date repeatedly changed;Email;TRUE
CMP-0002882;SHP-2025-0113884;2025-12-20 13:21:09;Other;Tracking issue;Email;FALSE
CMP-0004759;SHP-2026-0190758;2026-08-12 23:32:42;Late Delivery;Delivery date repeatedly changed;Email;TRUE
CMP-0003360;SHP-2026-0132767;2026-03-10 03:35:54;Late Delivery;Long transit time;Phone;TRUE
CMP-0004568;SHP-2026-0182777;2026-07-10 20:02:21;Failed Delivery;Repeated delivery attempt;Email;TRUE
CMP-0005012;SHP-2026-0200599;2026-09-20 19:36:09;Late Delivery;Delivery date repeatedly changed;Phone;TRUE
CMP-0004670;SHP-2026-0187163;2026-07-18 19:37:47;Incorrect Delivery;Wrong delivery instructions;Email;TRUE
CMP-0000208;SHP-2025-0008601;2025-03-02 01:26:46;Other;Other;Web Form;TRUE
CMP-0004571;SHP-2026-0182811;2026-07-28 22:32:36;Late Delivery;Long transit time;Phone;TRUE
CMP-0006038;SHP-2026-0238961;2026-12-13 23:04:00;Failed Delivery;Customer not available;Chat;TRUE
CMP-0000308;SHP-2025-0012560;2025-02-17 07:14:29;Other;Tracking issue;Phone;TRUE
CMP-0003408;SHP-2026-0134664;2026-03-02 10:37:31;Other;Wrong delivery instructions;Web Form;TRUE
CMP-0004149;SHP-2026-0165940;2026-05-28 20:41:23;Incorrect Delivery;Other;Email;TRUE
CMP-0001995;SHP-2025-0080696;2025-09-28 05:02:59;Late Delivery;Delivery date repeatedly changed;Phone;TRUE
CMP-0002955;SHP-2025-0116155;2025-12-16 17:28:57;Late Delivery;Long transit time;Chat;TRUE
CMP-0000879;SHP-2025-0034850;2025-05-13 21:53:50;Failed Delivery;Courier did not reach customer;Chat;TRUE
CMP-0001301;SHP-2025-0052283;2025-07-03 05:16:16;Late Delivery;Long transit time;Phone;TRUE
CMP-0002724;SHP-2025-0108990;2025-12-21 02:16:32;Late Delivery;Delivery date repeatedly changed;Phone;TRUE
CMP-0000087;SHP-2025-0003438;2025-01-23 06:41:19;Incorrect Delivery;Tracking issue;Phone;TRUE
CMP-0006206;SHP-2026-0243749;2026-12-28 15:49:11;Other;Tracking issue;Web Form;TRUE
CMP-0000922;SHP-2025-0036483;2025-06-07 06:33:38;Failed Delivery;Courier did not reach customer;Web Form;FALSE
CMP-0005866;SHP-2026-0233142;2026-11-06 18:33:37;Late Delivery;Long transit time;Email;TRUE
CMP-0000076;SHP-2025-0003074;2025-02-01 14:51:56;Late Delivery;Long transit time;Web Form;TRUE
CMP-0001326;SHP-2025-0053709;2025-06-14 20:36:03;Failed Delivery;Courier did not reach customer;Email;TRUE
CMP-0003371;SHP-2026-0132971;2026-02-25 16:07:11;Incorrect Delivery;Wrong delivery instructions;Web Form;TRUE
CMP-0001593;SHP-2025-0064642;2025-08-30 05:19:23;Failed Delivery;Repeated delivery attempt;Web Form;FALSE
CMP-0000959;SHP-2025-0038271;2025-06-05 05:26:28;Late Delivery;Delivery date repeatedly changed;Chat;TRUE
CMP-0004854;SHP-2026-0194579;2026-08-09 15:35:59;Late Delivery;Delivered after promised date;Web Form;TRUE
CMP-0000655;SHP-2025-0025865;2025-04-07 11:34:57;Other;Wrong delivery instructions;Web Form;TRUE
CMP-0006264;SHP-2026-0245558;2027-01-06 15:42:24;Other;Tracking issue;Phone;TRUE
CMP-0002780;SHP-2025-0110807;2025-12-30 10:50:03;Late Delivery;Delivered after promised date;Chat;TRUE
CMP-0004885;SHP-2026-0195735;2026-08-23 07:16:27;Failed Delivery;Returned to sender;Email;TRUE
CMP-0003991;SHP-2026-0159093;2026-05-07 10:24:19;Other;Tracking issue;Web Form;TRUE
CMP-0000369;SHP-2025-0014850;2025-02-11 10:56:37;Damaged Shipment;Contents damaged;Phone;TRUE
CMP-0001868;SHP-2025-0074627;2025-09-09 14:29:27;Other;Tracking issue;Phone;TRUE
CMP-0005607;SHP-2026-0223882;2026-12-01 10:04:13;Late Delivery;Long transit time;Phone;TRUE
CMP-0001835;SHP-2025-0073013;2025-09-08 06:41:13;Failed Delivery;Courier did not reach customer;Phone;TRUE
CMP-0002039;SHP-2025-0082119;2025-10-02 21:23:45;Late Delivery;Delivery date repeatedly changed;Phone;TRUE
CMP-0000543;SHP-2025-0021375;2025-03-18 14:09:46;Failed Delivery;Customer not available;Phone;TRUE
CMP-0000939;SHP-2025-0037166;2025-05-10 09:54:53;Incorrect Delivery;Wrong delivery instructions;Phone;TRUE
CMP-0000601;SHP-2025-0023908;2025-03-17 17:07:57;Late Delivery;Delivered after promised date;Phone;TRUE
CMP-0005066;SHP-2026-0202656;2026-09-14 01:53:15;Incorrect Delivery;Other;Web Form;TRUE
CMP-0005675;SHP-2026-0226451;2026-12-03 14:53:14;Other;Tracking issue;Email;TRUE
CMP-0004205;SHP-2026-0168329;2026-07-01 22:19:50;Other;Wrong delivery instructions;Chat;TRUE
CMP-0003145;SHP-2026-0123280;2026-01-11 20:03:28;Failed Delivery;Returned to sender;Phone;TRUE
CMP-0003075;SHP-2025-0120390;2025-12-21 18:07:59;Failed Delivery;Courier did not reach customer;Email;TRUE
CMP-0002466;SHP-2025-0099686;2025-11-25 15:13:36;Other;Other;Web Form;TRUE
CMP-0005985;SHP-2026-0237216;2027-01-07 20:47:59;Late Delivery;Delivered after promised date;Email;TRUE
CMP-0005272;SHP-2026-0211396;2026-11-06 03:40:41;Other;Other;Phone;TRUE
CMP-0005143;SHP-2026-0206644;2026-09-18 08:29:23;Other;Wrong delivery instructions;Chat;TRUE
CMP-0005155;SHP-2026-0206998;2026-01-02 11:54:10;Other;Other;Web Form;TRUE
CMP-0003703;SHP-2026-0146785;2026-04-05 15:22:36;Late Delivery;Long transit time;Phone;TRUE
CMP-0003091;SHP-2025-0120896;2025-12-09 07:50:58;Failed Delivery;Customer not available;Phone;TRUE
CMP-0003704;SHP-2026-0146794;2026-04-04 17:24:08;Late Delivery;Delivered after promised date;Phone;TRUE
CMP-0005016;SHP-2026-0200806;2026-09-28 14:22:09;Failed Delivery;Customer not available;Phone;TRUE
CMP-0001498;SHP-2025-0060315;2025-07-18 23:34:05;Late Delivery;Delivery date repeatedly changed;Web Form;TRUE
CMP-0006357;SHP-2026-0248857;2027-01-07 00:16:17;Late Delivery;Delivered after promised date;Phone;TRUE
CMP-0000408;SHP-2025-0016316;2025-03-26 01:18:31;Incorrect Delivery;Wrong delivery instructions;Phone;TRUE
CMP-0002017;SHP-2025-0081211;2025-10-08 19:31:54;Failed Delivery;Courier did not reach customer;Web Form;TRUE
CMP-0003561;SHP-2026-0140502;2026-03-17 19:53:53;Other;Tracking issue;Phone;TRUE
CMP-0002120;SHP-2025-0085309;2025-10-13 22:45:59;Other;Wrong delivery instructions;Email;TRUE
CMP-0003604;SHP-2026-0143114;2026-03-03 13:30:32;Other;Tracking issue;Chat;TRUE
CMP-0000047;SHP-2025-0001967;2025-01-29 03:04:35;Late Delivery;Delivery date repeatedly changed;Web Form;TRUE
CMP-0000360;SHP-2025-0014501;2025-02-20 13:31:15;Lost Shipment;Declared lost;Email;TRUE
CMP-0005890;SHP-2026-0234168;2026-12-01 11:32:40;Failed Delivery;Customer not available;Email;TRUE
CMP-0002472;SHP-2025-0099963;2025-12-05 16:14:31;Late Delivery;Delivery date repeatedly changed;Email;TRUE
CMP-0005622;SHP-2026-0224558;2026-11-18 04:56:32;Late Delivery;Long transit time;Email;TRUE
CMP-0002530; SHP-2025-0102144 ;2025-12-01 16:58:10;Incorrect Delivery;Wrong delivery instructions;Email;TRUE
CMP-0003057;SHP-2025-0119978;2025-12-08 14:27:03;Failed Delivery;Courier did not reach customer;Email;TRUE
CMP-0003598;SHP-2026-0142659;2026-04-02 23:17:36;Other;Wrong delivery instructions;Email;TRUE
CMP-0004119;SHP-2026-0164782;2026-05-13 08:44:41;Late Delivery;Delivery date repeatedly changed;Email;TRUE
CMP-0003865;SHP-2026-0153019;2026-04-14 01:02:05;Other;Wrong delivery instructions;Chat;TRUE
CMP-0003184;SHP-2026-0124909;2026-01-09 16:58:34;Failed Delivery;Returned to sender;Phone;TRUE
CMP-0001705;SHP-2025-0068565;2025-08-19 12:36:17;Late Delivery;Delivered after promised date;Phone;TRUE
CMP-0006180;SHP-2026-0242826;2026-12-14 00:35:35;Late Delivery;Delivery date repeatedly changed;Email;TRUE
CMP-0001082;SHP-2025-0043616;2025-05-14 13:30:04;Incorrect Delivery;Wrong delivery instructions;Web Form;TRUE
CMP-0003223;SHP-2026-0126847;2026-01-21 07:43:25;Late Delivery;Delivered after promised date;Web Form;TRUE
CMP-0005724;SHP-2026-0228406;2026-11-21 23:38:33;Late Delivery;Delivery date repeatedly changed;Web Form;TRUE
CMP-0002228;SHP-2025-0089628;2025-10-13 09:50:49;Other;Wrong delivery instructions;Email;TRUE
CMP-0001953;SHP-2025-0078479;2025-09-05 16:13:02;Late Delivery;Long transit time;Web Form;TRUE
CMP-0000167;SHP-2025-0006787;2025-01-28 02:20:38;Failed Delivery;Courier did not reach customer;Web Form;TRUE
CMP-0006192;SHP-2026-0243282;2026-12-11 19:48:30;Failed Delivery;Delivery unsuccessful;Email;TRUE
CMP-0000193;SHP-2025-0007786;2025-01-11 14:08:26;Late Delivery;Delivered after promised date;Web Form;TRUE
CMP-0002259;SHP-2025-0090948;2025-10-07 05:22:04;Incorrect Delivery;Other;Email;TRUE
CMP-0000433;SHP-2025-0017305;2025-04-04 12:07:15;Other;Other;Web Form;TRUE
CMP-0005626;SHP-2026-0224762;2026-11-13 07:24:44;Late Delivery;Delivered after promised date;Web Form;TRUE
CMP-0000968;SHP-2025-0038845;2025-05-21 12:54:34;Late Delivery;Delivery date repeatedly changed;Chat;TRUE
CMP-0003525;SHP-2026-0138910;2026-03-12 08:58:23;Incorrect Delivery;Wrong delivery instructions;Email;TRUE
CMP-0006262;SHP-2026-0245469;2026-12-16 15:12:43;Late Delivery;Delivered after promised date;Email;TRUE
CMP-0005138;SHP-2026-0205930;2026-09-28 05:39:04;Late Delivery;Delivery date repeatedly changed;Phone;TRUE
CMP-0003745;SHP-2026-0148360;2026-04-25 23:24:07;Late Delivery;Delivery date repeatedly changed;Web Form;TRUE
CMP-0000804;SHP-2025-0031996;2025-04-29 21:42:18;Incorrect Delivery;Wrong delivery instructions;Email;FALSE
CMP-0002635;SHP-2025-0105891;2025-11-16 03:09:09;Failed Delivery;Customer not available;Phone;TRUE
CMP-0006058;SHP-2026-0239597;2026-12-31 00:22:40;Other;Other;Email;TRUE
CMP-0004112;SHP-2026-0164438;2026-05-07 08:58:54;Failed Delivery;Delivery unsuccessful;Email;TRUE
CMP-0003018;SHP-2025-0118559;2025-12-17 23:17:30;Late Delivery;Delivered after promised date;Email;TRUE
CMP-0004073;SHP-2026-0162668;2026-05-15 03:28:28;Failed Delivery;Repeated delivery attempt;Chat;TRUE
CMP-0002598;SHP-2025-0104161;2025-11-16 22:45:03;Failed Delivery;Customer not available;Web Form;TRUE
CMP-0001497;SHP-2025-0060286;2025-07-20 05:25:59;Other;Other;Web Form;TRUE
CMP-0003915;SHP-2026-0155197;2026-04-06 14:09:14;Other;Other;Phone;TRUE
CMP-0004123;SHP-2026-0164934;2026-06-05 04:11:50;Late Delivery;Long transit time;Web Form;TRUE
CMP-0006265;SHP-2026-0245583;2026-12-16 18:39:03;Incorrect Delivery;Wrong delivery instructions;Email;TRUE
CMP-0006136;SHP-2026-0241508;2026-12-08 18:55:59;Late Delivery;Long transit time;Web Form;TRUE
CMP-0005100;SHP-2026-0204205;2026-09-17 02:32:51;Damaged Shipment;Contents damaged;Web Form;TRUE
CMP-0001056;SHP-2025-0042568;2025-05-08 14:40:53;Other;Wrong delivery instructions;Email;TRUE
CMP-0003388;SHP-2026-0133644;2026-02-28 23:54:11;Failed Delivery;Returned to sender;Chat;TRUE
CMP-0005543;SHP-2026-0221668;2026-11-28 06:03:31;Late Delivery;Delivered after promised date;Phone;TRUE
CMP-0000911;SHP-2025-0036124;2025-05-04 17:49:08;Failed Delivery;Customer not available;Email;TRUE
CMP-0005510;SHP-2026-0220438;2026-11-04 06:34:48;Late Delivery;Delivered after promised date;Phone;TRUE
CMP-0000442;SHP-2025-0017551;2025-03-19 07:13:42;Other;Other;Phone;TRUE
CMP-0005720;SHP-2026-0228351;2026-11-24 19:21:15;Other;Tracking issue;Chat;TRUE
CMP-0004820;SHP-2026-0193238;2026-09-06 14:44:51;Late Delivery;Long transit time;Phone;TRUE
CMP-0003523;SHP-2026-0138834;2026-03-17 15:03:41;Late Delivery;Delivery date repeatedly changed;Chat;TRUE
CMP-0002938;SHP-2025-0115522;2026-01-03 01:19:28;Late Delivery;Delivered after promised date;Chat;TRUE
CMP-0004469;SHP-2026-0179326;2026-07-08 13:37:15;Lost Shipment;Declared lost;Chat;TRUE
CMP-0000567;SHP-2025-0022379;2025-03-10 17:51:58;Incorrect Delivery;Tracking issue;Web Form;TRUE
CMP-0002948;SHP-2025-0115820;2025-12-25 18:57:19;Other;Wrong delivery instructions;Phone;TRUE
CMP-0001437;SHP-2025-0057946;2025-08-03 12:46:50;Late Delivery;Delivered after promised date;Email;TRUE
CMP-0005474;SHP-2026-0219304;2026-10-08 11:07:02;Incorrect Delivery;Other;Phone;TRUE
CMP-0001360;SHP-2025-0054792;2025-07-17 23:14:54;Failed Delivery;Courier did not reach customer;Web Form;TRUE
CMP-0004284;SHP-2026-0171838;2026-06-20 13:43:39;Late Delivery;Long transit time;Email;FALSE
CMP-0001667;SHP-2025-0067234;2025-08-16 23:56:43;Failed Delivery;Returned to sender;Email;TRUE
CMP-0004735;SHP-2026-0189869;2026-08-11 09:38:02;Incorrect Delivery;Other;Phone;TRUE
CMP-0000474;SHP-2025-0018640;2025-03-23 13:54:57;Lost Shipment;Shipment not delivered;Email;TRUE
CMP-0003390;SHP-2026-0133707;2026-02-16 14:48:08;Incorrect Delivery;Wrong delivery instructions;Web Form;TRUE
CMP-0000214;SHP-2025-0008669;2025-03-05 17:03:19;Failed Delivery;Delivery unsuccessful;Web Form;TRUE
CMP-0003229;SHP-2026-0127023;2026-01-14 12:05:53;Failed Delivery;Repeated delivery attempt;Email;TRUE
CMP-0001619;SHP-2025-0065373;2025-08-31 23:37:21;Other;Wrong delivery instructions;Phone;TRUE
CMP-0003722;SHP-2026-0147538;2026-03-05 17:56:00;Other;Tracking issue;Web Form;TRUE
CMP-0001391;SHP-2025-0056157;2025-08-03 18:31:54;Late Delivery;Delivered after promised date;Email;TRUE
CMP-0001820;SHP-2025-0072501;2025-09-25 19:47:12;Late Delivery;Delivery date repeatedly changed;Chat;TRUE
CMP-0001278;SHP-2025-0051296;2025-06-08 05:52:13;Failed Delivery;Repeated delivery attempt;Web Form;TRUE
CMP-0003449;SHP-2026-0136232;2026-02-13 01:06:53;Incorrect Delivery;Tracking issue;Phone;TRUE
CMP-0005034;SHP-2026-0201374;2026-09-15 14:35:31;Failed Delivery;Returned to sender;Web Form;TRUE
CMP-0001263;SHP-2025-0050946;2025-06-12 08:58:56;Failed Delivery;Delivery unsuccessful;Phone;TRUE
CMP-0004369;SHP-2026-0175377;2026-06-14 02:41:23;Incorrect Delivery;Wrong delivery instructions;Email;TRUE
CMP-0005775;SHP-2026-0230105;2026-11-29 23:21:21;Late Delivery;Delivery date repeatedly changed;Web Form;TRUE
CMP-0000260;SHP-2025-0010820;2025-02-18 15:21:19;Incorrect Delivery;Wrong delivery instructions;Phone;TRUE
CMP-0005259;SHP-2026-0210766;2026-11-01 15:14:01;Failed Delivery;Courier did not reach customer;Phone;TRUE
CMP-0004467;SHP-2026-0179264;2026-07-09 21:48:08;Other;Tracking issue;Web Form;TRUE
CMP-0000623;SHP-2025-0024617;2025-03-09 09:26:32;Failed Delivery;Returned to sender;Phone;FALSE
CMP-0002582;SHP-2025-0103747;2025-11-17 01:57:13;Late Delivery;Long transit time;Web Form;TRUE
CMP-0005766;SHP-2026-0229803;2026-11-11 20:41:44;Other;Tracking issue;Email;TRUE
CMP-0000846;SHP-2025-0033300;2025-04-08 15:34:12;Late Delivery;Long transit time;Email;TRUE
CMP-0004539;SHP-2026-0181559;2026-07-24 19:37:52;Failed Delivery;Customer not available;Web Form;TRUE
CMP-0005545;SHP-2026-0221704;2026-11-27 04:54:16;Late Delivery;Long transit time;Phone;TRUE
CMP-0000312;SHP-2025-0012728;2025-02-14 23:33:00;Lost Shipment;Declared lost;Web Form;FALSE
CMP-0000186;SHP-2025-0007507;2025-02-02 07:41:02;Other;Wrong delivery instructions;Email;TRUE
CMP-0000741;SHP-2025-0029408;2025-04-24 20:10:04;Late Delivery;Delivery date repeatedly changed;Web Form;TRUE
CMP-0000359;SHP-2025-0014486;2025-02-21 13:12:50;Failed Delivery;Delivery unsuccessful;Web Form;TRUE
CMP-0005839;SHP-2026-0232324;2026-11-17 13:41:31;Other;Tracking issue;Chat;TRUE
CMP-0006017;SHP-2026-0238366;2026-12-26 15:43:54;Failed Delivery;Courier did not reach customer;Phone;TRUE
CMP-0002858;SHP-2025-0112998;2025-12-13 11:25:53;Failed Delivery;Delivery unsuccessful;Web Form;TRUE
CMP-0000572;SHP-2025-0022585;2025-03-16 02:39:58;Incorrect Delivery;Tracking issue;Web Form;TRUE
CMP-0000348;SHP-2025-0014210;2025-02-13 13:57:25;Other;Tracking issue;Web Form;TRUE
CMP-0003048;SHP-2025-0119722;2025-12-12 18:10:36;Other;Wrong delivery instructions;Email;FALSE
CMP-0002872;SHP-2025-0113508;2025-12-30 07:32:10;Incorrect Delivery;Tracking issue;Web Form;TRUE
CMP-0005079;SHP-2026-0203145;2026-09-20 09:29:44;Failed Delivery;Customer not available;Email;FALSE
CMP-0005438;SHP-2026-0217611;2026-11-02 02:49:54;Late Delivery;Delivery date repeatedly changed;Web Form;TRUE
CMP-0005593;SHP-2026-0223440;2026-11-21 23:10:57;Failed Delivery;Customer not available;Email;TRUE
CMP-0002050;SHP-2025-0082762;2025-11-05 19:56:34;Late Delivery;Long transit time;Email;TRUE
CMP-0001500;SHP-2025-0060346;2025-07-07 22:47:36;Incorrect Delivery;Wrong delivery instructions;Email;TRUE
CMP-0000814;SHP-2025-0032243;2025-04-06 11:43:16;Late Delivery;Long transit time;Phone;TRUE
CMP-0001973;SHP-2025-0079663;2025-09-08 08:18:56;Incorrect Delivery;Other;Phone;TRUE
CMP-0000977;SHP-2025-0039181;2025-05-22 05:33:35;Late Delivery;Delivery date repeatedly changed;Email;TRUE
CMP-0002435;SHP-2025-0098720;2025-11-23 08:56:12;Incorrect Delivery;Wrong delivery instructions;Email;TRUE
CMP-0001163;SHP-2025-0046915;2025-07-02 22:31:38;Incorrect Delivery;Other;Phone;TRUE
CMP-0005142;SHP-2026-0206589;2026-09-18 02:58:36;Other;Other;Phone;TRUE
CMP-0004465;SHP-2026-0179196;2026-07-04 02:15:19;Incorrect Delivery;Tracking issue;Phone;TRUE
CMP-0003007;SHP-2025-0118131;2025-12-27 22:00:17;Other;Wrong delivery instructions;Phone;TRUE
CMP-0001307;SHP-2025-0052422;2025-06-26 17:40:42;Late Delivery;Delivery date repeatedly changed;Chat;TRUE
CMP-0003356;SHP-2026-0132676;2026-02-24 04:45:57;Failed Delivery;Customer not available;Web Form;TRUE
CMP-0003751;SHP-2026-0148577;2026-04-16 16:42:58;Late Delivery;Delivery date repeatedly changed;Email;TRUE
CMP-0001417;SHP-2025-0057396;2025-07-24 19:21:27;Incorrect Delivery;Tracking issue;Phone;TRUE
CMP-0000763;SHP-2025-0029971;2025-04-11 01:57:23;Incorrect Delivery;Wrong delivery instructions;Email;TRUE
CMP-0002770;SHP-2025-0110554;2025-12-18 17:16:15;Other;Other;Web Form;FALSE
CMP-0002087;SHP-2025-0084014;2025-10-19 11:37:12;Other;Tracking issue;Phone;TRUE
CMP-0002533;SHP-2025-0102254;2025-11-25 23:30:15;Incorrect Delivery;Other;Phone;TRUE
CMP-0000405;SHP-2025-0016170;2025-03-07 19:04:54;Late Delivery;Delivered after promised date;Web Form;FALSE
CMP-0005754;SHP-2026-0229447;2026-11-23 09:51:42;Late Delivery;Delivery date repeatedly changed;Phone;TRUE
CMP-0005109;SHP-2026-0204505;2026-09-18 10:41:23;Incorrect Delivery;Tracking issue;Email;TRUE
CMP-0006028;SHP-2026-0238731;2026-12-16 19:12:09;Late Delivery;Delivery date repeatedly changed;Phone;TRUE
CMP-0003350;SHP-2026-0132426;2026-03-05 09:32:28;Late Delivery;Long transit time;Chat;TRUE
CMP-0000820;SHP-2025-0032478;2025-04-11 23:39:31;Other;Tracking issue;Email;TRUE
CMP-0005702;SHP-2026-0227784;2026-11-27 09:54:59;Incorrect Delivery;Wrong delivery instructions;Email;TRUE
CMP-0001452;SHP-2025-0058651;2025-07-13 08:14:38;Late Delivery;Delivery date repeatedly changed;Web Form;TRUE
CMP-0000005;SHP-2025-0000250;2025-02-06 05:14:36;Late Delivery;Long transit time;Email;TRUE
CMP-0004949;SHP-2026-0198239;2026-09-20 02:57:48;Other;Other;Chat;TRUE
CMP-0000307;SHP-2025-0012522;2025-02-20 13:43:29;Late Delivery;Long transit time;Email;TRUE
CMP-0002699;SHP-2025-0108390;2026-01-03 09:18:23;Late Delivery;Long transit time;Email;TRUE
CMP-0003672;SHP-2026-0145461;2026-03-09 21:38:49;Late Delivery;Long transit time;Web Form;FALSE
CMP-0005800;SHP-2026-0230968;2026-11-28 23:15:08;Damaged Shipment;Package damaged;Phone;TRUE
CMP-0004879;SHP-2026-0195511;2026-08-13 13:05:45;Other;Tracking issue;Web Form;TRUE
CMP-0004600;SHP-2026-0184103;2026-07-24 23:37:19;Late Delivery;Long transit time;Email;TRUE
CMP-0001980;SHP-2025-0080244;2025-09-27 23:11:47;Late Delivery;Delivery date repeatedly changed;Web Form;TRUE
CMP-0004418;SHP-2026-0177434;2026-06-28 00:54:24;Failed Delivery;Customer not available;Web Form;TRUE
CMP-0005776;SHP-2026-0230123;2026-11-16 04:43:25;Failed Delivery;Repeated delivery attempt;Email;TRUE
CMP-0002505;SHP-2025-0101190;2025-11-08 13:47:49;Late Delivery;Delivered after promised date;Phone;TRUE
CMP-0005854;SHP-2026-0232828;2026-11-17 03:57:43;Late Delivery;Long transit time;Email;TRUE
CMP-0005695;SHP-2026-0227378;2026-11-24 11:05:19;Failed Delivery;Customer not available;Phone;TRUE
CMP-0001807;SHP-2025-0072078;2025-08-30 19:27:26;Incorrect Delivery;Wrong delivery instructions;Web Form;TRUE
CMP-0004171;SHP-2026-0166813;2026-05-22 14:30:24;Incorrect Delivery;Tracking issue;Phone;TRUE
CMP-0003275;SHP-2026-0129221;2026-01-21 14:23:24;Other;Tracking issue;Email;TRUE
CMP-0005765;SHP-2026-0229785;2026-11-08 08:09:08;Late Delivery;Delivery date repeatedly changed;Phone;FALSE
CMP-0003442;SHP-2026-0135832;2026-02-27 05:48:37;Late Delivery;Delivered after promised date;Web Form;TRUE
CMP-0000159;SHP-2025-0006539;2025-01-12 11:57:48;Failed Delivery;Customer not available;Chat;TRUE
CMP-0003923;SHP-2026-0155552;2026-05-05 15:52:17;Late Delivery;Delivery date repeatedly changed;Email;TRUE
CMP-0002030;SHP-2025-0081751;2025-09-12 15:05:29;Late Delivery;Delivery date repeatedly changed;Email;TRUE
CMP-0006031;SHP-2026-0238766;2026-12-18 10:14:37;Other;Wrong delivery instructions;Phone;TRUE
CMP-0005293;SHP-2026-0212243;2026-10-26 17:53:40;Late Delivery;Delivered after promised date;Email;TRUE
CMP-0000984;SHP-2025-0039531;2025-05-18 06:00:49;Other;Other;Chat;TRUE
CMP-0004098;SHP-2026-0163550;2026-05-30 00:04:24;Late Delivery;Delivered after promised date;Web Form;TRUE
CMP-0005562;SHP-2026-0222266;2026-11-19 10:14:35;Late Delivery;Delivered after promised date;Chat;TRUE
CMP-0006053;SHP-2026-0239507;2026-12-30 09:45:49;Late Delivery;Delivered after promised date;Email;TRUE
CMP-0000270;SHP-2025-0011074;2025-02-21 07:21:20;Failed Delivery;Courier did not reach customer;Email;TRUE
CMP-0006014;SHP-2026-0238280;2026-12-09 11:41:23;Other;Other;Phone;FALSE
CMP-0006097;SHP-2026-0240609;2026-12-22 22:23:54;Failed Delivery;Customer not available;Web Form;TRUE
CMP-0001769;SHP-2025-0070676;2025-08-23 07:37:26;Late Delivery;Delivered after promised date;Phone;TRUE
CMP-0001253;SHP-2025-0050706;2025-06-17 21:33:20;Late Delivery;Long transit time;Email;TRUE
CMP-0004659;SHP-2026-0186422;2026-07-08 21:57:47;Failed Delivery;Repeated delivery attempt;Web Form;TRUE
CMP-0004594;SHP-2026-0183731;2026-07-23 12:18:25;Failed Delivery;Customer not available;Phone;TRUE
CMP-0000516;SHP-2025-0020339;2025-04-04 14:44:40;Incorrect Delivery;Wrong delivery instructions;Email;TRUE
CMP-0003489;SHP-2026-0137465;2026-02-16 00:44:59;Incorrect Delivery;Tracking issue;Phone;TRUE
CMP-0001744;SHP-2025-0069862;2025-08-16 12:45:04;Incorrect Delivery;Tracking issue;Phone;TRUE
CMP-0000811;SHP-2025-0032175;2025-04-28 09:44:20;Late Delivery;Delivery date repeatedly changed;Web Form;TRUE
CMP-0001491;SHP-2025-0059999;2025-07-24 23:17:39;Incorrect Delivery;Tracking issue;Email;TRUE
CMP-0002603;SHP-2025-0104440;2026-01-02 05:26:08;Failed Delivery;Repeated delivery attempt;Phone;TRUE
CMP-0005961;SHP-2026-0236439;2026-12-23 21:42:58;Incorrect Delivery;Wrong delivery instructions;Web Form;TRUE
CMP-0002273;SHP-2025-0091862;2025-10-21 03:06:15;Other;Tracking issue;Web Form;TRUE
CMP-0002507;SHP-2025-0101373;2025-11-16 23:33:45;Lost Shipment;Declared lost;Phone;TRUE
CMP-0005509;SHP-2026-0220426;2026-10-10 14:25:37;Other;Tracking issue;Email;TRUE
CMP-0004805;SHP-2026-0192307;2026-08-16 08:48:37;Late Delivery;Long transit time;Phone;TRUE
CMP-0000176;SHP-2025-0007114;2025-01-11 01:03:43;Late Delivery;Delivery date repeatedly changed;Web Form;TRUE
CMP-0002413;SHP-2025-0098090;2025-11-06 15:17:12;Late Delivery;Long transit time;Phone;FALSE
CMP-0000867;SHP-2025-0034201;2025-05-26 08:26:11;Incorrect Delivery;Tracking issue;Web Form;TRUE
CMP-0001099;SHP-2025-0044266;2025-07-04 22:28:24;Incorrect Delivery;Wrong delivery instructions;Phone;TRUE
CMP-0004978;SHP-2026-0199464;2026-09-20 22:05:21;Failed Delivery;Repeated delivery attempt;Chat;TRUE
CMP-0000485;SHP-2025-0018941;2025-03-15 18:06:32;Other;Other;Email;TRUE
CMP-0002622;SHP-2025-0105098;2025-11-18 14:52:15;Late Delivery;Delivery date repeatedly changed;Web Form;TRUE
CMP-0003141;SHP-2026-0123122;2026-01-15 14:09:37;Other;Wrong delivery instructions;Email;TRUE
CMP-0005822;SHP-2026-0231649;2026-11-18 03:39:45;Late Delivery;Delivery date repeatedly changed;Web Form;TRUE
CMP-0005834;SHP-2026-0231991;2026-11-28 23:52:21;Late Delivery;Delivered after promised date;Phone;TRUE
CMP-0000703;SHP-2025-0028128;2025-04-03 04:01:18;Other;Other;Email;TRUE
CMP-0001573;SHP-2025-0063626;2025-09-01 01:07:08;Failed Delivery;Delivery unsuccessful;Email;TRUE
CMP-0000535;SHP-2025-0021136;2025-04-02 16:28:51;Incorrect Delivery;Other;Web Form;TRUE
CMP-0005994;SHP-2026-0237614;2026-12-18 02:06:43;Failed Delivery;Returned to sender;Email;TRUE
CMP-0005479;SHP-2026-0219511;2026-10-04 04:32:35;Incorrect Delivery;Tracking issue;Phone;FALSE
CMP-0002055;SHP-2025-0083089;2025-10-14 06:25:09;Failed Delivery;Courier did not reach customer;Phone;TRUE
CMP-0001339;SHP-2025-0054245;2025-07-15 03:07:43;Incorrect Delivery;Tracking issue;Email;TRUE
CMP-0003465;SHP-2026-0136771;2026-02-05 22:39:33;Incorrect Delivery;Tracking issue;Phone;TRUE
CMP-0002465;SHP-2025-0099629;2025-11-13 12:54:04;Late Delivery;Delivery date repeatedly changed;Web Form;TRUE
CMP-0002919;SHP-2025-0114941;2025-12-31 23:29:39;Failed Delivery;Courier did not reach customer;Email;TRUE
CMP-0006310;SHP-2026-0247243;2026-12-20 06:57:19;Other;Other;Email;TRUE
CMP-0002834;SHP-2025-0112303;2025-12-30 22:00:50;Late Delivery;Delivered after promised date;Web Form;TRUE
CMP-0003296;SHP-2026-0129780;2026-02-04 15:13:31;Late Delivery;Long transit time;Phone;TRUE
CMP-0003012;SHP-2025-0118273;2025-12-07 16:51:48;Failed Delivery;Courier did not reach customer;Phone;TRUE
CMP-0000538;SHP-2025-0021312;2025-03-10 00:23:28;Late Delivery;Long transit time;Phone;TRUE
CMP-0002333;SHP-2025-0094356;2025-11-05 09:08:58;Incorrect Delivery;Other;Chat;TRUE
CMP-0005525;SHP-2026-0220851;2026-11-28 08:53:42;Incorrect Delivery;Tracking issue;Web Form;TRUE
CMP-0003626;SHP-2026-0144040;2026-03-09 07:21:30;Late Delivery;Long transit time;Web Form;TRUE
CMP-0000692;SHP-2025-0027727;2025-04-26 08:22:37;Late Delivery;Delivery date repeatedly changed;Chat;TRUE
CMP-0001644;SHP-2025-0066343;2025-08-06 19:25:49;Incorrect Delivery;Wrong delivery instructions;Web Form;TRUE
CMP-0006089;SHP-2026-0240479;2027-01-08 00:01:28;Late Delivery;Delivery date repeatedly changed;Email;TRUE
CMP-0002849;SHP-2025-0112788;2025-12-10 17:13:41;Late Delivery;Long transit time;Email;TRUE
CMP-0003974;SHP-2026-0158293;2026-05-31 04:41:23;Incorrect Delivery;Wrong delivery instructions;Email;TRUE
CMP-0005501;SHP-2026-0220063;2026-10-12 22:32:33;Late Delivery;Long transit time;Chat;TRUE
CMP-0003177;SHP-2026-0124580;2026-01-17 01:17:51;Failed Delivery;Delivery unsuccessful;Phone;TRUE
CMP-0004425;SHP-2026-0177684;2026-06-22 08:51:26;Incorrect Delivery;Tracking issue;Web Form;TRUE
CMP-0001517;SHP-2025-0060848;2025-08-05 23:20:53;Incorrect Delivery;Other;Phone;TRUE
CMP-0006051;SHP-2026-0239420;2026-12-05 10:34:45;Incorrect Delivery;Tracking issue;Web Form;TRUE
CMP-0005726;SHP-2026-0228454;2026-11-09 17:31:12;Failed Delivery;Repeated delivery attempt;Email;TRUE
CMP-0003648;SHP-2026-0144786;2026-03-08 06:59:57;Failed Delivery;Repeated delivery attempt;Web Form;TRUE
CMP-0002282;SHP-2025-0092168;2025-10-27 11:46:40;Other;Other;Email;TRUE
CMP-0002110;SHP-2025-0084894;2025-10-09 11:22:43;Failed Delivery;Courier did not reach customer;Phone;TRUE
CMP-0000720;SHP-2025-0028790;2025-04-04 00:41:29;Other;Tracking issue;Web Form;FALSE
CMP-0003637;SHP-2026-0144383;2026-03-19 18:30:14;Failed Delivery;Courier did not reach customer;Web Form;TRUE
CMP-0004535;SHP-2026-0181339;2026-08-02 17:31:23;Late Delivery;Delivered after promised date;Phone;TRUE
CMP-0000295;SHP-2025-0012066;2025-03-04 08:13:32;Late Delivery;Long transit time;Email;TRUE
CMP-0003122;SHP-2026-0121926;2026-01-27 08:53:24;Incorrect Delivery;Other;Email;TRUE
CMP-0005881;SHP-2026-0233793;2026-11-30 11:05:29;Late Delivery;Delivered after promised date;Web Form;TRUE
CMP-0000179;SHP-2025-0007357;2026-01-01 09:10:59;Other;Tracking issue;Phone;TRUE
CMP-0002100;SHP-2025-0084358;2025-10-23 19:19:02;Incorrect Delivery;Other;Phone;TRUE
CMP-0001133;SHP-2025-0045979;2025-06-16 19:45:50;Late Delivery;Long transit time;Chat;TRUE
CMP-0001125;SHP-2025-0045761;2025-06-17 13:20:06;Incorrect Delivery;Other;Email;FALSE
CMP-0005558;SHP-2026-0222117;2026-11-07 11:45:39;Damaged Shipment;Contents damaged;Web Form;TRUE
CMP-0004164;SHP-2026-0166604;2026-05-31 09:06:23;Failed Delivery;Customer not available;Web Form;TRUE
CMP-0005073;SHP-2026-0202916;2026-09-21 19:43:31;Failed Delivery;Repeated delivery attempt;Email;TRUE
CMP-0004222;SHP-2026-0169038;2026-06-27 04:13:58;Late Delivery;Long transit time;Email;TRUE
CMP-0000175;SHP-2025-0007058;2025-01-21 11:24:50;Failed Delivery;Courier did not reach customer;Email;TRUE
CMP-0001930;SHP-2025-0077257;2025-09-24 19:44:03;Failed Delivery;Repeated delivery attempt;Web Form;TRUE
CMP-0005078;SHP-2026-0203144;2026-09-10 18:18:35;Late Delivery;Delivery date repeatedly changed;Web Form;TRUE
CMP-0004667;SHP-2026-0187042;2026-07-30 11:02:54;Late Delivery;Long transit time;Email;TRUE
CMP-0002913;SHP-2025-0114746;2025-12-26 01:54:56;Other;Wrong delivery instructions;Web Form;TRUE
CMP-0002707;SHP-2025-0108525;2025-12-08 16:06:15;Late Delivery;Delivery date repeatedly changed;Phone;TRUE
CMP-0006250;SHP-2026-0245062;2026-12-23 22:03:53;Late Delivery;Long transit time;Email;TRUE
CMP-0003812;SHP-2026-0151098;2026-04-14 21:21:36;Incorrect Delivery;Tracking issue;Phone;TRUE
CMP-0003369;SHP-2026-0132966;2026-03-03 19:34:49;Other;Other;Chat;FALSE
CMP-0002981;SHP-2025-0117175;2025-12-11 02:21:05;Incorrect Delivery;Other;Web Form;TRUE
CMP-0002092;SHP-2025-0084153;2025-10-23 02:59:36;Incorrect Delivery;Tracking issue;Web Form;TRUE
CMP-0001324;SHP-2025-0053589;2025-07-03 14:57:48;Damaged Shipment;Packaging failure;Web Form;TRUE
CMP-0006315;SHP-2026-0247347;2027-01-01 15:26:40;Late Delivery;Delivered after promised date;Email;TRUE
CMP-0002069; SHP-2025-0083390 ;2025-10-21 02:41:26;Failed Delivery;Returned to sender;Email;TRUE
CMP-0000723;SHP-2025-0028901;2025-04-21 17:03:07;Failed Delivery;Customer not available;Chat;TRUE
CMP-0002133;SHP-2025-0085643;2025-10-26 12:32:47;Other;Other;Phone;TRUE
CMP-0000728;SHP-2025-0029144;2025-04-22 17:08:47;Other;Other;Phone;TRUE
CMP-0002562;SHP-2025-0103248;2025-11-17 18:57:32;Late Delivery;Delivered after promised date;Email;TRUE
CMP-0003298;SHP-2026-0129940;2026-01-18 16:48:48;Lost Shipment;Shipment not delivered;Web Form;TRUE
CMP-0005640;SHP-2026-0225226;2026-11-12 10:01:40;Lost Shipment;Declared lost;Web Form;TRUE
CMP-0002201;SHP-2025-0088659;2025-10-09 05:02:31;Late Delivery;Delivery date repeatedly changed;Email;TRUE
CMP-0002433;SHP-2025-0098675;2025-12-05 10:07:25;Late Delivery;Long transit time;Email;TRUE
CMP-0005570;SHP-2026-0222495;2026-12-02 21:06:49;Failed Delivery;Customer not available;Email;TRUE
CMP-0001325;SHP-2025-0053643;2025-06-27 10:43:34;Late Delivery;Long transit time;Email;TRUE
CMP-0003971;SHP-2026-0158168;2026-05-22 05:41:44;Failed Delivery;Repeated delivery attempt;Email;TRUE
CMP-0004278;SHP-2026-0171597;2026-06-14 08:31:48;Failed Delivery;Customer not available;Phone;TRUE
CMP-0004381;SHP-2026-0175664;2026-06-25 11:00:24;Failed Delivery;Repeated delivery attempt;Phone;TRUE
CMP-0003588;SHP-2026-0142093;2026-03-14 06:03:42;Failed Delivery;Customer not available;Phone;TRUE
CMP-0004454;SHP-2026-0178739;2026-07-26 13:53:16;Failed Delivery;Repeated delivery attempt;Email;TRUE
CMP-0004780;SHP-2026-0191667;2026-08-06 12:11:11;Late Delivery;Delivery date repeatedly changed;Phone;TRUE
CMP-0000198;SHP-2025-0007998;2025-02-03 14:43:40;Incorrect Delivery;Wrong delivery instructions;Email;TRUE
CMP-0002844;SHP-2025-0112710;2025-12-28 21:34:44;Damaged Shipment;Packaging failure;Phone;TRUE
CMP-0001333;SHP-2025-0054033;2025-08-03 22:15:08;Late Delivery;Delivered after promised date;Email;TRUE
CMP-0004662;SHP-2026-0186868;2026-07-26 21:33:52;Failed Delivery;Courier did not reach customer;Email;TRUE
CMP-0000988;SHP-2025-0039660;2025-05-16 15:32:43;Late Delivery;Delivered after promised date;Web Form;TRUE
CMP-0005827;SHP-2026-0231750;2026-11-03 19:30:10;Late Delivery;Delivery date repeatedly changed;Phone;FALSE
CMP-0004875;SHP-2026-0195376;2026-09-04 12:48:35;Incorrect Delivery;Wrong delivery instructions;Web Form;TRUE
CMP-0003742;SHP-2026-0148189;2026-04-23 05:43:22;Failed Delivery;Returned to sender;Web Form;TRUE
CMP-0001762;SHP-2025-0070394;2025-08-12 16:47:19;Damaged Shipment;Package damaged;Chat;TRUE
CMP-0001282;SHP-2025-0051682;2025-06-09 21:03:36;Late Delivery;Delivered after promised date;Phone;TRUE
CMP-0003214;SHP-2026-0126581;2026-01-22 12:15:35;Late Delivery;Long transit time;Phone;TRUE
CMP-0003082;SHP-2025-0120531;2026-01-04 12:08:59;Other;Tracking issue;Chat;TRUE
CMP-0005407;SHP-2026-0216237;2026-10-21 08:30:31;Late Delivery;Delivery date repeatedly changed;Email;TRUE
CMP-0005144;SHP-2026-0206685;2026-09-08 19:49:42;Late Delivery;Long transit time;Web Form;FALSE
CMP-0000385;SHP-2025-0015673;2025-02-12 10:55:21;Incorrect Delivery;Tracking issue;Web Form;TRUE
CMP-0001271;SHP-2025-0051116;2025-06-19 22:25:29;Other;Wrong delivery instructions;Web Form;TRUE
CMP-0004396;SHP-2026-0176287;2026-06-29 06:21:46;Failed Delivery;Repeated delivery attempt;Chat;TRUE
CMP-0006282;SHP-2026-0246208;2027-01-01 19:03:57;Late Delivery;Long transit time;Phone;TRUE
CMP-0005409;SHP-2026-0216296;2026-10-31 03:42:06;Failed Delivery;Returned to sender;Phone;TRUE
CMP-0002488;SHP-2025-0100742;2025-12-06 05:25:36;Late Delivery;Delivery date repeatedly changed;Email;TRUE
CMP-0002867;SHP-2025-0113303;2025-12-16 05:44:11;Failed Delivery;Customer not available;Web Form;TRUE
CMP-0003286;SHP-2026-0129390;2026-02-01 21:06:57;Late Delivery;Delivered after promised date;Email;TRUE
CMP-0005707;SHP-2026-0228073;2026-11-19 06:58:59;Late Delivery;Delivered after promised date;Phone;FALSE
CMP-0001654;SHP-2025-0066655;2025-08-28 15:40:23;Failed Delivery;Customer not available;Phone;TRUE
CMP-0003579;SHP-2026-0141201;2026-04-04 18:36:35;Late Delivery;Long transit time;Phone;TRUE
CMP-0001746;SHP-2025-0069865;2025-09-03 12:13:48;Late Delivery;Long transit time;Web Form;TRUE
CMP-0001981;SHP-2025-0080294;2025-09-09 15:01:08;Failed Delivery;Customer not available;Phone;TRUE
CMP-0003753;SHP-2026-0148603;2026-04-28 00:55:50;Late Delivery;Long transit time;Email;TRUE
CMP-0005252;SHP-2026-0210434;2026-11-01 05:28:04;Failed Delivery;Repeated delivery attempt;Chat;TRUE
CMP-0002470;SHP-2025-0099895;2025-11-07 15:30:20;Late Delivery;Delivered after promised date;Phone;TRUE
CMP-0000300;SHP-2025-0012250;2025-02-24 21:03:14;Late Delivery;Long transit time;Email;TRUE
CMP-0005855;SHP-2026-0232849;2026-11-23 20:13:21;Late Delivery;Delivered after promised date;Web Form;TRUE
CMP-0001899;SHP-2025-0075920;2025-09-28 15:58:08;Late Delivery;Long transit time;Email;TRUE
CMP-0001767;SHP-2025-0070647;2025-08-27 20:10:51;Incorrect Delivery;Tracking issue;Chat;TRUE
CMP-0000784;SHP-2025-0031094;2025-04-20 20:05:20;Other;Wrong delivery instructions;Chat;TRUE
CMP-0003793;SHP-2026-0149891;2026-04-09 09:20:46;Incorrect Delivery;Tracking issue;Phone;TRUE
CMP-0002682;SHP-2025-0107969;2026-01-02 06:16:56;Failed Delivery;Repeated delivery attempt;Email;TRUE
CMP-0005000;SHP-2026-0200099;2026-10-01 04:33:38;Failed Delivery;Delivery unsuccessful;Phone;TRUE
CMP-0000877;SHP-2025-0034833;2025-05-23 21:53:41;Other;Other;Phone;TRUE
CMP-0004963;SHP-2026-0198712;2026-09-29 04:06:40;Failed Delivery;Repeated delivery attempt;Web Form;TRUE
CMP-0001218;SHP-2025-0049034;2025-06-25 05:34:19;Damaged Shipment;Contents damaged;Web Form;TRUE
CMP-0003203;SHP-2026-0125995;2026-01-21 10:11:04;Other;Other;Web Form;TRUE
CMP-0000707;SHP-2025-0028380;2025-05-04 19:20:46;Failed Delivery;Customer not available;Email;TRUE
CMP-0002843;SHP-2025-0112611;2025-12-19 22:31:04;Failed Delivery;Courier did not reach customer;Email;TRUE
CMP-0002495;SHP-2025-0100977;2025-11-08 15:44:18;Late Delivery;Delivered after promised date;Chat;TRUE
CMP-0005699;SHP-2026-0227588;2026-12-06 08:09:15;Incorrect Delivery;Other;Phone;TRUE
CMP-0000610;SHP-2025-0024171;2025-04-01 05:14:27;Lost Shipment;Declared lost;Web Form;TRUE
CMP-0001601;SHP-2025-0064833;2025-08-27 06:32:04;Other;Other;Phone;TRUE
CMP-0001153;SHP-2025-0046614;2025-06-22 15:27:39;Damaged Shipment;Packaging failure;Phone;TRUE
CMP-0002204;SHP-2025-0088818;2025-11-05 18:42:38;Failed Delivery;Customer not available;Phone;TRUE
CMP-0000033;SHP-2025-0001528;2025-01-26 08:40:10;Incorrect Delivery;Tracking issue;Web Form;TRUE
CMP-0002026;SHP-2025-0081704;2025-10-06 01:09:23;Failed Delivery;Customer not available;Chat;TRUE
CMP-0006239;SHP-2026-0244848;2026-12-14 17:49:51;Late Delivery;Delivery date repeatedly changed;Web Form;TRUE
CMP-0001700;SHP-2025-0068318;2025-09-06 11:10:06;Other;Tracking issue;Chat;TRUE
CMP-0002489;SHP-2025-0100830;2025-11-23 02:10:35;Late Delivery;Long transit time;Phone;TRUE
CMP-0005449;SHP-2026-0217979;2026-10-14 18:14:29;Late Delivery;Delivery date repeatedly changed;Email;TRUE
CMP-0003165;SHP-2026-0123973;2026-02-01 22:24:39;Other;Wrong delivery instructions;Email;TRUE
CMP-0001440;SHP-2025-0057972;2025-07-12 03:33:58;Late Delivery;Delivery date repeatedly changed;Email;TRUE
CMP-0005735;SHP-2026-0228795;2026-11-18 23:13:56;Failed Delivery;Delivery unsuccessful;Web Form;TRUE
CMP-0002730;SHP-2025-0109166;2025-12-13 05:03:20;Late Delivery;Long transit time;Email;FALSE
CMP-0002601;SHP-2025-0104374;2025-11-28 23:14:59;Incorrect Delivery;Other;Email;TRUE
CMP-0003619;SHP-2026-0143701;2026-04-06 21:52:29;Late Delivery;Delivered after promised date;Web Form;TRUE
CMP-0001753;SHP-2025-0070105;2025-09-05 14:23:44;Late Delivery;Delivery date repeatedly changed;Phone;TRUE
CMP-0005623;SHP-2026-0224680;2026-11-09 10:15:33;Other;Wrong delivery instructions;Email;TRUE
CMP-0000248;SHP-2025-0010282;2025-02-12 02:52:36;Other;Tracking issue;Email;TRUE
CMP-0005450;SHP-2026-0217984;2026-10-20 17:07:49;Incorrect Delivery;Tracking issue;Web Form;TRUE
CMP-0003088;SHP-2025-0120863;2025-12-22 01:05:38;Failed Delivery;Courier did not reach customer;Phone;TRUE
CMP-0004336;SHP-2026-0174289;2026-06-29 02:43:04;Late Delivery;Delivered after promised date;Email;TRUE
CMP-0002599;SHP-2025-0104182;2025-11-20 04:38:30;Lost Shipment;Shipment not delivered;Web Form;TRUE
CMP-0004285;SHP-2026-0171838;2026-06-20 13:48:56;Late Delivery;Delivery date repeatedly changed;Phone;TRUE
CMP-0003947;SHP-2026-0156786;2026-04-09 07:59:35;Other;Wrong delivery instructions;Email;TRUE
CMP-0004646;SHP-2026-0185905;2026-07-31 00:09:02;Failed Delivery;Returned to sender;Chat;TRUE
CMP-0001250;SHP-2025-0050595;2025-06-16 02:41:36;Failed Delivery;Customer not available;Email;TRUE
CMP-0005520;SHP-2026-0220709;2026-11-24 22:11:50;Late Delivery;Delivery date repeatedly changed;Phone;TRUE
CMP-0006189;SHP-2026-0243211;2026-12-17 08:15:38;Late Delivery;Delivery date repeatedly changed;Email;TRUE
CMP-0001902;SHP-2025-0076164;2025-10-01 13:38:33;Failed Delivery;Customer not available;Email;TRUE
CMP-0006185;SHP-2026-0243049;2026-12-10 14:49:38;Failed Delivery;Customer not available;Phone;TRUE
CMP-0003215;SHP-2026-0126604;2026-01-10 23:55:00;Late Delivery;Delivered after promised date;Chat;TRUE
CMP-0005336;SHP-2026-0213729;2026-10-24 10:50:46;Late Delivery;Delivered after promised date;Email;TRUE
CMP-0000223;SHP-2025-0009002;2025-02-28 01:10:53;Other;Other;Chat;TRUE
CMP-0002706;SHP-2025-0108475;2025-12-21 20:36:40;Late Delivery;Delivery date repeatedly changed;Email;TRUE
CMP-0004052;SHP-2026-0161944;2026-05-30 04:06:31;Other;Other;Chat;TRUE
CMP-0005658;SHP-2026-0225894;2026-11-20 02:54:13;Failed Delivery;Courier did not reach customer;Web Form;TRUE
CMP-0003940;SHP-2026-0156273;2026-04-24 04:57:43;Other;Other;Web Form;TRUE
CMP-0006237;SHP-2026-0244710;2026-12-15 14:39:56;Late Delivery;Long transit time;Chat;TRUE
CMP-0002371;SHP-2025-0095890;2025-11-14 21:55:12;Late Delivery;Long transit time;Phone;TRUE
CMP-0004350;SHP-2026-0174692;2026-06-08 16:54:35;Other;Tracking issue;Email;TRUE
CMP-0003665;SHP-2026-0145217;2026-03-25 17:17:23;Late Delivery;Delivered after promised date;Email;TRUE
CMP-0005693;SHP-2026-0227289;2026-11-21 20:16:30;Late Delivery;Long transit time;Web Form;TRUE
CMP-0003407;SHP-2026-0134664;2026-03-04 12:51:25;Other;Other;Email;TRUE
CMP-0005408;SHP-2026-0216281;2026-10-15 20:20:42;Late Delivery;Delivered after promised date;Chat;TRUE
CMP-0003692;SHP-2026-0146303;2026-04-05 07:35:45;Late Delivery;Delivery date repeatedly changed;Email;TRUE
CMP-0004618;SHP-2026-0184853;2026-07-06 07:39:30;Failed Delivery;Customer not available;Email;TRUE
CMP-0002128;SHP-2025-0085510;2025-10-19 13:04:00;Other;Other;Email;TRUE
CMP-0004778;SHP-2026-0191511;2026-09-04 05:14:11;Failed Delivery;Courier did not reach customer;Web Form;TRUE
CMP-0003039;SHP-2025-0119470;2025-12-27 23:45:46;Failed Delivery;Delivery unsuccessful;Phone;TRUE
CMP-0006203;SHP-2026-0243680;2026-12-11 02:40:36;Failed Delivery;Repeated delivery attempt;Email;TRUE
CMP-0003069;SHP-2025-0120181;2025-12-16 14:37:53;Incorrect Delivery;Tracking issue;Email;TRUE
CMP-0003831;SHP-2026-0151651;2026-04-18 02:01:42;Incorrect Delivery;Tracking issue;Email;TRUE
CMP-0005731;SHP-2026-0228568;2026-11-16 22:29:01;Late Delivery;Delivery date repeatedly changed;Chat;TRUE
CMP-0004032;SHP-2026-0160896;2026-05-09 18:30:26;Other;Other;Phone;TRUE
CMP-0002237;SHP-2025-0089998;2025-10-13 05:53:42;Failed Delivery;Repeated delivery attempt;Email;TRUE
CMP-0003090;SHP-2025-0120869;2025-12-19 17:01:45;Late Delivery;Delivery date repeatedly changed;Phone;TRUE
CMP-0003009;SHP-2025-0118233;2025-12-23 15:08:35;Late Delivery;Long transit time;Email;TRUE
CMP-0001996;SHP-2025-0080713;2025-09-06 04:32:14;Late Delivery;Delivered after promised date;Phone;TRUE
CMP-0000568;SHP-2025-0022462;2025-03-23 14:11:40;Incorrect Delivery;Other;Phone;TRUE
CMP-0000736;SHP-2025-0029337;2025-04-20 02:10:05;Incorrect Delivery;Other;Email;TRUE
CMP-0001625;SHP-2025-0065563;2025-08-30 20:33:22;Late Delivery;Delivery date repeatedly changed;Phone;TRUE
CMP-0004288;SHP-2026-0172053;2026-06-30 03:29:55;Incorrect Delivery;Tracking issue;Web Form;TRUE
CMP-0004147;SHP-2026-0165831;2026-05-22 07:20:36;Late Delivery;Long transit time;Web Form;TRUE
CMP-0005797;SHP-2026-0230892;2026-11-12 02:33:47;Failed Delivery;Courier did not reach customer;Email;TRUE
CMP-0005047;SHP-2026-0201829;2026-09-25 07:12:14;Incorrect Delivery;Tracking issue;Email;TRUE
CMP-0005571;SHP-2026-0222507;2026-11-29 15:16:32;Late Delivery;Delivered after promised date;Chat;TRUE
CMP-0002680;SHP-2025-0107785;2025-12-09 22:13:15;Late Delivery;Delivery date repeatedly changed;Email;TRUE
CMP-0005316;SHP-2026-0213226;2026-10-05 11:24:02;Damaged Shipment;Contents damaged;Email;TRUE
CMP-0005848;SHP-2026-0232627;2026-11-17 21:08:42;Other;Other;Phone;TRUE
CMP-0004800;SHP-2026-0191953;2026-08-14 04:14:35;Incorrect Delivery;Wrong delivery instructions;Phone;FALSE
CMP-0000996;SHP-2025-0040033;2026-01-03 08:34:24;Other;Other;Web Form;TRUE
CMP-0005681;SHP-2026-0226729;2026-11-25 07:34:59;Incorrect Delivery;Wrong delivery instructions;Web Form;TRUE
CMP-0002857;SHP-2025-0112979;2025-12-20 06:46:56;Incorrect Delivery;Other;Email;TRUE
CMP-0002901;SHP-2025-0114364;2025-12-18 15:49:10;Late Delivery;Delivery date repeatedly changed;Email;TRUE
CMP-0003257;SHP-2026-0128296;2026-01-20 05:06:25;Lost Shipment;Declared lost;Email;TRUE
CMP-0001403;SHP-2025-0056726;2025-07-16 20:27:02;Failed Delivery;Customer not available;Phone;TRUE
CMP-0004251;SHP-2026-0170610;2026-07-04 06:56:32;Other;Other;Phone;TRUE
CMP-0001443;SHP-2025-0058105;2025-07-28 14:36:07;Incorrect Delivery;Wrong delivery instructions;Web Form;TRUE
CMP-0002113;SHP-2025-0085102;2025-10-08 02:33:57;Incorrect Delivery;Tracking issue;Email;TRUE
CMP-0001682;SHP-2025-0067582;2025-09-06 06:19:25;Late Delivery;Long transit time;Phone;TRUE
CMP-0005850;SHP-2026-0232694;2026-11-22 07:22:13;Late Delivery;Delivery date repeatedly changed;Web Form;TRUE
CMP-0002022;SHP-2025-0081372;2025-09-11 02:24:12;Damaged Shipment;Packaging failure;Web Form;TRUE
CMP-0005351;SHP-2026-0214183;2026-10-15 21:40:07;Late Delivery;Delivered after promised date;Phone;FALSE
CMP-0000796;SHP-2025-0031820;2025-04-12 05:41:49;Late Delivery;Delivered after promised date;Chat;TRUE
CMP-0000790;SHP-2025-0031448;2025-04-14 03:42:49;Other;Other;Phone;FALSE
CMP-0006029;SHP-2026-0238731;2026-12-17 01:48:23;Late Delivery;Delivered after promised date;Web Form;TRUE
CMP-0002854;SHP-2025-0112925;2025-12-16 21:47:55;Incorrect Delivery;Tracking issue;Email;TRUE
CMP-0000891;SHP-2025-0035457;2025-05-22 14:23:57;Incorrect Delivery;Wrong delivery instructions;Chat;TRUE
CMP-0005816;SHP-2026-0231440;2026-11-08 08:15:28;Other;Wrong delivery instructions;Email;TRUE
CMP-0001801;SHP-2025-0071864;2025-08-15 10:34:36;Incorrect Delivery;Tracking issue;Web Form;TRUE
CMP-0002407;SHP-2025-0097802;2025-11-05 16:15:17;Other;Wrong delivery instructions;Phone;TRUE
CMP-0000443;SHP-2025-0017679;2025-04-05 20:52:54;Late Delivery;Long transit time;Web Form;TRUE
CMP-0003242;SHP-2026-0127569;2026-02-01 21:48:53;Failed Delivery;Delivery unsuccessful;Phone;TRUE
CMP-0003132;SHP-2026-0122584;2026-01-29 13:00:48;Other;Other;Phone;TRUE
CMP-0000150;SHP-2025-0006128;2025-01-10 15:59:40;Other;Tracking issue;Phone;TRUE
CMP-0003501;SHP-2026-0138011;2026-02-15 20:41:04;Lost Shipment;Declared lost;Chat;TRUE
CMP-0005326;SHP-2026-0213412;2026-10-23 07:06:38;Lost Shipment;Declared lost;Chat;TRUE
CMP-0005917;SHP-2026-0235106;2026-12-31 22:53:43;Failed Delivery;Repeated delivery attempt;Web Form;TRUE
CMP-0005895;SHP-2026-0234366;2026-12-13 05:22:27;Late Delivery;Long transit time;Phone;TRUE
CMP-0002794;SHP-2025-0111198;2025-12-09 14:41:45;Late Delivery;Long transit time;Phone;FALSE
CMP-0005789;SHP-2026-0230609;2026-11-17 00:12:40;Other;Other;Web Form;TRUE
CMP-0006378;SHP-2026-0249484;2026-12-23 23:35:15;Late Delivery;Delivered after promised date;Email;TRUE
CMP-0003519;SHP-2026-0138769;2026-03-14 03:48:53;Other;Tracking issue;Chat;TRUE
CMP-0004436;SHP-2026-0178191;2026-07-23 19:20:31;Other;Wrong delivery instructions;Web Form;TRUE
CMP-0000685;SHP-2025-0027382;2025-04-08 17:30:44;Failed Delivery;Courier did not reach customer;Web Form;TRUE
CMP-0001526;SHP-2025-0061244;2025-07-07 20:18:50;Incorrect Delivery;Tracking issue;Phone;TRUE
CMP-0003754;SHP-2026-0148610;2026-04-30 05:36:36;Incorrect Delivery;Tracking issue;Chat;TRUE
CMP-0005582;SHP-2026-0222922;2026-11-10 01:04:33;Other;Other;Email;TRUE
CMP-0005900;SHP-2026-0234525;2026-12-18 18:06:35;Other;Wrong delivery instructions;Phone;TRUE
CMP-0003327;SHP-2026-0131212;2026-02-09 11:52:21;Other;Wrong delivery instructions;Chat;TRUE
CMP-0005380;SHP-2026-0215327;2026-01-01 06:04:24;Incorrect Delivery;Tracking issue;Web Form;TRUE
CMP-0000632;SHP-2025-0025091;2025-05-01 18:24:06;Late Delivery;Delivery date repeatedly changed;Email;TRUE
CMP-0001615;SHP-2025-0065209;2025-08-31 00:22:21;Late Delivery;Delivered after promised date;Phone;TRUE
CMP-0002946;SHP-2025-0115809;2025-12-11 13:01:01;Failed Delivery;Courier did not reach customer;Email;FALSE
CMP-0000091;SHP-2025-0003526;2025-02-05 06:48:45;Other;Other;Web Form;TRUE
CMP-0004608;SHP-2026-0184380;2026-07-05 13:44:00;Failed Delivery;Courier did not reach customer;Web Form;TRUE
CMP-0004610;SHP-2026-0184578;2026-07-21 16:45:41;Late Delivery;Long transit time;Phone;TRUE
CMP-0006137;SHP-2026-0241617;2026-12-14 19:41:18;Late Delivery;Delivery date repeatedly changed;Email;TRUE
CMP-0002691;SHP-2025-0108164;2025-12-25 01:06:11;Late Delivery;Delivered after promised date;Phone;TRUE
CMP-0005781;SHP-2026-0230290;2026-11-06 22:00:42;Incorrect Delivery;Tracking issue;Email;TRUE
CMP-0005894;SHP-2026-0234351;2027-01-01 01:30:53;Incorrect Delivery;Other;Web Form;TRUE
CMP-0000547;SHP-2025-0021523;2025-03-26 05:51:22;Incorrect Delivery;Wrong delivery instructions;Phone;TRUE
CMP-0004189;SHP-2026-0167475;2026-05-07 10:14:43;Late Delivery;Delivered after promised date;Phone;TRUE
CMP-0003999;SHP-2026-0159339;2026-06-03 06:14:50;Late Delivery;Delivered after promised date;Web Form;TRUE
CMP-0004421;SHP-2026-0177567;2026-06-10 19:49:50;Incorrect Delivery;Wrong delivery instructions;Email;TRUE
CMP-0001935;SHP-2025-0077482;2025-09-27 06:36:18;Late Delivery;Long transit time;Email;TRUE
CMP-0002293;SHP-2025-0092783;2025-10-29 00:49:17;Other;Tracking issue;Email;TRUE
CMP-0006319;SHP-2026-0247475;2026-12-29 16:47:44;Late Delivery;Long transit time;Web Form;TRUE
CMP-0002163;SHP-2025-0086593;2025-10-24 09:53:54;Failed Delivery;Courier did not reach customer;Email;TRUE
CMP-0000363;SHP-2025-0014561;2025-03-02 05:44:58;Late Delivery;Delivered after promised date;Web Form;TRUE
CMP-0002504;SHP-2025-0101190;2025-11-08 16:08:04;Failed Delivery;Customer not available;Email;TRUE
CMP-0005020;SHP-2026-0200912;2026-09-07 17:14:57;Failed Delivery;Courier did not reach customer;Phone;FALSE
CMP-0001424;SHP-2025-0057595;2025-07-25 06:29:41;Late Delivery;Long transit time;Email;TRUE
CMP-0003764;SHP-2026-0148898;2026-04-23 14:46:18;Incorrect Delivery;Wrong delivery instructions;Email;TRUE
CMP-0004804;SHP-2026-0192244;2026-08-19 20:25:38;Late Delivery;Delivered after promised date;Email;TRUE
CMP-0000068;SHP-2025-0002815;2025-02-05 14:00:26;Late Delivery;Long transit time;Email;FALSE
CMP-0001276;SHP-2025-0051242;2025-06-17 09:16:14;Failed Delivery;Repeated delivery attempt;Web Form;TRUE
CMP-0002570;SHP-2025-0103508;2025-11-26 19:40:25;Late Delivery;Long transit time;Chat;TRUE
CMP-0004062;SHP-2026-0162243;2026-05-30 11:28:57;Incorrect Delivery;Other;Phone;TRUE
CMP-0000676;SHP-2025-0027106;2025-04-08 03:58:19;Failed Delivery;Repeated delivery attempt;Email;TRUE
CMP-0002921;SHP-2025-0115096;2025-12-30 22:33:55;Failed Delivery;Courier did not reach customer;Email;TRUE
CMP-0002078;SHP-2025-0083712;2025-10-29 20:54:23;Other;Tracking issue;Email;TRUE
CMP-0002952;SHP-2025-0116071;2025-12-10 01:01:07;Other;Tracking issue;Email;TRUE
CMP-0003081;SHP-2025-0120494;2025-12-19 23:57:28;Late Delivery;Long transit time;Phone;TRUE
CMP-0005743;SHP-2026-0229126;2026-11-03 23:22:46;Late Delivery;Long transit time;Web Form;TRUE
CMP-0001340;SHP-2025-0054255;2025-07-30 11:21:31;Other;Tracking issue;Phone;TRUE
CMP-0002977;SHP-2025-0117037;2025-12-19 06:30:22;Late Delivery;Delivered after promised date;Email;TRUE
CMP-0001166;SHP-2025-0047228;2025-06-20 21:29:05;Lost Shipment;Declared lost;Web Form;TRUE
CMP-0002521;SHP-2025-0101747;2025-11-29 03:40:15;Failed Delivery;Courier did not reach customer;Chat;TRUE
CMP-0005245;SHP-2026-0210138;2026-10-07 14:36:11;Late Delivery;Delivery date repeatedly changed;Web Form;TRUE
CMP-0005350;SHP-2026-0214175;2026-10-14 18:53:46;Failed Delivery;Repeated delivery attempt;Email;TRUE
CMP-0000935;SHP-2025-0037015;2025-05-31 02:17:59;Failed Delivery;Returned to sender;Phone;TRUE
CMP-0001634;SHP-2025-0065907;2025-08-16 17:17:26;Late Delivery;Delivery date repeatedly changed;Phone;TRUE
CMP-0001945;SHP-2025-0077995;2025-10-04 18:46:48;Other;Other;Web Form;TRUE
CMP-0002971;SHP-2025-0116902;2026-01-02 07:17:05;Late Delivery;Delivery date repeatedly changed;Email;TRUE
CMP-0005705;SHP-2026-0228026;2026-11-15 05:49:13;Failed Delivery;Courier did not reach customer;Web Form;TRUE
CMP-0001176;SHP-2025-0047369;2025-06-16 07:38:59;Incorrect Delivery;Other;Chat;FALSE
CMP-0000250;SHP-2025-0010347;2025-02-10 12:12:55;Other;Wrong delivery instructions;Email;TRUE
CMP-0002320;SHP-2025-0093889;2025-11-23 23:53:46;Other;Tracking issue;Email;TRUE
CMP-0005831;SHP-2026-0231925;2026-12-05 16:44:32;Failed Delivery;Returned to sender;Phone;TRUE
CMP-0001212;SHP-2025-0048905;2025-07-03 05:14:03;Incorrect Delivery;Tracking issue;Web Form;TRUE
CMP-0004974;SHP-2026-0199177;2026-09-08 04:59:26;Other;Other;Phone;TRUE
CMP-0002380;SHP-2025-0096103;2025-11-14 05:06:45;Failed Delivery;Customer not available;Web Form;TRUE
CMP-0000951;SHP-2025-0037873;2025-06-06 09:57:36;Late Delivery;Delivered after promised date;Phone;FALSE
CMP-0002519;SHP-2025-0101676;2025-11-24 20:25:24;Incorrect Delivery;Tracking issue;Email;TRUE
CMP-0000358;SHP-2025-0014404;2025-02-23 03:45:06;Failed Delivery;Delivery unsuccessful;Phone;TRUE
CMP-0000262;SHP-2025-0010897;2025-02-17 00:48:45;Late Delivery;Delivered after promised date;Email;TRUE
CMP-0006321;SHP-2026-0247511;2026-12-09 01:39:41;Incorrect Delivery;Tracking issue;Email;TRUE
CMP-0001975;SHP-2025-0079852;2025-09-10 18:02:19;Late Delivery;Delivery date repeatedly changed;Phone;TRUE
CMP-0002683;SHP-2025-0107978;2025-12-16 04:28:56;Late Delivery;Delivered after promised date;Chat;TRUE
CMP-0001482;SHP-2025-0059640;2025-07-30 12:43:51;Late Delivery;Delivery date repeatedly changed;Email;TRUE
CMP-0003962;SHP-2026-0157733;2026-05-10 22:08:34;Other;Tracking issue;Web Form;TRUE
CMP-0004857;SHP-2026-0194657;2026-08-25 14:57:32;Late Delivery;Long transit time;Chat;TRUE
CMP-0005750;SHP-2026-0229390;2026-11-21 15:22:17;Failed Delivery;Customer not available;Phone;TRUE
CMP-0005300;SHP-2026-0212672;2026-11-04 06:55:48;Failed Delivery;Repeated delivery attempt;Phone;TRUE
CMP-0001774;SHP-2025-0070800;2025-08-26 01:23:49;Late Delivery;Delivered after promised date;Email;TRUE
CMP-0003201;SHP-2026-0125932;2026-02-05 04:26:56;Late Delivery;Delivered after promised date;Phone;TRUE
CMP-0005514;SHP-2026-0220494;2026-10-16 15:40:37;Late Delivery;Delivered after promised date;Phone;TRUE
CMP-0000998;SHP-2025-0040157;2025-05-06 00:15:48;Incorrect Delivery;Other;Web Form;TRUE
CMP-0002224;SHP-2025-0089571;2025-10-20 14:05:30;Late Delivery;Delivery date repeatedly changed;Chat;TRUE
CMP-0003954;SHP-2026-0157287;2026-04-27 16:46:30;Incorrect Delivery;Other;Phone;TRUE
CMP-0001685;SHP-2025-0067613;2025-08-12 23:26:08;Late Delivery;Delivery date repeatedly changed;Phone;TRUE
CMP-0004008;SHP-2026-0160166;2026-05-23 19:18:37;Late Delivery;Delivered after promised date;Email;TRUE
CMP-0001362;SHP-2025-0054816;2025-07-12 18:57:23;Other;Wrong delivery instructions;Web Form;TRUE
CMP-0004893;SHP-2026-0196148;2026-09-03 16:25:28;Late Delivery;Delivered after promised date;Phone;TRUE
CMP-0004906;SHP-2026-0196380;2026-08-28 01:26:17;Late Delivery;Delivery date repeatedly changed;Email;TRUE
CMP-0003119;SHP-2026-0121828;2026-01-23 16:34:05;Incorrect Delivery;Tracking issue;Email;TRUE
CMP-0002565;SHP-2025-0103346;2025-11-17 21:14:33;Late Delivery;Delivered after promised date;Phone;TRUE
CMP-0006252;SHP-2026-0245122;2026-12-27 18:42:15;Late Delivery;Delivered after promised date;Phone;TRUE
CMP-0002740;SHP-2025-0109578;2025-12-31 19:05:18;Late Delivery;Delivery date repeatedly changed;Phone;TRUE
CMP-0000826;SHP-2025-0032778;2025-05-06 21:16:44;Incorrect Delivery;Wrong delivery instructions;Web Form;TRUE
CMP-0000677;SHP-2025-0027106;2025-04-09 11:23:33;Late Delivery;Delivered after promised date;Web Form;TRUE
CMP-0003559;SHP-2026-0140326;2026-03-09 23:46:52;Failed Delivery;Courier did not reach customer;Web Form;TRUE
CMP-0005603;SHP-2026-0223706;2026-12-01 20:42:00;Failed Delivery;Courier did not reach customer;Chat;TRUE
CMP-0002588;SHP-2025-0103838;2025-11-11 09:11:46;Damaged Shipment;Contents damaged;Web Form;TRUE
CMP-0000412;SHP-2025-0016415;2025-03-21 13:22:50;Failed Delivery;Courier did not reach customer;Phone;TRUE
CMP-0001862;SHP-2025-0074401;2025-10-03 09:13:52;Late Delivery;Delivered after promised date;Email;TRUE
CMP-0004856;SHP-2026-0194639;2026-08-09 09:44:50;Late Delivery;Delivered after promised date;Web Form;TRUE
CMP-0003484;SHP-2026-0137347;2026-02-08 16:32:31;Other;Tracking issue;Phone;TRUE
CMP-0005190;SHP-2026-0208341;2026-09-13 04:55:20;Late Delivery;Long transit time;Phone;TRUE
CMP-0000028;SHP-2025-0001349;2025-01-06 22:39:31;Other;Other;Web Form;TRUE
CMP-0000117;SHP-2025-0004760;2025-01-08 03:09:41;Incorrect Delivery;Other;Chat;TRUE
CMP-0004162;SHP-2026-0166437;2026-05-19 08:59:37;Failed Delivery;Courier did not reach customer;Phone;TRUE
CMP-0004841;SHP-2026-0194008;2026-08-22 22:24:13;Late Delivery;Delivery date repeatedly changed;Email;TRUE
CMP-0003650;SHP-2026-0144822;2026-03-09 15:25:10;Incorrect Delivery;Tracking issue;Chat;TRUE
CMP-0004077;SHP-2026-0162770;2026-05-19 11:04:25;Late Delivery;Delivery date repeatedly changed;Email;TRUE
CMP-0002477;SHP-2025-0100387;2025-11-23 17:45:01;Late Delivery;Delivered after promised date;Web Form;TRUE
CMP-0001330;SHP-2025-0053907;2025-07-10 22:36:49;Incorrect Delivery;Tracking issue;Web Form;TRUE
CMP-0000717;SHP-2025-0028732;2025-04-07 16:51:49;Incorrect Delivery;Wrong delivery instructions;Email;TRUE
CMP-0004492;SHP-2026-0179887;2026-07-11 08:50:20;Late Delivery;Long transit time;Email;FALSE
CMP-0002825;SHP-2025-0112130;2025-12-29 10:12:45;Incorrect Delivery;Other;Web Form;TRUE
CMP-0005802;SHP-2026-0230999;2026-11-28 05:32:10;Other;Other;Email;TRUE
CMP-0001221;SHP-2025-0049120;2025-06-21 22:53:12;Late Delivery;Delivered after promised date;Web Form;TRUE
CMP-0000616;SHP-2025-0024339;2025-03-16 22:27:56;Late Delivery;Delivered after promised date;Web Form;TRUE
CMP-0005069;SHP-2026-0202692;2026-09-26 10:13:23;Other;Other;Phone;TRUE
CMP-0001747;SHP-2025-0069912;2025-08-22 22:35:55;Late Delivery;Delivery date repeatedly changed;Phone;TRUE
CMP-0000042;SHP-2025-0001786;2025-01-11 00:49:43;Late Delivery;Delivered after promised date;Web Form;TRUE
CMP-0004173;SHP-2026-0166831;2026-05-25 10:42:57;Failed Delivery;Courier did not reach customer;Email;FALSE
CMP-0006002;SHP-2026-0237929;2026-12-23 05:58:21;Late Delivery;Delivered after promised date;Chat;TRUE
CMP-0006179;SHP-2026-0242796;2026-12-13 04:58:49;Late Delivery;Delivered after promised date;Web Form;TRUE
CMP-0001515;SHP-2025-0060784;2025-07-03 01:40:51;Incorrect Delivery;Tracking issue;Phone;TRUE
CMP-0000350;SHP-2025-0014278;2025-03-02 22:39:41;Failed Delivery;Customer not available;Web Form;TRUE
CMP-0002842;SHP-2025-0112589;2025-12-23 12:07:58;Failed Delivery;Customer not available;Web Form;TRUE
CMP-0001089;SHP-2025-0043963;2025-06-27 21:10:49;Late Delivery;Long transit time;Web Form;TRUE
CMP-0004145;SHP-2026-0165766;2026-05-14 13:30:53;Other;Tracking issue;Web Form;TRUE
CMP-0001144;SHP-2025-0046390;2025-06-09 00:54:05;Late Delivery;Long transit time;Email;TRUE
CMP-0004609;SHP-2026-0184426;2026-07-06 22:33:26;Other;Wrong delivery instructions;Web Form;TRUE
CMP-0001097;SHP-2025-0044240;2025-06-17 03:37:21;Late Delivery;Long transit time;Email;TRUE
CMP-0000285;SHP-2025-0011711;2025-02-05 08:39:51;Lost Shipment;Declared lost;Email;TRUE
CMP-0002456;SHP-2025-0099280;2025-12-04 21:32:12;Late Delivery;Delivered after promised date;Web Form;TRUE
CMP-0000701;SHP-2025-0028123;2025-04-10 00:16:21;Incorrect Delivery;Wrong delivery instructions;Phone;TRUE
CMP-0005447;SHP-2026-0217817;2026-10-26 20:38:40;Failed Delivery;Courier did not reach customer;Chat;TRUE
CMP-0001739;SHP-2025-0069629;2025-08-20 16:15:41;Incorrect Delivery;Wrong delivery instructions;Phone;TRUE
CMP-0001085;SHP-2025-0043715;2025-05-14 00:31:22;Other;Wrong delivery instructions;Phone;TRUE
CMP-0003781;SHP-2026-0149402;2026-04-19 05:06:48;Late Delivery;Long transit time;Web Form;TRUE
CMP-0002355;SHP-2025-0095086;2025-11-26 23:11:23;Failed Delivery;Returned to sender;Phone;TRUE
CMP-0001312;SHP-2025-0052795;2025-06-14 09:59:23;Other;Other;Web Form;TRUE
CMP-0002347;SHP-2025-0094826;2025-11-21 09:42:20;Incorrect Delivery;Tracking issue;Web Form;TRUE
CMP-0005815;SHP-2026-0231371;2026-12-05 03:38:29;Late Delivery;Delivered after promised date;Phone;TRUE
CMP-0002418;SHP-2025-0098166;2025-11-05 19:14:00;Late Delivery;Delivery date repeatedly changed;Email;TRUE
CMP-0003978;SHP-2026-0158524;2026-06-01 11:32:32;Incorrect Delivery;Tracking issue;Email;TRUE
CMP-0003946;SHP-2026-0156706;2026-04-19 01:17:15;Failed Delivery;Courier did not reach customer;Web Form;TRUE
CMP-0005295;SHP-2026-0212340;2026-10-17 10:37:13;Late Delivery;Long transit time;Phone;TRUE
CMP-0004692;SHP-2026-0188027;2026-07-06 09:15:32;Other;Tracking issue;Email;TRUE
CMP-0002287;SHP-2025-0092289;2025-10-23 05:56:19;Failed Delivery;Delivery unsuccessful;Phone;TRUE
CMP-0002130;SHP-2025-0085547;2025-11-04 13:07:27;Late Delivery;Delivered after promised date;Email;TRUE
CMP-0000409;SHP-2025-0016335;2025-03-20 23:39:49;Late Delivery;Delivered after promised date;Phone;TRUE
CMP-0002428;SHP-2025-0098598;2025-11-11 18:13:52;Other;Wrong delivery instructions;Web Form;TRUE
CMP-0004011;SHP-2026-0160285;2026-05-18 02:35:03;Late Delivery;Delivered after promised date;Web Form;TRUE
CMP-0005576;SHP-2026-0222611;2026-12-05 00:08:35;Late Delivery;Delivered after promised date;Phone;TRUE
CMP-0004843;SHP-2026-0194151;2026-08-25 00:40:29;Late Delivery;Delivery date repeatedly changed;Phone;FALSE
CMP-0005716;SHP-2026-0228217;2026-11-17 02:15:54;Other;Other;Web Form;TRUE
CMP-0002966;SHP-2025-0116640;2026-01-02 15:05:53;Late Delivery;Delivered after promised date;Web Form;TRUE
CMP-0003792;SHP-2026-0149769;2026-04-25 11:02:04;Late Delivery;Delivered after promised date;Email;TRUE
CMP-0000943;SHP-2025-0037507;2025-06-04 04:01:19;Incorrect Delivery;Wrong delivery instructions;Chat;TRUE
CMP-0005367;SHP-2026-0214797;2026-10-02 19:28:40;Incorrect Delivery;Tracking issue;Phone;TRUE
CMP-0003746;SHP-2026-0148373;2026-05-04 03:31:06;Late Delivery;Delivered after promised date;Chat;FALSE
CMP-0005254;SHP-2026-0210599;2026-10-14 12:49:36;Late Delivery;Delivery date repeatedly changed;Email;TRUE
CMP-0001613;SHP-2025-0065188;2025-08-28 23:25:30;Incorrect Delivery;Tracking issue;Email;TRUE
CMP-0000975;SHP-2025-0039058;2025-06-05 13:28:37;Late Delivery;Delivered after promised date;Phone;TRUE
CMP-0004143;SHP-2026-0165679;2026-05-05 16:04:53;Incorrect Delivery;Wrong delivery instructions;Phone;TRUE
CMP-0002866;SHP-2025-0113303;2025-12-16 21:57:48;Failed Delivery;Repeated delivery attempt;Phone;TRUE
CMP-0003557;SHP-2026-0140323;2026-03-15 11:36:59;Late Delivery;Delivered after promised date;Chat;TRUE
CMP-0004951;SHP-2026-0198277;2026-09-19 00:58:00;Failed Delivery;Repeated delivery attempt;Phone;TRUE
CMP-0003770;SHP-2026-0149062;2026-04-12 17:22:59;Failed Delivery;Customer not available;Phone;FALSE
CMP-0005722;SHP-2026-0228358;2026-11-27 17:17:08;Failed Delivery;Customer not available;Email;TRUE
CMP-0003364;SHP-2026-0132852;2026-02-20 00:02:27;Late Delivery;Delivered after promised date;Phone;TRUE
CMP-0005817;SHP-2026-0231456;2026-11-02 04:31:13;Failed Delivery;Returned to sender;Web Form;TRUE
CMP-0002448;SHP-2025-0099043;2025-12-08 20:39:30;Late Delivery;Delivery date repeatedly changed;Phone;TRUE
CMP-0001093;SHP-2025-0044075;2025-07-05 09:34:45;Late Delivery;Delivery date repeatedly changed;Phone;TRUE
CMP-0004030;SHP-2026-0160867;2026-05-10 21:02:19;Incorrect Delivery;Wrong delivery instructions;Web Form;TRUE
CMP-0004406;SHP-2026-0176855;2026-06-05 04:20:27;Damaged Shipment;Package damaged;Web Form;TRUE
CMP-0001446;SHP-2025-0058199;2025-07-11 06:54:27;Late Delivery;Delivered after promised date;Chat;TRUE
CMP-0001064;SHP-2025-0042815;2025-05-14 21:48:45;Other;Tracking issue;Email;TRUE
CMP-0006048;SHP-2026-0239312;2026-12-27 12:29:42;Failed Delivery;Returned to sender;Phone;TRUE
CMP-0003925;SHP-2026-0155579;2026-05-03 03:55:08;Late Delivery;Delivery date repeatedly changed;Web Form;TRUE
CMP-0004152;SHP-2026-0165965;2026-05-22 20:38:54;Late Delivery;Long transit time;Email;TRUE
CMP-0001636;SHP-2025-0066033;2025-08-27 07:36:37;Late Delivery;Delivered after promised date;Phone;TRUE
CMP-0005872;SHP-2026-0233387;2026-11-13 00:53:25;Late Delivery;Long transit time;Chat;TRUE
CMP-0003313;SHP-2026-0130601;2026-02-19 14:09:56;Other;Tracking issue;Web Form;TRUE
CMP-0003161;SHP-2026-0123813;2026-01-11 10:40:36;Late Delivery;Delivered after promised date;Phone;TRUE
CMP-0003108;SHP-2025-0121297;2025-12-25 10:33:19;Late Delivery;Delivered after promised date;Chat;TRUE
CMP-0003898;SHP-2026-0154664;2026-04-10 01:01:53;Failed Delivery;Customer not available;Chat;TRUE
CMP-0006086;SHP-2026-0240423;2026-12-12 07:07:39;Other;Other;Email;TRUE
CMP-0006224;SHP-2026-0244393;2026-12-13 05:00:58;Late Delivery;Delivered after promised date;Email;TRUE
CMP-0003894;SHP-2026-0154365;2026-04-27 17:52:06;Incorrect Delivery;Tracking issue;Phone;TRUE
CMP-0001829;SHP-2025-0072834;2025-09-23 13:49:18;Incorrect Delivery;Tracking issue;Phone;TRUE
CMP-0001530;SHP-2025-0061449;2025-07-12 02:39:44;Failed Delivery;Repeated delivery attempt;Phone;TRUE
CMP-0000035;SHP-2025-0001611;2025-01-09 01:27:09;Other;Tracking issue;Email;TRUE
CMP-0003260;SHP-2026-0128542;2026-02-09 12:20:15;Late Delivery;Delivery date repeatedly changed;Web Form;TRUE
CMP-0004983;SHP-2026-0199536;2026-10-05 02:52:06;Incorrect Delivery;Other;Web Form;TRUE
CMP-0000992;SHP-2025-0039872;2025-05-24 20:00:27;Incorrect Delivery;Other;Chat;TRUE
CMP-0005448;SHP-2026-0217966;2026-10-13 17:01:28;Other;Wrong delivery instructions;Email;TRUE
CMP-0001997;SHP-2025-0080734;2025-09-11 13:41:35;Failed Delivery;Customer not available;Phone;TRUE
CMP-0005949;SHP-2026-0236056;2026-12-20 07:32:16;Late Delivery;Long transit time;Chat;TRUE
CMP-0000819;SHP-2025-0032414;2025-04-16 22:37:46;Incorrect Delivery;Other;Email;TRUE
CMP-0002667;SHP-2025-0107334;2025-12-13 11:56:00;Damaged Shipment;Package damaged;Email;TRUE
CMP-0001284;SHP-2025-0051748;2025-06-23 21:45:09;Incorrect Delivery;Wrong delivery instructions;Web Form;TRUE
CMP-0006163;SHP-2026-0242358;2026-12-21 20:58:32;Late Delivery;Long transit time;Email;TRUE
CMP-0002326;SHP-2025-0094207;2025-11-20 18:12:30;Incorrect Delivery;Other;Web Form;TRUE
CMP-0001959;SHP-2025-0078874;2025-09-21 08:59:12;Failed Delivery;Repeated delivery attempt;Phone;TRUE
CMP-0001063;SHP-2025-0042794;2025-06-07 17:36:35;Late Delivery;Delivery date repeatedly changed;Phone;TRUE
CMP-0005046;SHP-2026-0201812;2026-09-30 06:54:17;Other;Wrong delivery instructions;Web Form;TRUE
CMP-0004297;SHP-2026-0172602;2026-06-23 03:58:33;Late Delivery;Long transit time;Chat;TRUE
CMP-0002170;SHP-2025-0086728;2025-11-01 07:36:51;Incorrect Delivery;Wrong delivery instructions;Web Form;TRUE
CMP-0000301;SHP-2025-0012285;2025-02-08 15:51:45;Late Delivery;Delivery date repeatedly changed;Web Form;TRUE
CMP-0001810;SHP-2025-0072207;2025-08-12 23:57:35;Incorrect Delivery;Tracking issue;Phone;TRUE
CMP-0002244;SHP-2025-0090328;2025-10-08 16:29:06;Late Delivery;Delivery date repeatedly changed;Web Form;FALSE
CMP-0002625;SHP-2025-0105336;2025-12-03 09:47:46;Incorrect Delivery;Tracking issue;Email;TRUE
CMP-0004320;SHP-2026-0173688;2026-07-06 23:11:06;Late Delivery;Long transit time;Email;TRUE
CMP-0004830;SHP-2026-0193618;2026-08-31 12:28:12;Other;Other;Web Form;TRUE
CMP-0001847;SHP-2025-0073332;2025-09-24 03:39:26;Incorrect Delivery;Wrong delivery instructions;Web Form;FALSE
CMP-0000901;SHP-2025-0035819;2025-05-12 13:24:45;Late Delivery;Long transit time;Email;TRUE
CMP-0006288;SHP-2026-0246386;2027-01-03 03:19:32;Late Delivery;Long transit time;Phone;TRUE
CMP-0003535;SHP-2026-0139169;2026-03-07 06:33:03;Incorrect Delivery;Other;Chat;TRUE
CMP-0001243;SHP-2025-0050318;2025-06-29 14:53:19;Late Delivery;Long transit time;Web Form;TRUE
CMP-0000088;SHP-2025-0003468;2025-01-06 13:12:51;Failed Delivery;Delivery unsuccessful;Email;TRUE
CMP-0001431;SHP-2025-0057799;2025-07-31 13:51:19;Late Delivery;Delivered after promised date;Phone;TRUE
CMP-0000791;SHP-2025-0031472;2025-04-14 17:50:00;Late Delivery;Long transit time;Phone;TRUE
CMP-0004516;SHP-2026-0180608;2026-08-06 16:52:56;Failed Delivery;Courier did not reach customer;Email;TRUE
CMP-0004910;SHP-2026-0196564;2026-09-05 19:08:55;Late Delivery;Delivered after promised date;Email;TRUE
CMP-0004806;SHP-2026-0192313;2026-09-05 06:44:05;Other;Tracking issue;Email;TRUE
CMP-0002328;SHP-2025-0094267;2025-11-23 23:38:59;Other;Tracking issue;Web Form;TRUE
CMP-0004541;SHP-2026-0181785;2026-07-31 03:06:37;Other;Wrong delivery instructions;Phone;TRUE
CMP-0004215;SHP-2026-0168854;2026-06-22 02:29:35;Late Delivery;Delivery date repeatedly changed;Phone;TRUE
CMP-0005664;SHP-2026-0226119;2026-11-21 12:52:44;Other;Other;Web Form;TRUE
CMP-0002976;SHP-2025-0117037;2025-12-20 05:07:55;Late Delivery;Delivery date repeatedly changed;Email;TRUE
CMP-0001884;SHP-2025-0075221;2025-09-23 14:00:14;Incorrect Delivery;Tracking issue;Web Form;TRUE
CMP-0003718;SHP-2026-0147386;2026-03-18 12:16:26;Other;Other;Phone;TRUE
CMP-0003662;SHP-2026-0145151;2026-03-17 12:21:23;Incorrect Delivery;Wrong delivery instructions;Email;TRUE
CMP-0001560;SHP-2025-0063179;2025-07-29 12:12:26;Other;Wrong delivery instructions;Phone;TRUE
CMP-0001122;SHP-2025-0045608;2025-06-08 04:27:52;Late Delivery;Delivery date repeatedly changed;Phone;TRUE
CMP-0002284;SHP-2025-0092220;2025-11-05 05:50:06;Failed Delivery;Delivery unsuccessful;Phone;TRUE
CMP-0006279;SHP-2026-0246123;2027-01-06 15:17:39;Late Delivery;Long transit time;Email;TRUE
CMP-0005305;SHP-2026-0212908;2026-10-19 10:31:32;Incorrect Delivery;Tracking issue;Phone;TRUE
CMP-0000419;SHP-2025-0016781;2025-03-21 12:22:52;Incorrect Delivery;Wrong delivery instructions;Email;TRUE
CMP-0000322;SHP-2025-0013120;2025-02-14 09:08:12;Late Delivery;Long transit time;Chat;TRUE
CMP-0001896;SHP-2025-0075790;2025-09-14 00:22:45;Other;Tracking issue;Phone;TRUE
CMP-0000791;SHP-2025-0031472;2025-04-14 17:50:00;Late Delivery;Long transit time;Phone;TRUE
CMP-0004204;SHP-2026-0168271;2026-06-04 03:21:53;Failed Delivery;Delivery unsuccessful;Phone;TRUE
CMP-0001657;SHP-2025-0066792;2025-08-15 10:45:42;Incorrect Delivery;Tracking issue;Web Form;TRUE
CMP-0003387;SHP-2026-0133550;2026-02-25 02:01:56;Late Delivery;Long transit time;Phone;TRUE
CMP-0004132;SHP-2026-0165235;2026-05-30 17:11:21;Failed Delivery;Delivery unsuccessful;Phone;TRUE
CMP-0003904;SHP-2026-0154851;2026-04-08 14:54:01;Failed Delivery;Customer not available;Web Form;TRUE
CMP-0003840;SHP-2026-0151960;2026-04-23 00:51:10;Late Delivery;Delivery date repeatedly changed;Email;TRUE
CMP-0005201;SHP-2026-0208542;2026-09-07 00:41:50;Incorrect Delivery;Other;Email;TRUE
CMP-0002744;SHP-2025-0109726;2025-12-25 14:01:25;Other;Tracking issue;Email;TRUE
CMP-0001552;SHP-2025-0062488;2025-07-06 13:23:32;Late Delivery;Long transit time;Phone;TRUE
CMP-0005554;SHP-2026-0221989;2026-11-16 15:10:22;Other;Wrong delivery instructions;Phone;TRUE
CMP-0002911;SHP-2025-0114613;2025-12-08 12:45:40;Other;Wrong delivery instructions;Web Form;TRUE
CMP-0002492;SHP-2025-0100905;2025-11-15 23:16:25;Late Delivery;Delivered after promised date;Phone;TRUE
CMP-0002403;SHP-2025-0097431;2025-11-26 00:34:05;Late Delivery;Delivered after promised date;Phone;TRUE
CMP-0003061;SHP-2025-0119997;2025-12-10 23:40:22;Late Delivery;Delivered after promised date;Phone;TRUE
CMP-0004905;SHP-2026-0196363;2026-08-09 14:52:15;Damaged Shipment;Package damaged;Web Form;TRUE
CMP-0003892;SHP-2026-0154296;2026-04-09 01:59:32;Late Delivery;Delivered after promised date;Phone;TRUE
CMP-0006093;SHP-2026-0240550;2026-12-28 16:16:47;Late Delivery;Long transit time;Phone;TRUE
CMP-0004907;SHP-2026-0196395;2026-08-12 20:07:22;Late Delivery;Delivery date repeatedly changed;Chat;TRUE
CMP-0000185;SHP-2025-0007507;2025-02-03 13:32:19;Other;Other;Email;TRUE
CMP-0001740;SHP-2025-0069672;2025-09-01 16:55:44;Late Delivery;Delivered after promised date;Web Form;TRUE
CMP-0002989;SHP-2025-0117600;2025-12-25 03:47:17;Other;Other;Chat;TRUE
CMP-0002861;SHP-2025-0113012;2026-01-05 04:16:33;Late Delivery;Delivered after promised date;Email;TRUE
CMP-0003766;SHP-2026-0148927;2026-04-27 02:59:56;Late Delivery;Long transit time;Phone;FALSE
CMP-0005825;SHP-2026-0231739;2026-11-19 22:59:31;Other;Wrong delivery instructions;Web Form;TRUE
CMP-0004809;SHP-2026-0192403;2026-08-19 02:14:52;Late Delivery;Delivery date repeatedly changed;Web Form;TRUE
CMP-0006044;SHP-2026-0239219;2026-12-09 20:30:06;Incorrect Delivery;Tracking issue;Phone;TRUE
CMP-0002573;SHP-2025-0103559;2025-11-14 21:24:23;Late Delivery;Delivered after promised date;Email;TRUE
CMP-0004647;SHP-2026-0185905;2026-08-01 01:58:05;Failed Delivery;Returned to sender;Web Form;TRUE
CMP-0004654;SHP-2026-0186088;2026-07-17 19:17:34;Damaged Shipment;Package damaged;Phone;TRUE
CMP-0005150;SHP-2026-0206824;2026-09-12 16:12:09;Late Delivery;Delivered after promised date;Web Form;TRUE
CMP-0004598;SHP-2026-0183888;2026-07-14 05:28:47;Failed Delivery;Courier did not reach customer;Chat;TRUE
CMP-0002202;SHP-2025-0088672;2025-10-15 10:32:05;Incorrect Delivery;Tracking issue;Web Form;TRUE
CMP-0003266;SHP-2026-0128982;2026-01-15 07:01:21;Late Delivery;Long transit time;Phone;FALSE
CMP-0001894;SHP-2025-0075648;2025-10-04 07:00:12;Late Delivery;Long transit time;Web Form;FALSE
CMP-0003087;SHP-2025-0120848;2025-12-12 18:25:27;Other;Tracking issue;Chat;TRUE
CMP-0006099;SHP-2026-0240671;2026-12-12 04:09:37;Late Delivery;Long transit time;Chat;TRUE
CMP-0003844;SHP-2026-0152079;2026-05-03 01:10:13;Incorrect Delivery;Other;Phone;TRUE
CMP-0000970;SHP-2025-0038893;2025-05-21 21:55:34;Other;Tracking issue;Email;TRUE
CMP-0005652;SHP-2026-0225619;2026-12-05 02:08:05;Failed Delivery;Customer not available;Phone;TRUE
CMP-0001456;SHP-2025-0058740;2025-08-02 21:48:00;Late Delivery;Delivery date repeatedly changed;Web Form;TRUE
CMP-0004141;SHP-2026-0165654;2026-05-20 11:42:09;Failed Delivery;Customer not available;Email;TRUE
CMP-0004326;SHP-2026-0173822;2026-07-04 11:25:02;Late Delivery;Delivered after promised date;Phone;TRUE
CMP-0004810;SHP-2026-0192427;2026-08-15 23:46:26;Late Delivery;Delivered after promised date;Web Form;TRUE
CMP-0000696;SHP-2025-0027884;2025-04-24 09:19:51;Late Delivery;Delivery date repeatedly changed;Chat;TRUE
CMP-0002281;SHP-2025-0092134;2025-10-05 08:58:45;Other;Other;Email;TRUE
CMP-0005430;SHP-2026-0217193;2026-11-01 02:22:31;Other;Other;Web Form;TRUE
CMP-0004160;SHP-2026-0166232;2026-05-10 01:02:49;Other;Wrong delivery instructions;Web Form;TRUE
CMP-0001878;SHP-2025-0074957;2025-09-21 03:45:13;Failed Delivery;Customer not available;Phone;TRUE
CMP-0003760;SHP-2026-0148782;2026-05-01 05:53:46;Lost Shipment;Shipment not delivered;Web Form;TRUE
CMP-0006196;SHP-2026-0243455;2026-12-23 19:34:22;Failed Delivery;Repeated delivery attempt;Phone;TRUE
CMP-0005362; SHP-2026-0214555 ;2026-10-25 04:04:45;Incorrect Delivery;Other;Phone;TRUE
CMP-0000365;SHP-2025-0014640;2025-03-03 07:46:46;Late Delivery;Long transit time;Email;TRUE
CMP-0006342;SHP-2026-0248288;2026-12-12 18:26:59;Incorrect Delivery;Wrong delivery instructions;Phone;TRUE
CMP-0003238;SHP-2026-0127307;2026-01-27 15:02:20;Damaged Shipment;Contents damaged;Chat;TRUE
CMP-0000843;SHP-2025-0033205;2025-04-07 08:35:47;Incorrect Delivery;Tracking issue;Phone;TRUE
CMP-0005787;SHP-2026-0230562;2026-12-04 10:16:12;Late Delivery;Long transit time;Phone;TRUE
CMP-0005127;SHP-2026-0205241;2026-10-03 09:15:02;Incorrect Delivery;Wrong delivery instructions;Chat;TRUE
CMP-0004750;SHP-2026-0190445;2026-08-05 22:09:12;Other;Other;Phone;TRUE
CMP-0003426;SHP-2026-0135335;2026-02-25 09:18:11;Late Delivery;Delivery date repeatedly changed;Phone;FALSE
CMP-0005060;SHP-2026-0202531;2026-09-08 16:36:35;Incorrect Delivery;Other;Phone;TRUE
CMP-0002589;SHP-2025-0103897;2025-11-08 02:27:23;Incorrect Delivery;Other;Chat;TRUE
CMP-0006361;SHP-2026-0249006;2026-12-25 23:23:09;Failed Delivery;Courier did not reach customer;Phone;TRUE
CMP-0006147;SHP-2026-0241911;2026-12-23 05:36:18;Failed Delivery;Courier did not reach customer;Email;TRUE
CMP-0000102;SHP-2025-0004176;2025-02-03 11:40:52;Late Delivery;Long transit time;Phone;TRUE
CMP-0003138;SHP-2026-0122798;2026-01-29 05:02:34;Other;Wrong delivery instructions;Email;TRUE
CMP-0006181;SHP-2026-0242830;2026-12-17 02:41:47;Failed Delivery;Returned to sender;Phone;TRUE
CMP-0004375;SHP-2026-0175442;2026-06-30 20:06:00;Failed Delivery;Returned to sender;Chat;TRUE
CMP-0003043;SHP-2025-0119606;2025-12-10 23:48:40;Failed Delivery;Customer not available;Email;TRUE
CMP-0000876;SHP-2025-0034801;2025-05-20 20:46:45;Late Delivery;Delivered after promised date;Phone;TRUE
CMP-0000540;SHP-2025-0021320;2025-03-22 02:53:51;Late Delivery;Delivered after promised date;Email;TRUE
CMP-0005232;SHP-2026-0209708;2026-10-07 17:08:52;Failed Delivery;Customer not available;Web Form;TRUE
CMP-0000868;SHP-2025-0034298;2025-06-04 10:30:51;Late Delivery;Delivered after promised date;Phone;TRUE
CMP-0000530;SHP-2025-0020788;2025-03-13 14:02:09;Failed Delivery;Courier did not reach customer;Web Form;TRUE
CMP-0003049;SHP-2025-0119738;2025-12-23 00:30:45;Late Delivery;Delivery date repeatedly changed;Web Form;TRUE
CMP-0004522;SHP-2026-0180829;2026-07-23 03:52:33;Other;Tracking issue;Web Form;TRUE
CMP-0006190;SHP-2026-0243215;2026-12-09 23:11:17;Late Delivery;Delivered after promised date;Email;TRUE
CMP-0001245;SHP-2025-0050373;2025-06-06 06:38:21;Late Delivery;Delivery date repeatedly changed;Email;TRUE
CMP-0006076;SHP-2026-0240105;2026-12-14 03:32:32;Late Delivery;Delivery date repeatedly changed;Email;TRUE
CMP-0000652;SHP-2025-0025683;2025-04-08 11:40:49;Failed Delivery;Customer not available;Chat;FALSE
CMP-0005118;SHP-2026-0204867;2026-09-09 16:40:02;Incorrect Delivery;Tracking issue;Phone;TRUE
CMP-0004028;SHP-2026-0160813;2026-01-01 22:58:12;Incorrect Delivery;Tracking issue;Phone;TRUE
CMP-0004526;SHP-2026-0180934;2026-07-28 05:40:42;Late Delivery;Delivery date repeatedly changed;Phone;TRUE
CMP-0000230;SHP-2025-0009573;2025-03-05 17:39:04;Failed Delivery;Repeated delivery attempt;Phone;TRUE
CMP-0003117;SHP-2026-0121783;2026-02-01 11:17:28;Incorrect Delivery;Wrong delivery instructions;Email;TRUE
CMP-0003512;SHP-2026-0138621;2026-03-18 08:12:49;Late Delivery;Delivery date repeatedly changed;Email;TRUE
CMP-0004558;SHP-2026-0182396;2026-08-01 22:45:48;Incorrect Delivery;Tracking issue;Phone;TRUE
CMP-0001617;SHP-2025-0065287;2025-08-31 20:07:20;Late Delivery;Delivered after promised date;Email;TRUE
CMP-0001506;SHP-2025-0060481;2025-07-12 09:08:13;Late Delivery;Delivery date repeatedly changed;Email;TRUE
CMP-0006258;SHP-2026-0245330;2026-12-24 03:52:23;Late Delivery;Delivered after promised date;Email;TRUE
CMP-0000061;SHP-2025-0002651;2025-01-19 11:22:23;Failed Delivery;Repeated delivery attempt;Email;TRUE
CMP-0000978;SHP-2025-0039237;2025-05-06 20:19:12;Other;Wrong delivery instructions;Phone;TRUE
CMP-0003096;SHP-2025-0121053;2025-12-24 07:54:59;Late Delivery;Delivered after promised date;Web Form;TRUE
CMP-0002381;SHP-2025-0096240;2025-12-02 00:00:25;Late Delivery;Delivery date repeatedly changed;Web Form;TRUE
CMP-0006306;SHP-2026-0247027;2026-12-08 07:00:08;Late Delivery;Long transit time;Chat;TRUE
CMP-0004932;SHP-2026-0197570;2026-08-22 19:11:53;Late Delivery;Delivery date repeatedly changed;Email;TRUE
CMP-0001116;SHP-2025-0045397;2025-06-17 07:03:07;Other;Wrong delivery instructions;Phone;TRUE
CMP-0001269;SHP-2025-0051096;2025-07-04 02:07:47;Other;Tracking issue;Email;TRUE
CMP-0003728;SHP-2026-0147749;2026-04-15 20:26:27;Failed Delivery;Customer not available;Email;TRUE
CMP-0004029;SHP-2026-0160867;2026-05-09 00:55:57;Other;Wrong delivery instructions;Email;TRUE
CMP-0006253;SHP-2026-0245125;2026-12-19 04:17:24;Failed Delivery;Repeated delivery attempt;Email;TRUE
CMP-0005805;SHP-2026-0231046;2026-12-07 02:10:48;Incorrect Delivery;Wrong delivery instructions;Phone;TRUE
CMP-0004689;SHP-2026-0187853;2026-07-16 02:30:51;Other;Other;Phone;TRUE
CMP-0001281;SHP-2025-0051454;2025-06-09 05:24:49;Late Delivery;Delivered after promised date;Email;TRUE
CMP-0004304;SHP-2026-0172892;2026-07-03 07:05:28;Late Delivery;Long transit time;Web Form;TRUE
CMP-0004592;SHP-2026-0183690;2026-07-16 10:38:59;Other;Other;Email;TRUE
CMP-0001760;SHP-2025-0070287;2025-08-07 03:24:40;Incorrect Delivery;Other;Phone;TRUE
CMP-0005976;SHP-2026-0236997;2026-12-25 11:31:14;Late Delivery;Long transit time;Email;TRUE
CMP-0004484;SHP-2026-0179676;2026-07-23 15:10:54;Incorrect Delivery;Tracking issue;Chat;TRUE
CMP-0004400;SHP-2026-0176414;2026-06-25 16:32:56;Incorrect Delivery;Wrong delivery instructions;Email;TRUE
CMP-0005574;SHP-2026-0222544;2026-11-21 04:40:11;Other;Wrong delivery instructions;Chat;TRUE
CMP-0004552;SHP-2026-0182152;2026-08-06 09:26:17;Failed Delivery;Repeated delivery attempt;Phone;TRUE
CMP-0000036;SHP-2025-0001693;2025-02-04 08:41:25;Lost Shipment;Shipment not delivered;Web Form;TRUE
CMP-0005377;SHP-2026-0215205;2026-10-23 01:22:04;Other;Other;Email;TRUE
CMP-0002129;SHP-2025-0085543;2025-10-21 09:51:18;Late Delivery;Long transit time;Phone;TRUE
CMP-0003154;SHP-2026-0123533;2026-01-12 17:19:38;Failed Delivery;Repeated delivery attempt;Web Form;TRUE
CMP-0000353;SHP-2025-0014312;2025-02-15 15:55:19;Failed Delivery;Repeated delivery attempt;Web Form;TRUE
CMP-0002438;SHP-2025-0098749;2025-12-06 07:10:23;Incorrect Delivery;Wrong delivery instructions;Chat;TRUE
CMP-0004165;SHP-2026-0166636;2026-05-26 21:01:17;Late Delivery;Delivery date repeatedly changed;Web Form;TRUE
CMP-0000132;SHP-2025-0005298;2025-01-16 21:27:16;Other;Other;Email;TRUE
CMP-0002330;SHP-2025-0094286;2025-12-06 22:38:42;Late Delivery;Delivery date repeatedly changed;Chat;TRUE
CMP-0000163;SHP-2025-0006575;2025-02-03 01:13:19;Incorrect Delivery;Wrong delivery instructions;Chat;TRUE
CMP-0002346;SHP-2025-0094727;2025-11-23 05:31:38;Late Delivery;Delivery date repeatedly changed;Web Form;TRUE
CMP-0006328;SHP-2026-0247762;2027-01-02 18:02:28;Incorrect Delivery;Wrong delivery instructions;Phone;TRUE
CMP-0002789;SHP-2025-0111091;2025-12-21 07:51:54;Incorrect Delivery;Tracking issue;Phone;TRUE
CMP-0003527;SHP-2026-0139063;2026-04-01 14:42:57;Damaged Shipment;Packaging failure;Phone;TRUE
CMP-0005048;SHP-2026-0201835;2026-10-05 00:59:00;Late Delivery;Long transit time;Email;TRUE
CMP-0002824;SHP-2025-0112119;2025-12-08 06:04:29;Late Delivery;Delivery date repeatedly changed;Email;TRUE
CMP-0002390;SHP-2025-0096497;2025-11-17 20:17:53;Failed Delivery;Delivery unsuccessful;Email;TRUE
CMP-0005177;SHP-2026-0207776;2026-09-12 03:13:40;Late Delivery;Long transit time;Web Form;TRUE
CMP-0001224;SHP-2025-0049196;2025-06-06 12:20:50;Failed Delivery;Courier did not reach customer;Email;TRUE
CMP-0005526;SHP-2026-0221017;2026-11-15 21:47:12;Late Delivery;Delivered after promised date;Email;TRUE
CMP-0001052;SHP-2025-0042453;2025-05-16 20:38:07;Incorrect Delivery;Wrong delivery instructions;Email;TRUE
CMP-0005480;SHP-2026-0219524;2026-10-09 10:02:06;Incorrect Delivery;Tracking issue;Email;TRUE
CMP-0000844;SHP-2025-0033232;2025-04-29 21:31:14;Other;Wrong delivery instructions;Email;TRUE
CMP-0005682;SHP-2026-0226747;2026-11-23 02:56:41;Late Delivery;Delivered after promised date;Phone;TRUE
CMP-0004753;SHP-2026-0190569;2026-08-18 01:54:33;Failed Delivery;Customer not available;Email;TRUE
CMP-0000898;SHP-2025-0035687;2025-06-04 15:32:46;Incorrect Delivery;Other;Web Form;TRUE
CMP-0002018;SHP-2025-0081230;2025-09-29 09:01:22;Other;Wrong delivery instructions;Email;TRUE
CMP-0006269;SHP-2026-0245737;2027-01-05 02:12:28;Late Delivery;Delivered after promised date;Email;TRUE
CMP-0005617;SHP-2026-0224428;2026-12-04 04:11:08;Incorrect Delivery;Other;Chat;TRUE
CMP-0000910;SHP-2025-0036119;2025-05-13 08:58:53;Incorrect Delivery;Other;Web Form;TRUE
CMP-0006032;SHP-2026-0238780;2026-12-20 19:06:27;Late Delivery;Long transit time;Email;TRUE
CMP-0001380;SHP-2025-0055899;2025-07-13 10:06:32;Incorrect Delivery;Other;Email;FALSE
CMP-0003738;SHP-2026-0148072;2026-04-28 21:26:41;Other;Other;Phone;FALSE
CMP-0004611;SHP-2026-0184578;2026-07-22 04:00:48;Late Delivery;Delivered after promised date;Phone;TRUE
CMP-0004834;SHP-2026-0193736;2026-08-29 19:00:28;Other;Wrong delivery instructions;Web Form;TRUE
CMP-0003403;SHP-2026-0134565;2026-03-02 06:51:19;Late Delivery;Delivered after promised date;Phone;TRUE
CMP-0004299;SHP-2026-0172606;2026-06-25 18:43:51;Incorrect Delivery;Wrong delivery instructions;Phone;TRUE
CMP-0002926;SHP-2025-0115228;2025-12-10 18:35:53;Failed Delivery;Delivery unsuccessful;Email;TRUE
CMP-0003305;SHP-2026-0130352;2026-02-20 22:48:57;Late Delivery;Long transit time;Email;TRUE
CMP-0003530;SHP-2026-0139076;2026-03-05 18:09:43;Other;Wrong delivery instructions;Phone;TRUE
CMP-0001081;SHP-2025-0043616;2025-05-13 02:00:57;Other;Other;Chat;TRUE
CMP-0003134;SHP-2026-0122647;2026-01-15 16:21:49;Other;Other;Email;TRUE
CMP-0003129;SHP-2026-0122519;2026-01-07 14:07:41;Late Delivery;Delivered after promised date;Email;TRUE
CMP-0000702;SHP-2025-0028123;2025-04-09 22:23:41;Incorrect Delivery;Other;Email;TRUE
CMP-0002009;SHP-2025-0081074;2025-09-21 14:20:04;Incorrect Delivery;Wrong delivery instructions;Email;TRUE
CMP-0002807;SHP-2025-0111546;2025-12-05 08:27:22;Other;Other;Email;TRUE
CMP-0004393;SHP-2026-0176274;2026-06-18 17:06:23;Incorrect Delivery;Tracking issue;Phone;TRUE
CMP-0001805;SHP-2025-0072034;2025-08-11 05:39:30;Other;Tracking issue;Email;TRUE
CMP-0002263;SHP-2025-0091171;2025-10-07 02:22:47;Other;Other;Web Form;TRUE
CMP-0006289;SHP-2026-0246406;2026-12-31 15:21:26;Failed Delivery;Repeated delivery attempt;Email;TRUE
CMP-0003815;SHP-2026-0151193;2026-04-12 02:04:29;Other;Tracking issue;Web Form;FALSE
CMP-0000241;SHP-2025-0009859;2025-03-01 00:16:06;Other;Wrong delivery instructions;Email;TRUE
CMP-0003631;SHP-2026-0144212;2026-03-11 03:02:19;Late Delivery;Delivery date repeatedly changed;Phone;TRUE
CMP-0000399;SHP-2025-0016024;2025-02-12 08:55:52;Late Delivery;Delivery date repeatedly changed;Phone;TRUE
CMP-0001392;SHP-2025-0056180;2025-07-22 17:13:08;Incorrect Delivery;Tracking issue;Web Form;TRUE
CMP-0004439;SHP-2026-0178280;2026-08-05 06:01:04;Late Delivery;Delivered after promised date;Email;TRUE
CMP-0003121;SHP-2026-0121895;2026-01-20 17:54:37;Other;Other;Phone;TRUE
CMP-0005584;SHP-2026-0223045;2026-11-14 09:54:11;Incorrect Delivery;Wrong delivery instructions;Email;TRUE
CMP-0002934;SHP-2025-0115336;2026-01-09 16:49:36;Failed Delivery;Repeated delivery attempt;Phone;TRUE
CMP-0005596;SHP-2026-0223525;2026-11-29 03:44:55;Late Delivery;Long transit time;Email;TRUE
CMP-0000628;SHP-2025-0024936;2025-03-11 13:32:43;Failed Delivery;Repeated delivery attempt;Phone;TRUE
CMP-0005419;SHP-2026-0216724;2026-10-08 07:39:22;Failed Delivery;Returned to sender;Web Form;TRUE
CMP-0005429;SHP-2026-0217183;2026-10-30 14:48:12;Other;Tracking issue;Web Form;TRUE
CMP-0003543;SHP-2026-0139782;2026-03-24 18:45:57;Incorrect Delivery;Other;Phone;TRUE
CMP-0000148;SHP-2025-0006073;2025-01-13 09:38:39;Other;Tracking issue;Email;TRUE
CMP-0000673;SHP-2025-0026946;2025-04-27 23:58:51;Late Delivery;Delivered after promised date;Phone;TRUE
CMP-0006175;SHP-2026-0242655;2026-12-09 22:53:19;Other;Wrong delivery instructions;Phone;TRUE
CMP-0002564;SHP-2025-0103276;2025-11-12 20:07:22;Late Delivery;Delivery date repeatedly changed;Email;TRUE
CMP-0006311;SHP-2026-0247259;2026-12-30 10:28:58;Incorrect Delivery;Wrong delivery instructions;Web Form;TRUE
CMP-0002098;SHP-2025-0084298;2025-11-03 00:05:36;Late Delivery;Long transit time;Email;TRUE
CMP-0000374;SHP-2025-0015143;2025-03-05 22:14:17;Late Delivery;Delivery date repeatedly changed;Chat;TRUE
CMP-0000460;SHP-2025-0018171;2025-03-24 21:04:23;Late Delivery;Long transit time;Email;TRUE
CMP-0002292;SHP-2025-0092780;2025-10-14 21:54:09;Other;Other;Email;TRUE
CMP-0002124;SHP-2025-0085411;2025-10-20 08:45:50;Incorrect Delivery;Other;Web Form;TRUE
CMP-0005125;SHP-2026-0205160;2026-09-16 04:21:55;Failed Delivery;Customer not available;Chat;TRUE
CMP-0002716;SHP-2025-0108808;2026-01-03 17:55:14;Late Delivery;Long transit time;Phone;TRUE
CMP-0005619;SHP-2026-0224469;2026-11-22 13:15:26;Other;Other;Phone;TRUE
CMP-0004505;SHP-2026-0180274;2026-07-21 23:24:52;Other;Tracking issue;Phone;TRUE
CMP-0001918;SHP-2025-0076602;2025-09-28 07:47:10;Failed Delivery;Customer not available;Email;FALSE
CMP-0000945;SHP-2025-0037694;2025-05-17 14:49:34;Incorrect Delivery;Wrong delivery instructions;Web Form;TRUE
CMP-0003056;SHP-2025-0119978;2025-12-09 13:18:55;Failed Delivery;Courier did not reach customer;Chat;TRUE
CMP-0003771;SHP-2026-0149097;2026-04-28 19:28:22;Other;Other;Phone;TRUE
CMP-0001236;SHP-2025-0049882;2025-06-11 03:41:24;Late Delivery;Delivered after promised date;Email;TRUE
CMP-0003740;SHP-2026-0148075;2026-04-30 17:47:41;Other;Other;Phone;TRUE
CMP-0004743;SHP-2026-0190056;2026-08-20 10:13:36;Late Delivery;Delivery date repeatedly changed;Chat;FALSE
CMP-0004943;SHP-2026-0197946;2026-08-11 10:43:01;Other;Tracking issue;Email;TRUE
CMP-0000032;SHP-2025-0001479;2025-01-31 13:25:29;Other;Tracking issue;Email;TRUE
CMP-0004948;SHP-2026-0198235;2026-09-24 19:22:58;Late Delivery;Long transit time;Chat;TRUE
CMP-0003272;SHP-2026-0129145;2026-01-11 23:54:36;Incorrect Delivery;Wrong delivery instructions;Email;TRUE
CMP-0002738;SHP-2025-0109468;2026-01-01 17:39:33;Failed Delivery;Repeated delivery attempt;Chat;TRUE
CMP-0006120;SHP-2026-0241114;2026-12-21 08:48:10;Lost Shipment;Shipment not delivered;Phone;TRUE
CMP-0002798;SHP-2025-0111376;2025-12-18 08:43:12;Late Delivery;Delivered after promised date;Phone;TRUE
CMP-0002008;SHP-2025-0081064;2025-10-05 14:42:39;Failed Delivery;Courier did not reach customer;Phone;TRUE
CMP-0005512;SHP-2026-0220486;2026-10-08 15:04:24;Failed Delivery;Repeated delivery attempt;Web Form;TRUE
CMP-0001479;SHP-2025-0059614;2025-07-21 02:00:32;Other;Wrong delivery instructions;Email;TRUE
CMP-0002544;SHP-2025-0102649;2025-12-04 06:46:29;Other;Tracking issue;Web Form;TRUE
CMP-0004903;SHP-2026-0196342;2026-08-26 19:01:27;Late Delivery;Delivery date repeatedly changed;Chat;TRUE
CMP-0003064;SHP-2025-0120068;2025-12-09 18:52:18;Incorrect Delivery;Wrong delivery instructions;Web Form;TRUE
CMP-0004470;SHP-2026-0179326;2026-07-09 13:09:10;Lost Shipment;Declared lost;Phone;TRUE
CMP-0002805;SHP-2025-0111501;2025-12-13 14:49:46;Late Delivery;Delivered after promised date;Web Form;TRUE
CMP-0003963;SHP-2026-0157743;2026-05-25 11:17:38;Incorrect Delivery;Other;Phone;TRUE
CMP-0001110;SHP-2025-0044929;2025-06-30 05:18:04;Late Delivery;Delivered after promised date;Web Form;TRUE
CMP-0005751;SHP-2026-0229404;2026-12-05 21:43:02;Failed Delivery;Customer not available;Phone;TRUE
CMP-0002781;SHP-2025-0110875;2026-01-05 22:55:14;Lost Shipment;Declared lost;Chat;TRUE
CMP-0002577;SHP-2025-0103679;2025-11-14 05:02:09;Late Delivery;Long transit time;Phone;TRUE
CMP-0005393;SHP-2026-0215694;2026-10-18 06:16:05;Failed Delivery;Customer not available;Email;TRUE
CMP-0002634;SHP-2025-0105780;2025-12-01 04:26:37;Other;Other;Email;TRUE
CMP-0000101;SHP-2025-0004075;2025-01-21 11:04:58;Late Delivery;Long transit time;Email;TRUE
CMP-0003186;SHP-2026-0125002;2026-01-29 15:44:09;Damaged Shipment;Contents damaged;Email;TRUE
CMP-0000700;SHP-2025-0028121;2025-04-17 00:34:23;Other;Wrong delivery instructions;Phone;TRUE
CMP-0001378;SHP-2025-0055736;2025-07-17 12:51:20;Other;Other;Chat;TRUE
CMP-0003932;SHP-2026-0155892;2026-04-15 19:24:29;Failed Delivery;Customer not available;Phone;TRUE
CMP-0006142;SHP-2026-0241779;2026-12-28 06:42:03;Incorrect Delivery;Wrong delivery instructions;Email;TRUE
CMP-0006270;SHP-2026-0245737;2027-01-06 10:30:22;Late Delivery;Delivered after promised date;Phone;TRUE
CMP-0004274;SHP-2026-0171405;2026-06-19 10:26:39;Failed Delivery;Courier did not reach customer;Email;TRUE
CMP-0003401;SHP-2026-0134398;2026-02-15 08:11:42;Incorrect Delivery;Wrong delivery instructions;Email;TRUE
CMP-0004468;SHP-2026-0179318;2026-07-15 21:50:48;Late Delivery;Delivery date repeatedly changed;Phone;TRUE
CMP-0004808;SHP-2026-0192379;2026-08-23 17:00:55;Other;Wrong delivery instructions;Phone;TRUE
CMP-0000228;SHP-2025-0009399;2025-02-28 00:13:30;Other;Other;Email;TRUE
CMP-0005916;SHP-2026-0235097;2026-12-14 04:16:12;Late Delivery;Long transit time;Web Form;TRUE
CMP-0006067;SHP-2026-0239871;2026-12-14 13:20:23;Late Delivery;Long transit time;Phone;TRUE
CMP-0005799;SHP-2026-0230968;2026-11-30 23:12:20;Damaged Shipment;Contents damaged;Phone;TRUE
CMP-0005089;SHP-2026-0203503;2026-09-22 19:36:41;Failed Delivery;Delivery unsuccessful;Chat;TRUE
CMP-0005320;SHP-2026-0213350;2026-10-24 17:13:54;Failed Delivery;Courier did not reach customer;Phone;TRUE
CMP-0003670;SHP-2026-0145440;2026-03-31 02:14:48;Late Delivery;Delivery date repeatedly changed;Web Form;TRUE
CMP-0005987;SHP-2026-0237234;2026-12-21 07:15:59;Late Delivery;Long transit time;Web Form;TRUE
CMP-0005352;SHP-2026-0214202;2026-10-09 05:22:57;Lost Shipment;Declared lost;Email;TRUE
CMP-0003169;SHP-2026-0124405;2026-02-04 09:34:44;Lost Shipment;Declared lost;Email;TRUE
CMP-0001632;SHP-2025-0065862;2025-08-15 23:03:44;Lost Shipment;Shipment not delivered;Phone;TRUE
CMP-0001600;SHP-2025-0064815;2025-08-05 22:06:31;Other;Tracking issue;Email;TRUE
CMP-0001931;SHP-2025-0077301;2025-09-17 04:14:32;Late Delivery;Long transit time;Chat;TRUE
CMP-0000004;SHP-2025-0000240;2025-01-11 00:25:38;Late Delivery;Long transit time;Chat;TRUE
CMP-0000889;SHP-2025-0035235;2025-05-10 17:12:58;Late Delivery;Delivered after promised date;Web Form;TRUE
CMP-0002434;SHP-2025-0098684;2025-11-16 16:16:24;Other;Tracking issue;Web Form;TRUE
CMP-0002067;SHP-2025-0083376;2025-10-09 21:24:22;Other;Other;Phone;TRUE
CMP-0002267;SHP-2025-0091486;2025-11-04 00:59:51;Failed Delivery;Repeated delivery attempt;Email;TRUE
CMP-0006156;SHP-2026-0242230;2026-12-27 09:01:46;Lost Shipment;Shipment not delivered;Email;TRUE
CMP-0000545;SHP-2025-0021443;2025-03-07 07:00:43;Other;Tracking issue;Web Form;TRUE
CMP-0002049;SHP-2025-0082758;2025-10-15 16:02:14;Late Delivery;Delivered after promised date;Phone;TRUE
CMP-0002953;SHP-2025-0116075;2025-12-12 23:44:02;Failed Delivery;Returned to sender;Phone;TRUE
CMP-0005469;SHP-2026-0219169;2026-10-31 08:04:45;Failed Delivery;Customer not available;Phone;TRUE
CMP-0001830;SHP-2025-0072896;2025-09-27 00:56:04;Late Delivery;Delivery date repeatedly changed;Web Form;TRUE
CMP-0005859;SHP-2026-0232917;2026-12-01 18:05:47;Late Delivery;Long transit time;Phone;TRUE
CMP-0001879;SHP-2025-0074969;2025-09-23 03:01:11;Late Delivery;Long transit time;Web Form;TRUE
CMP-0000548;SHP-2025-0021532;2025-04-06 11:44:08;Failed Delivery;;Email;TRUE
CMP-0004109;SHP-2026-0164210;2026-05-28 21:27:51;Late Delivery;Delivery date repeatedly changed;Phone;TRUE
CMP-0005130;SHP-2026-0205281;2026-09-23 16:14:01;Failed Delivery;Delivery unsuccessful;Email;TRUE
CMP-0001936;SHP-2025-0077482;2025-09-25 13:44:37;Failed Delivery;Repeated delivery attempt;Web Form;TRUE
CMP-0000976;SHP-2025-0039083;2025-06-04 15:25:33;Failed Delivery;Repeated delivery attempt;Web Form;TRUE
CMP-0001265;SHP-2025-0051032;2025-06-29 22:22:23;Late Delivery;Delivered after promised date;Web Form;TRUE
CMP-0006143;SHP-2026-0241843;2026-12-25 08:32:30;Other;Wrong delivery instructions;Email;TRUE
CMP-0003241;SHP-2026-0127492;2026-01-23 05:37:55;Other;Wrong delivery instructions;Email;TRUE
CMP-0000268;SHP-2025-0011064;2025-02-25 18:22:27;Failed Delivery;Courier did not reach customer;Phone;TRUE
CMP-0003179;SHP-2026-0124611;2026-01-29 18:26:45;Late Delivery;Delivery date repeatedly changed;Web Form;TRUE
CMP-0003666;SHP-2026-0145223;2026-03-28 06:23:59;Late Delivery;Delivered after promised date;Email;TRUE
CMP-0000378;SHP-2025-0015314;2025-03-01 20:35:51;Failed Delivery;Customer not available;Web Form;TRUE
CMP-0001200;SHP-2025-0048256;2025-06-18 19:52:34;Late Delivery;Delivered after promised date;Email;TRUE
CMP-0001310;SHP-2025-0052657;2025-06-07 12:59:03;Failed Delivery;Customer not available;Email;TRUE
CMP-0003065;SHP-2025-0120074;2026-01-03 03:20:52;Late Delivery;Long transit time;Phone;TRUE
CMP-0002279;SHP-2025-0091979;2025-11-03 10:41:28;Failed Delivery;Repeated delivery attempt;Web Form;TRUE
CMP-0000915;SHP-2025-0036240;2025-05-25 11:03:05;Other;Other;Web Form;TRUE
CMP-0004106;SHP-2026-0164085;2026-05-24 12:17:34;Lost Shipment;Declared lost;Phone;FALSE
CMP-0005416;SHP-2026-0216667;2026-10-26 08:27:02;Other;Other;Email;TRUE
CMP-0002982;SHP-2025-0117240;2025-12-19 01:44:26;Late Delivery;Delivered after promised date;Web Form;TRUE
CMP-0000871;SHP-2025-0034571;2025-05-19 22:08:59;Other;Tracking issue;Phone;TRUE
CMP-0003801;SHP-2026-0150402;2026-05-01 09:56:45;Failed Delivery;Repeated delivery attempt;Email;TRUE
CMP-0001328;SHP-2025-0053791;2025-06-11 03:05:08;Late Delivery;Long transit time;Phone;TRUE
CMP-0002931;SHP-2025-0115242;2025-12-24 00:57:19;Late Delivery;Delivery date repeatedly changed;Email;TRUE
CMP-0006202;SHP-2026-0243603;2026-12-13 15:47:42;Late Delivery;Delivery date repeatedly changed;Web Form;TRUE
CMP-0001607;SHP-2025-0065004;2025-09-01 00:52:11;Late Delivery;Delivered after promised date;Phone;TRUE
CMP-0004761;SHP-2026-0191035;2026-09-03 06:01:36;Late Delivery;Long transit time;Phone;TRUE
CMP-0005266;SHP-2026-0211269;2026-10-24 19:08:37;Other;Tracking issue;Chat;TRUE
CMP-0006365;SHP-2026-0249059;2026-12-28 06:42:09;Incorrect Delivery;Wrong delivery instructions;Phone;TRUE
CMP-0004561;SHP-2026-0182470;2026-07-30 20:02:14;Failed Delivery;Delivery unsuccessful;Phone;TRUE
CMP-0002114;SHP-2025-0085129;2025-10-16 06:29:32;Damaged Shipment;Contents damaged;Web Form;TRUE
CMP-0001804;SHP-2025-0071978;2025-08-26 09:59:06;Late Delivery;Long transit time;Email;TRUE
CMP-0004392;SHP-2026-0176249;2026-06-29 05:31:13;Failed Delivery;Customer not available;Phone;TRUE
CMP-0000483;SHP-2025-0018851;2025-03-26 01:44:36;Damaged Shipment;Package damaged;Phone;TRUE
CMP-0001914;SHP-2025-0076457;2025-09-08 00:55:32;Late Delivery;Delivered after promised date;Email;TRUE
CMP-0002354;SHP-2025-0095049;2025-11-22 01:28:01;Incorrect Delivery;Tracking issue;Phone;TRUE
CMP-0001537;SHP-2025-0061862;2025-08-06 20:58:08;Late Delivery;Delivery date repeatedly changed;Web Form;TRUE
CMP-0002961;SHP-2025-0116395;2025-12-07 00:15:58;Late Delivery;Long transit time;Phone;TRUE
CMP-0003354;SHP-2026-0132641;2026-02-28 07:23:06;Other;Tracking issue;Phone;TRUE
CMP-0005256;SHP-2026-0210645;2026-11-03 08:42:36;Failed Delivery;Courier did not reach customer;Chat;TRUE
CMP-0004737;SHP-2026-0189881;2026-08-21 04:56:29;Lost Shipment;Shipment not delivered;Email;TRUE
CMP-0004241;SHP-2026-0169899;2026-06-09 19:30:39;Incorrect Delivery;Tracking issue;Phone;TRUE
CMP-0004070;SHP-2026-0162482;2026-05-30 17:33:31;Late Delivery;Long transit time;Web Form;TRUE
CMP-0003867;SHP-2026-0153126;2026-04-25 21:38:44;Incorrect Delivery;Other;Web Form;TRUE
CMP-0001751;SHP-2025-0070001;2026-01-03 08:12:57;Failed Delivery;Courier did not reach customer;Web Form;TRUE
CMP-0004131;SHP-2026-0165235;2026-05-31 02:10:34;Failed Delivery;Repeated delivery attempt;Phone;FALSE
CMP-0002862;SHP-2025-0113100;2026-01-02 08:48:05;Late Delivery;Long transit time;Web Form;TRUE
CMP-0005557;SHP-2026-0222077;2026-11-11 05:07:59;Incorrect Delivery;Tracking issue;Chat;TRUE
CMP-0006035;SHP-2026-0238813;2027-01-04 02:04:46;Failed Delivery;Repeated delivery attempt;Phone;TRUE
CMP-0005426;SHP-2026-0217148;2026-11-02 00:37:46;Other;Other;Email;TRUE
CMP-0003933;SHP-2026-0155896;2026-04-27 05:45:23;Lost Shipment;Shipment not delivered;Email;TRUE
CMP-0003244;SHP-2026-0127601;2026-01-22 16:44:07;Other;Other;Phone;TRUE
CMP-0005613;SHP-2026-0224173;2026-11-23 05:27:57;Failed Delivery;Courier did not reach customer;Web Form;TRUE
CMP-0005634;SHP-2026-0225022;2026-11-21 06:39:05;Incorrect Delivery;Other;Email;TRUE
CMP-0005223;SHP-2026-0209237;2026-10-23 05:03:49;Late Delivery;Delivered after promised date;Phone;TRUE
CMP-0002983;SHP-2025-0117408;2025-12-16 05:54:00;Late Delivery;Delivery date repeatedly changed;Web Form;TRUE
CMP-0002464;SHP-2025-0099605;2025-11-17 13:15:28;Incorrect Delivery;Wrong delivery instructions;Email;TRUE
CMP-0003397;SHP-2026-0134196;2026-02-06 01:09:56;Incorrect Delivery;Other;Phone;TRUE
CMP-0001874;SHP-2025-0074763;2025-09-07 16:15:34;Incorrect Delivery;Tracking issue;Phone;TRUE
CMP-0000808;SHP-2025-0032141;2025-04-11 07:54:11;Failed Delivery;Repeated delivery attempt;Web Form;TRUE
CMP-0000014;SHP-2025-0000624;2025-01-03 09:56:47;Other;Other;Web Form;TRUE
CMP-0001147;SHP-2025-0046436;2025-06-21 13:43:49;Damaged Shipment;Package damaged;Phone;TRUE
CMP-0002920;SHP-2025-0114942;2026-01-02 13:18:18;Failed Delivery;Courier did not reach customer;Web Form;TRUE
CMP-0005608;SHP-2026-0223897;2026-11-29 03:37:17;Late Delivery;Delivered after promised date;Phone;TRUE
CMP-0004782;SHP-2026-0191704;2026-08-15 15:35:55;Incorrect Delivery;Other;Phone;TRUE
CMP-0006293;SHP-2026-0246542;2026-12-24 07:56:07;Late Delivery;Delivery date repeatedly changed;Email;TRUE
CMP-0006170;SHP-2026-0242569;2026-12-04 01:07:43;Incorrect Delivery;Other;Email;TRUE
CMP-0000878;SHP-2025-0034836;2025-05-11 15:02:54;Late Delivery;Delivered after promised date;Phone;TRUE
CMP-0001716;SHP-2025-0068914;2025-08-18 08:49:31;Lost Shipment;Shipment not delivered;Email;TRUE
CMP-0003795;SHP-2026-0150289;2026-04-05 21:39:45;Other;Other;Chat;TRUE
CMP-0003669;SHP-2026-0145435;2026-03-03 21:16:23;Other;Tracking issue;Web Form;TRUE
CMP-0002723;SHP-2025-0108986;2025-12-30 00:24:17;Late Delivery;Long transit time;Chat;TRUE
CMP-0005823;SHP-2026-0231665;2026-11-21 13:41:50;Late Delivery;Delivered after promised date;Phone;TRUE
CMP-0000997;SHP-2025-0040070;2025-05-29 16:38:23;Damaged Shipment;Contents damaged;Web Form;TRUE
CMP-0000499;SHP-2025-0019624;2025-03-18 07:53:53;Late Delivery;Long transit time;Web Form;TRUE
CMP-0000233;SHP-2025-0009635;2025-02-12 23:29:50;Late Delivery;Delivered after promised date;Phone;TRUE
CMP-0002523;SHP-2025-0101922;2025-11-12 18:56:35;Other;Other;Web Form;TRUE
CMP-0003433;SHP-2026-0135613;2026-03-05 01:14:18;Late Delivery;Delivered after promised date;Web Form;TRUE
CMP-0005678;SHP-2026-0226556;2026-11-18 13:32:17;Damaged Shipment;;Email;TRUE
CMP-0005896;SHP-2026-0234373;2026-12-25 16:53:24;Late Delivery;Long transit time;Phone;TRUE
CMP-0006024;SHP-2026-0238558;2026-12-22 09:36:09;Incorrect Delivery;Other;Chat;TRUE
CMP-0005627;SHP-2026-0224763;2026-01-03 20:00:49;Incorrect Delivery;Other;Phone;TRUE
CMP-0005327;SHP-2026-0213453;2026-10-23 16:28:06;Other;Tracking issue;Email;TRUE
CMP-0001676;SHP-2025-0067434;2025-08-06 10:02:23;Damaged Shipment;Package damaged;Phone;TRUE
CMP-0003055;SHP-2025-0119955;2026-01-06 05:10:38;Late Delivery;Long transit time;Web Form;TRUE
CMP-0005908;SHP-2026-0234889;2026-12-28 07:34:39;Late Delivery;Long transit time;Email;TRUE
CMP-0000863;SHP-2025-0034107;2025-04-25 10:55:15;Other;Other;Phone;TRUE
CMP-0004259;SHP-2026-0170970;2026-06-21 05:37:18;Other;Wrong delivery instructions;Phone;TRUE
CMP-0002342;SHP-2025-0094557;2025-11-19 15:45:33;Late Delivery;Delivered after promised date;Phone;TRUE
CMP-0005499;SHP-2026-0220032;2026-10-15 21:55:27;Late Delivery;Delivery date repeatedly changed;Email;TRUE
CMP-0002516;SHP-2025-0101569;2025-12-04 21:48:55;Late Delivery;Delivered after promised date;Phone;TRUE
CMP-0004276;SHP-2026-0171503;2026-06-19 20:08:06;Incorrect Delivery;Wrong delivery instructions;Phone;TRUE
CMP-0006129;SHP-2026-0241321;2026-12-14 02:54:37;Incorrect Delivery;Other;Email;TRUE
CMP-0003992;SHP-2026-0159103;2026-05-18 10:19:12;Other;Wrong delivery instructions;Email;TRUE
CMP-0001783;SHP-2025-0071219;2025-08-20 16:51:52;Late Delivery;Delivery date repeatedly changed;Chat;TRUE
CMP-0003713;SHP-2026-0147223;2026-04-05 01:50:13;Failed Delivery;Delivery unsuccessful;Chat;TRUE
CMP-0003463;SHP-2026-0136737;2026-02-13 07:03:20;Failed Delivery;Repeated delivery attempt;Phone;FALSE
CMP-0002659;SHP-2025-0107072;2025-12-28 14:54:44;Late Delivery;Delivery date repeatedly changed;Email;TRUE
CMP-0002441;SHP-2025-0098872;2025-11-17 00:46:11;Other;Wrong delivery instructions;Phone;TRUE
CMP-0000603;SHP-2025-0023959;2025-03-18 20:03:43;Late Delivery;Long transit time;Email;TRUE
CMP-0005804;SHP-2026-0231015;2026-11-14 09:13:24;Late Delivery;Delivery date repeatedly changed;Phone;TRUE
CMP-0004020;SHP-2026-0160582;2026-05-03 22:00:59;Failed Delivery;Customer not available;Email;TRUE
CMP-0005844;SHP-2026-0232443;2026-11-25 08:13:26;Failed Delivery;Returned to sender;Phone;TRUE
CMP-0001035;SHP-2025-0041733;2025-05-05 01:25:01;Other;Wrong delivery instructions;Phone;TRUE
CMP-0002593;SHP-2025-0103928;2025-11-12 13:43:11;Late Delivery;Delivered after promised date;Phone;TRUE
CMP-0003475;SHP-2026-0136917;2026-02-23 08:58:45;Late Delivery;Long transit time;Email;TRUE
CMP-0000325;SHP-2025-0013197;2025-02-06 19:43:13;Incorrect Delivery;Wrong delivery instructions;Phone;TRUE
CMP-0003247;SHP-2026-0127665;2026-02-06 20:47:15;Other;Tracking issue;Email;TRUE
CMP-0003047;SHP-2025-0119700;2025-12-12 03:27:33;Late Delivery;Long transit time;Email;TRUE
CMP-0002196;SHP-2025-0088535;2025-11-05 13:11:49;Other;Other;Web Form;TRUE
CMP-0004155;SHP-2026-0166072;2026-05-28 19:11:41;Failed Delivery;Returned to sender;Email;TRUE
CMP-0006008;SHP-2026-0238219;2026-12-29 04:03:11;Late Delivery;Long transit time;Web Form;TRUE
CMP-0005661;SHP-2026-0226045;2026-11-08 05:04:29;Late Delivery;Delivered after promised date;Phone;TRUE
CMP-0000560;SHP-2025-0022054;2025-04-02 07:57:54;Other;Tracking issue;Phone;TRUE
CMP-0004264;SHP-2026-0171095;2026-06-29 13:57:15;Late Delivery;Long transit time;Email;TRUE
CMP-0006200;SHP-2026-0243563;2026-12-18 05:13:47;Late Delivery;Delivery date repeatedly changed;Phone;TRUE
CMP-0005737;SHP-2026-0228899;2026-11-13 21:29:44;Failed Delivery;Courier did not reach customer;Phone;TRUE
CMP-0005083;SHP-2026-0203251;2026-09-15 15:21:00;Late Delivery;Delivered after promised date;Phone;FALSE
CMP-0002421;SHP-2025-0098255;2025-12-06 04:41:46;Late Delivery;Delivered after promised date;Email;TRUE
CMP-0003570;SHP-2026-0141028;2026-03-07 11:03:42;Incorrect Delivery;Tracking issue;Web Form;TRUE
CMP-0000733;SHP-2025-0029264;2025-04-24 01:00:50;Late Delivery;Delivery date repeatedly changed;Phone;TRUE
CMP-0002776;SHP-2025-0110731;2026-01-01 14:41:42;Incorrect Delivery;Wrong delivery instructions;Chat;TRUE
CMP-0000245;SHP-2025-0010152;2025-03-07 11:27:48;Lost Shipment;Shipment not delivered;Phone;TRUE
CMP-0003784;SHP-2026-0149415;2026-04-17 17:45:10;Failed Delivery;Courier did not reach customer;Phone;TRUE
CMP-0005657;SHP-2026-0225892;2026-12-05 01:38:04;Incorrect Delivery;Other;Email;TRUE
CMP-0005818;SHP-2026-0231470;2026-11-14 07:47:50;Late Delivery;Long transit time;Web Form;TRUE
CMP-0006333;SHP-2026-0247869;2026-12-14 02:08:30;Late Delivery;Delivery date repeatedly changed;Email;TRUE
CMP-0003479;SHP-2026-0137201;2026-02-05 21:18:31;Failed Delivery;Delivery unsuccessful;Phone;TRUE
CMP-0002218;SHP-2025-0089250;2025-11-05 20:18:32;Late Delivery;Delivered after promised date;Phone;TRUE
CMP-0006130;SHP-2026-0241381;2026-12-22 23:21:21;Late Delivery;Delivery date repeatedly changed;Phone;TRUE
CMP-0001688;SHP-2025-0067658;2025-08-19 15:55:43;Other;Wrong delivery instructions;Email;TRUE
CMP-0006071;SHP-2026-0239980;2026-12-29 05:55:29;Late Delivery;Delivered after promised date;Web Form;TRUE
CMP-0000388;SHP-2025-0015697;2025-02-12 22:17:17;Late Delivery;Delivered after promised date;Email;TRUE
CMP-0006023;SHP-2026-0238531;2026-12-18 18:48:13;Failed Delivery;Courier did not reach customer;Email;TRUE
CMP-0001447;SHP-2025-0058252;2025-07-14 11:14:33;Late Delivery;Delivered after promised date;Web Form;TRUE
CMP-0004788;SHP-2026-0191738;2026-08-22 22:08:57;Incorrect Delivery;Other;Web Form;TRUE
CMP-0000587;SHP-2025-0023157;2025-03-13 02:02:29;Failed Delivery;Customer not available;Web Form;FALSE
CMP-0005536;SHP-2026-0221322;2026-11-20 01:35:54;Failed Delivery;Courier did not reach customer;Email;TRUE
CMP-0000315;SHP-2025-0012883;2025-02-05 02:51:06;Failed Delivery;Customer not available;Email;TRUE
CMP-0003811;SHP-2026-0151098;2026-04-15 06:33:30;Incorrect Delivery;Other;Web Form;TRUE
CMP-0002323;SHP-2025-0094105;2025-11-10 04:37:51;Late Delivery;Long transit time;Email;TRUE
CMP-0005713;SHP-2026-0228201;2026-11-27 04:17:48;Failed Delivery;Repeated delivery attempt;Chat;TRUE
CMP-0003283;SHP-2026-0129313;2026-01-19 11:32:47;Late Delivery;Delivered after promised date;Email;TRUE
CMP-0003041;SHP-2025-0119507;2025-12-12 12:01:29;Late Delivery;Long transit time;Chat;TRUE
CMP-0002760;SHP-2025-0110233;2026-01-05 14:27:15;Incorrect Delivery;Tracking issue;Email;TRUE
CMP-0000529;SHP-2025-0020779;2025-03-22 04:02:05;Late Delivery;Delivered after promised date;Web Form;TRUE
CMP-0002578;SHP-2025-0103690;2025-11-19 19:22:31;Lost Shipment;Shipment not delivered;Email;FALSE
CMP-0002450;SHP-2025-0099124;2025-11-18 01:16:08;Incorrect Delivery;Other;Web Form;TRUE
CMP-0000224;SHP-2025-0009064;2025-02-14 15:21:17;Failed Delivery;Repeated delivery attempt;Email;TRUE
CMP-0006331;SHP-2026-0247865;2026-12-13 21:36:34;Late Delivery;Delivered after promised date;Phone;TRUE
CMP-0001390;SHP-2025-0056117;2025-07-21 06:21:54;Late Delivery;Long transit time;Email;TRUE
CMP-0001843;SHP-2025-0073294;2025-09-23 00:38:27;Damaged Shipment;Packaging failure;Phone;TRUE
CMP-0003879;SHP-2026-0153771;2026-04-24 19:53:48;Failed Delivery;Courier did not reach customer;Phone;TRUE
CMP-0004124;SHP-2026-0164986;2026-06-03 14:42:07;Late Delivery;Delivered after promised date;Email;TRUE
CMP-0002264;SHP-2025-0091184;2025-10-11 20:56:47;Late Delivery;Delivered after promised date;Web Form;TRUE
CMP-0004087;SHP-2026-0163268;2026-06-02 22:34:02;Other;Tracking issue;Web Form;TRUE
CMP-0005030;SHP-2026-0201249;2026-01-02 15:22:06;Failed Delivery;Repeated delivery attempt;Phone;TRUE
CMP-0001749;SHP-2025-0069934;2025-08-14 10:03:24;Late Delivery;Delivery date repeatedly changed;Phone;TRUE
CMP-0002743;SHP-2025-0109701;2026-01-09 02:56:39;Failed Delivery;Courier did not reach customer;Chat;TRUE
CMP-0002973;SHP-2025-0116970;2025-12-23 01:17:52;Late Delivery;Delivery date repeatedly changed;Phone;TRUE
CMP-0002677;SHP-2025-0107697;2025-12-07 13:16:30;Late Delivery;Delivery date repeatedly changed;Phone;TRUE
CMP-0001400;SHP-2025-0056669;2025-07-21 12:44:58;Failed Delivery;Courier did not reach customer;Web Form;FALSE
CMP-0006369;SHP-2026-0249267;2026-12-25 21:20:49;Late Delivery;Long transit time;Phone;TRUE
CMP-0005403;SHP-2026-0215970;2026-10-16 16:53:19;Other;Other;Email;TRUE
CMP-0002497;SHP-2025-0101009;2025-11-15 05:21:50;Failed Delivery;Delivery unsuccessful;Email;TRUE
CMP-0005925;SHP-2026-0235318;2026-12-25 13:38:40;Late Delivery;Delivered after promised date;Chat;TRUE
CMP-0004491;SHP-2026-0179885;2026-08-04 18:34:41;Other;Tracking issue;Email;TRUE
CMP-0001410;SHP-2025-0057149;2025-08-02 11:24:08;Late Delivery;Long transit time;Email;TRUE
CMP-0004581;SHP-2026-0183195;2026-07-12 01:31:51;Late Delivery;Delivery date repeatedly changed;Phone;TRUE
CMP-0005291;SHP-2026-0212119;2026-10-27 09:43:55;Late Delivery;Delivered after promised date;Web Form;TRUE
CMP-0000029;SHP-2025-0001453;2025-01-14 19:25:01;Incorrect Delivery;Tracking issue;Phone;TRUE
CMP-0004674;SHP-2026-0187259;2026-08-02 15:39:35;Incorrect Delivery;Tracking issue;Phone;TRUE
CMP-0005043;SHP-2026-0201684;2026-09-21 04:56:10;Late Delivery;Delivered after promised date;Email;TRUE
CMP-0006382;SHP-2026-0249677;2026-12-19 11:13:55;Late Delivery;Long transit time;Phone;TRUE
CMP-0002479;SHP-2025-0100429;2025-11-24 01:52:05;Damaged Shipment;Packaging failure;Email;TRUE
CMP-0003221;SHP-2026-0126831;2026-02-05 12:12:49;Late Delivery;Delivered after promised date;Email;TRUE
CMP-0004037;SHP-2026-0161277;2026-05-26 12:23:27;Lost Shipment;Declared lost;Email;TRUE
CMP-0004307;SHP-2026-0173073;2026-07-01 11:51:50;Late Delivery;Delivered after promised date;Email;TRUE
CMP-0002276;SHP-2025-0091919;2025-10-19 18:28:30;Failed Delivery;Repeated delivery attempt;Chat;TRUE
CMP-0005053;SHP-2026-0202104;2026-09-29 23:01:31;Late Delivery;Delivered after promised date;Web Form;TRUE
CMP-0006183;SHP-2026-0242944;2026-12-27 04:22:42;Other;Wrong delivery instructions;Web Form;TRUE
CMP-0004480;SHP-2026-0179594;2026-07-13 12:43:22;Other;Wrong delivery instructions;Email;TRUE
CMP-0000271;SHP-2025-0011097;2025-02-26 06:18:52;Incorrect Delivery;Tracking issue;Email;TRUE
CMP-0000576;SHP-2025-0022906;2025-03-25 10:26:17;Incorrect Delivery;Wrong delivery instructions;Phone;TRUE
CMP-0004082;SHP-2026-0162971;2026-05-22 03:40:37;Late Delivery;Delivered after promised date;Phone;TRUE
CMP-0002782;SHP-2025-0110913;2025-12-07 13:23:03;Other;Other;Web Form;TRUE
CMP-0003378;SHP-2026-0133095;2026-02-13 13:46:22;Late Delivery;Delivery date repeatedly changed;Phone;TRUE
CMP-0000775;SHP-2025-0030674;2025-04-17 22:45:54;Late Delivery;Delivery date repeatedly changed;Web Form;TRUE
CMP-0004481;SHP-2026-0179631;2026-07-26 12:16:43;Late Delivery;Delivery date repeatedly changed;Phone;TRUE
CMP-0000113;SHP-2025-0004626;2025-01-18 06:47:17;Failed Delivery;Customer not available;Phone;TRUE
CMP-0004884;SHP-2026-0195665;2026-08-23 16:08:33;Incorrect Delivery;Tracking issue;Email;FALSE
CMP-0000372;SHP-2025-0015099;2025-02-09 19:16:49;late delivery;Delivered after promised date;Chat;FALSE
CMP-0005838;SHP-2026-0232241;2026-11-28 21:28:17;Late Delivery;Delivery date repeatedly changed;Phone;TRUE
CMP-0001547;SHP-2025-0062163;2025-07-28 02:55:09;Other;Wrong delivery instructions;Chat;TRUE
CMP-0002967;SHP-2025-0116662;2026-01-04 08:31:34;Other;Tracking issue;Phone;TRUE
CMP-0002876;SHP-2025-0113770;2026-01-03 03:48:54;Late Delivery;Delivery date repeatedly changed;Web Form;TRUE
CMP-0004997;SHP-2026-0199966;2026-09-16 01:03:22;Other;Tracking issue;Email;FALSE
CMP-0006308;SHP-2026-0247092;2026-12-22 16:14:26;Other;Other;Email;FALSE
CMP-0004314;SHP-2026-0173470;2026-06-17 09:43:02;Late Delivery;Delivered after promised date;Phone;TRUE
CMP-0004529;SHP-2026-0181150;2026-07-21 22:43:02;Other;Other;Chat;TRUE
CMP-0004385;SHP-2026-0175801;2026-07-01 07:01:28;Late Delivery;Delivered after promised date;Chat;TRUE
CMP-0004829;SHP-2026-0193582;2026-09-05 03:46:54;Failed Delivery;Courier did not reach customer;Web Form;TRUE
CMP-0001194;SHP-2025-0048024;2025-06-25 14:50:40;Late Delivery;Long transit time;Chat;TRUE
CMP-0005247;SHP-2026-0210230;2026-10-14 07:14:00;Other;Wrong delivery instructions;Email;TRUE
CMP-0000075;SHP-2025-0003039;2025-01-31 22:26:55;Late Delivery;Long transit time;Web Form;TRUE
CMP-0002482;SHP-2025-0100501;2025-12-02 01:47:02;Failed Delivery;Delivery unsuccessful;Phone;TRUE
CMP-0005989;SHP-2026-0237290;2026-12-25 17:54:32;Late Delivery;Long transit time;Phone;TRUE
CMP-0004154;SHP-2026-0166070;2026-05-23 18:18:42;Lost Shipment;Shipment not delivered;Chat;TRUE
CMP-0002584;SHP-2025-0103768;2025-11-11 16:48:01;Late Delivery;Delivered after promised date;Email;TRUE
CMP-0004975;SHP-2026-0199234;2026-09-19 15:02:20;Failed Delivery;Customer not available;Email;TRUE
CMP-0005280;SHP-2026-0211838;2026-10-18 03:40:50;Late Delivery;Delivery date repeatedly changed;Phone;TRUE
CMP-0004447;SHP-2026-0178525;2026-07-26 06:15:35;Late Delivery;Long transit time;Web Form;TRUE
CMP-0003893;SHP-2026-0154345;2026-04-20 01:00:15;Late Delivery;Long transit time;Email;TRUE
CMP-0002290;SHP-2025-0092466;2025-10-08 17:17:34;Late Delivery;Long transit time;Web Form;TRUE
CMP-0001822;SHP-2025-0072619;2025-09-04 20:47:00;Incorrect Delivery;Wrong delivery instructions;Phone;TRUE
CMP-0005849;SHP-2026-0232647;2026-11-25 22:43:52;Other;Other;Phone;TRUE
CMP-0001612;SHP-2025-0065188;2025-08-30 00:30:11;Incorrect Delivery;Tracking issue;Chat;TRUE
CMP-0005553;SHP-2026-0221965;2026-11-30 09:08:10;Incorrect Delivery;Wrong delivery instructions;Email;TRUE
CMP-0004424;SHP-2026-0177677;2026-06-28 10:00:52;Incorrect Delivery;Wrong delivery instructions;Web Form;TRUE
CMP-0002799;SHP-2025-0111396;2025-12-23 16:23:40;Late Delivery;Long transit time;Phone;TRUE
CMP-0001468;SHP-2025-0059026;2025-08-03 18:16:24;Other;Tracking issue;Web Form;TRUE
CMP-0002132;SHP-2025-0085588;2025-10-29 08:11:45;Failed Delivery;Customer not available;Email;TRUE
CMP-0000304;SHP-2025-0012460;2025-02-05 23:44:08;Other;Wrong delivery instructions;Email;TRUE
CMP-0005548;SHP-2026-0221800;2026-11-24 23:10:32;Other;Wrong delivery instructions;Web Form;TRUE
CMP-0001320;SHP-2025-0053271;2025-06-27 18:00:02;Failed Delivery;Repeated delivery attempt;Chat;TRUE
CMP-0004440;SHP-2026-0178311;2026-07-08 20:00:10;Late Delivery;Delivery date repeatedly changed;Email;TRUE
CMP-0002454;SHP-2025-0099244;2025-11-09 13:36:55;Other;Tracking issue;Email;TRUE
CMP-0004553;SHP-2026-0182217;2026-07-26 22:34:37;Failed Delivery;Repeated delivery attempt;Web Form;TRUE
CMP-0002153;SHP-2025-0086222;2025-10-13 08:01:23;Other;Tracking issue;Chat;TRUE
CMP-0001720;SHP-2025-0069083;2025-08-09 02:21:58;Late Delivery;Delivery date repeatedly changed;Email;FALSE
CMP-0004745;SHP-2026-0190149;2026-08-16 21:03:12;Late Delivery;Long transit time;Chat;TRUE
CMP-0004755;SHP-2026-0190653;2026-08-25 00:25:48;Failed Delivery;Delivery unsuccessful;Phone;TRUE
CMP-0006221;SHP-2026-0244306;2026-12-21 17:41:43;Failed Delivery;Repeated delivery attempt;Phone;TRUE
CMP-0003736;SHP-2026-0147971;2026-05-01 13:22:48;Late Delivery;Delivery date repeatedly changed;Email;TRUE
CMP-0003545;SHP-2026-0139818;2026-03-16 13:21:43;Failed Delivery;Delivery unsuccessful;Phone;TRUE
CMP-0001771;SHP-2025-0070682;2025-08-23 03:29:38;Late Delivery;Long transit time;Phone;TRUE
CMP-0004291;SHP-2026-0172221;2026-06-09 22:51:05;Late Delivery;Long transit time;Email;TRUE
CMP-0001734;SHP-2025-0069562;2025-08-09 01:54:12;Damaged Shipment;Package damaged;Email;TRUE
CMP-0002818;SHP-2025-0111932;2025-12-13 13:28:23;Failed Delivery;Customer not available;Chat;TRUE
CMP-0000574;SHP-2025-0022700;2025-04-06 13:24:08;Late Delivery;Long transit time;Phone;TRUE
CMP-0000579;SHP-2025-0023073;2025-03-29 20:59:12;Incorrect Delivery;Other;Email;TRUE
CMP-0001962;SHP-2025-0079137;2025-09-24 01:17:27;Late Delivery;Long transit time;Phone;TRUE
CMP-0005972;SHP-2026-0236892;2026-12-10 22:21:46;Late Delivery;Long transit time;Phone;TRUE
CMP-0000084;SHP-2025-0003263;2025-01-30 22:23:55;Failed Delivery;Customer not available;Chat;TRUE
CMP-0003437;SHP-2026-0135728;2026-02-17 13:46:26;Failed Delivery;Customer not available;Phone;TRUE
CMP-0005782;SHP-2026-0230324;2026-12-05 18:11:46;Other;Tracking issue;Phone;TRUE
CMP-0004378;SHP-2026-0175574;2026-06-10 22:43:27;Late Delivery;Delivery date repeatedly changed;Phone;TRUE
CMP-0002960;SHP-2025-0116389;2026-01-05 02:52:33;Other;Other;Web Form;TRUE
CMP-0000209;SHP-2025-0008602;2025-03-02 10:24:01;Failed Delivery;Repeated delivery attempt;Email;TRUE
CMP-0002823;SHP-2025-0112080;2025-12-12 09:11:07;Late Delivery;Delivery date repeatedly changed;Web Form;TRUE
CMP-0005265;SHP-2026-0211262;2026-10-15 13:54:35;Failed Delivery;Customer not available;Chat;TRUE
CMP-0003699;SHP-2026-0146697;2026-03-26 15:35:00;Failed Delivery;Courier did not reach customer;Phone;FALSE
CMP-0006314;SHP-2026-0247339;2027-01-02 07:12:58;Late Delivery;Long transit time;Chat;FALSE
CMP-0002587;SHP-2025-0103816;2025-12-04 16:23:04;Incorrect Delivery;Tracking issue;Email;TRUE
CMP-0004588;SHP-2026-0183485;2026-07-11 16:50:16;Late Delivery;Delivery date repeatedly changed;Email;TRUE
CMP-0002171;SHP-2025-0086744;2025-11-05 21:29:20;Failed Delivery;Customer not available;Email;TRUE
CMP-0001032;SHP-2025-0041639;2025-05-05 23:43:37;Failed Delivery;Repeated delivery attempt;Web Form;TRUE
CMP-0000294;SHP-2025-0012011;2025-02-27 07:49:24;Failed Delivery;Delivery unsuccessful;Phone;TRUE
CMP-0005443;SHP-2026-0217723;2026-10-20 13:30:44;Lost Shipment;Shipment not delivered;Phone;TRUE
CMP-0000254;SHP-2025-0010432;2025-03-04 01:36:04;Late Delivery;Delivery date repeatedly changed;Chat;TRUE
CMP-0000932;SHP-2025-0036914;2025-05-07 20:40:13;Late Delivery;Delivery date repeatedly changed;Phone;TRUE
CMP-0000745;SHP-2025-0029493;2025-04-14 07:33:22;Failed Delivery;Customer not available;Phone;TRUE
CMP-0001736;SHP-2025-0069618;2025-08-18 19:49:45;Late Delivery;Delivered after promised date;Phone;TRUE
CMP-0003234;SHP-2026-0127082;2026-01-12 16:37:21;Late Delivery;Delivered after promised date;Email;TRUE
CMP-0000592;SHP-2025-0023490;2025-04-03 22:49:13;Failed Delivery;Repeated delivery attempt;Email;TRUE
CMP-0002285;SHP-2025-0092220;2025-11-04 08:25:18;Failed Delivery;Delivery unsuccessful;Chat;TRUE
CMP-0005788;SHP-2026-0230597;2026-11-13 05:01:21;Other;Wrong delivery instructions;Phone;TRUE
CMP-0001227;SHP-2025-0049387;2025-06-27 09:51:00;Late Delivery;Delivery date repeatedly changed;Web Form;TRUE
CMP-0000989;SHP-2025-0039759;2025-05-17 03:23:59;Late Delivery;Delivered after promised date;Email;TRUE
CMP-0000006;SHP-2025-0000295;2025-01-22 15:48:47;Failed Delivery;Repeated delivery attempt;Phone;TRUE
CMP-0005688;SHP-2026-0227078;2026-11-20 20:41:02;Late Delivery;Delivery date repeatedly changed;Email;TRUE
CMP-0002731;SHP-2025-0109218;2026-01-06 07:54:18;Late Delivery;Delivered after promised date;Chat;FALSE
CMP-0005747;SHP-2026-0229213;2026-11-15 07:01:28;Other;Other;Email;TRUE
CMP-0003195;SHP-2026-0125466;2026-02-05 03:14:35;Late Delivery;Long transit time;Phone;TRUE
CMP-0000484;SHP-2025-0018921;2025-03-14 17:53:34;Failed Delivery;Repeated delivery attempt;Web Form;TRUE
CMP-0002146;SHP-2025-0086056;2025-10-19 18:37:03;Incorrect Delivery;Wrong delivery instructions;Web Form;FALSE
CMP-0004757;SHP-2026-0190746;2026-08-13 13:10:14;Incorrect Delivery;Other;Chat;TRUE
CMP-0001015;SHP-2025-0041094;2025-06-01 23:04:51;Incorrect Delivery;Wrong delivery instructions;Email;TRUE
CMP-0003218;SHP-2026-0126764;2026-01-29 08:58:21;Other;Tracking issue;Web Form;TRUE
CMP-0006191;SHP-2026-0243236;2026-12-12 13:03:57;Late Delivery;Delivered after promised date;Phone;TRUE
CMP-0004377;SHP-2026-0175508;2026-06-11 01:58:21;Incorrect Delivery;Tracking issue;Chat;TRUE
CMP-0001582;SHP-2025-0063952;2025-08-15 10:10:16;Incorrect Delivery;Tracking issue;Web Form;TRUE
CMP-0001086;SHP-2025-0043813;2025-05-16 13:22:23;Incorrect Delivery;Other;Phone;TRUE
CMP-0003052;SHP-2025-0119871;2025-12-08 17:18:40;Late Delivery;Delivery date repeatedly changed;Phone;TRUE
CMP-0001876;SHP-2025-0074907;2025-09-25 18:28:31;Late Delivery;Delivery date repeatedly changed;Web Form;TRUE
CMP-0000893;SHP-2025-0035557;2025-06-01 12:20:01;Late Delivery;Delivered after promised date;Phone;TRUE
CMP-0001549;SHP-2025-0062262;2025-07-15 14:56:46;Late Delivery;Delivered after promised date;Phone;TRUE
CMP-0001828;SHP-2025-0072815;2025-09-15 11:08:57;Failed Delivery;Delivery unsuccessful;Email;TRUE
CMP-0006046;SHP-2026-0239259;2026-12-11 23:50:41;Late Delivery;Long transit time;Email;TRUE
CMP-0000961;SHP-2025-0038382;2025-05-27 00:50:28;Late Delivery;Delivery date repeatedly changed;Phone;TRUE
CMP-0001237;SHP-2025-0049981;2025-06-09 20:32:51;Late Delivery;Delivery date repeatedly changed;Email;TRUE
CMP-0006259;SHP-2026-0245351;2026-12-23 21:00:34;Other;Other;Phone;TRUE
CMP-0000690;SHP-2025-0027650;2025-04-24 15:37:23;Incorrect Delivery;Other;Email;TRUE
CMP-0002395;SHP-2025-0096830;2025-11-08 06:05:15;Late Delivery;Delivery date repeatedly changed;Chat;TRUE
CMP-0005072;SHP-2026-0202794;2026-09-11 02:36:08;Other;Tracking issue;Phone;TRUE
CMP-0003661;SHP-2026-0145119;2026-03-09 01:42:22;Other;Other;Email;TRUE
CMP-0005503;SHP-2026-0220155;2026-10-29 22:24:47;Failed Delivery;Courier did not reach customer;Phone;TRUE
CMP-0002338;SHP-2025-0094513;2025-11-12 20:18:15;Late Delivery;Long transit time;Email;TRUE
CMP-0000493;SHP-2025-0019448;2025-04-06 10:57:41;Late Delivery;Long transit time;Phone;TRUE
CMP-0005763;SHP-2026-0229776;2026-12-05 17:10:48;Incorrect Delivery;Tracking issue;Phone;TRUE
CMP-0001193;SHP-2025-0048014;2025-06-24 11:01:48;Incorrect Delivery;Other;Chat;FALSE
CMP-0004367;SHP-2026-0175366;2026-06-16 18:28:49;Other;Wrong delivery instructions;Phone;TRUE
CMP-0001556;SHP-2025-0063006;2025-08-01 05:30:28;Incorrect Delivery;Other;Email;TRUE
CMP-0000247;SHP-2025-0010226;2025-02-14 07:42:36;Other;Other;Web Form;TRUE
CMP-0004280;SHP-2026-0171723;2026-07-03 04:44:07;Late Delivery;Long transit time;Web Form;TRUE
CMP-0003984;SHP-2026-0158766;2026-01-03 02:35:03;Other;Other;Phone;TRUE
CMP-0001850;SHP-2025-0073540;2025-09-06 22:00:34;Incorrect Delivery;Other;Phone;TRUE
CMP-0000446;SHP-2025-0017814;2025-03-13 17:56:22;Incorrect Delivery;Other;Email;TRUE
CMP-0002545;SHP-2025-0102659;2025-11-23 07:41:39;Incorrect Delivery;Tracking issue;Email;TRUE
CMP-0004544;SHP-2026-0181924;2026-08-01 16:22:34;Other;Other;Phone;TRUE
CMP-0005470;SHP-2026-0219207;2026-10-22 10:58:39;Late Delivery;Delivered after promised date;Chat;TRUE
CMP-0003494;SHP-2026-0137731;2026-02-14 13:24:01;Damaged Shipment;Packaging failure;Phone;TRUE
CMP-0004622;SHP-2026-0185066;2026-07-08 13:53:26;Incorrect Delivery;Wrong delivery instructions;Web Form;FALSE
CMP-0005411;SHP-2026-0216483;2026-10-23 12:10:20;Late Delivery;Delivery date repeatedly changed;Web Form;TRUE
CMP-0002329;SHP-2025-0094283;2025-12-04 09:09:11;Failed Delivery;Courier did not reach customer;Web Form;TRUE
CMP-0001001;SHP-2025-0040353;2025-05-14 19:04:18;Failed Delivery;Courier did not reach customer;Phone;TRUE
CMP-0006351;SHP-2026-0248625;2026-12-07 05:35:26;Late Delivery;Delivery date repeatedly changed;Web Form;TRUE
CMP-0001103;SHP-2025-0044479;2025-06-10 01:24:22;Failed Delivery;Delivery unsuccessful;Email;TRUE
CMP-0001653;SHP-2025-0066655;2025-08-26 08:00:17;Failed Delivery;Delivery unsuccessful;Chat;TRUE
CMP-0001784;SHP-2025-0071244;2025-08-25 11:47:13;Late Delivery;Delivery date repeatedly changed;Phone;TRUE
CMP-0005940;SHP-2026-0235803;2026-12-07 08:49:17;Late Delivery;Delivered after promised date;Web Form;TRUE
CMP-0002535;SHP-2025-0102311;2025-11-21 14:52:02;Incorrect Delivery;Tracking issue;Web Form;TRUE
CMP-0003431;SHP-2026-0135538;2026-02-10 22:30:55;Failed Delivery;Repeated delivery attempt;Email;TRUE
CMP-0005807;SHP-2026-0231058;2026-11-12 02:44:57;Late Delivery;Delivered after promised date;Email;TRUE
CMP-0005662;SHP-2026-0226051;2026-11-09 12:11:54;Incorrect Delivery;Wrong delivery instructions;Chat;TRUE
CMP-0005152;SHP-2026-0206914;2026-09-16 22:40:37;Other;Other;Phone;TRUE
CMP-0000327;SHP-2025-0013312;2025-02-03 20:58:25;Failed Delivery;Delivery unsuccessful;Web Form;TRUE
CMP-0002126;SHP-2025-0085462;2025-10-22 03:28:47;Late Delivery;Delivery date repeatedly changed;Web Form;TRUE
CMP-0000887;SHP-2025-0035229;2025-05-25 05:34:38;Other;Tracking issue;Phone;TRUE
CMP-0003032;SHP-2025-0119296;2025-12-23 21:58:07;Failed Delivery;Customer not available;Email;TRUE
CMP-0000447;SHP-2025-0017841;2025-03-11 20:43:38;Late Delivery;Delivery date repeatedly changed;Web Form;TRUE
CMP-0001917;SHP-2025-0076590;2025-09-20 15:50:32;Incorrect Delivery;Wrong delivery instructions;Email;TRUE
CMP-0004645;SHP-2026-0185881;2026-08-01 19:27:03;Incorrect Delivery;Wrong delivery instructions;Email;TRUE
CMP-0003372;SHP-2026-0132977;2026-03-02 12:51:40;Failed Delivery;Returned to sender;Email;TRUE
CMP-0005123;SHP-2026-0205141;2026-09-15 13:56:58;Incorrect Delivery;Other;Phone;TRUE
CMP-0001870;SHP-2025-0074699;2025-09-10 23:30:35;Other;Wrong delivery instructions;Web Form;TRUE
CMP-0002437;SHP-2025-0098724;2025-11-28 17:29:11;Other;Wrong delivery instructions;Email;TRUE
CMP-0005025;SHP-2026-0201201;2026-10-04 03:52:53;Incorrect Delivery;Other;Web Form;TRUE
CMP-0003735;SHP-2026-0147967;2026-04-24 09:23:52;Late Delivery;Delivery date repeatedly changed;Phone;TRUE
CMP-0002041;SHP-2025-0082193;2025-09-13 03:21:05;Failed Delivery;Repeated delivery attempt;Email;TRUE
CMP-0004578;SHP-2026-0183154;2026-07-29 09:46:51;Late Delivery;Delivery date repeatedly changed;Phone;TRUE
CMP-0003921;SHP-2026-0155505;2026-05-06 03:40:03;Damaged Shipment;Package damaged;Web Form;TRUE
CMP-0000797;SHP-2025-0031820;2025-04-13 21:01:15;Late Delivery;Long transit time;Email;TRUE
CMP-0005629;SHP-2026-0224776;2026-11-22 23:05:28;Damaged Shipment;Package damaged;Email;TRUE
CMP-0001345;SHP-2025-0054397;2025-07-19 11:39:01;Lost Shipment;Declared lost;Phone;TRUE
CMP-0002286;SHP-2025-0092271;2025-10-06 23:02:51;Incorrect Delivery;Tracking issue;Phone;TRUE
CMP-0001909;SHP-2025-0076383;2025-09-07 14:43:01;Failed Delivery;Customer not available;Phone;TRUE
CMP-0002096;SHP-2025-0084229;2025-10-31 20:48:23;Late Delivery;Delivered after promised date;Phone;TRUE
CMP-0004628;SHP-2026-0185399;2026-07-17 13:47:43;Late Delivery;Delivery date repeatedly changed;Email;TRUE
CMP-0004631;SHP-2026-0185511;2026-07-18 05:35:40;Other;Tracking issue;Chat;TRUE
CMP-0002334;SHP-2025-0094428;2025-11-13 08:40:15;Late Delivery;Delivery date repeatedly changed;Phone;TRUE
CMP-0002888;SHP-2025-0114050;2025-12-06 07:46:24;Late Delivery;Long transit time;Phone;TRUE
CMP-0005970;SHP-2026-0236747;2026-12-10 08:45:46;Late Delivery;Delivered after promised date;Phone;TRUE
CMP-0003607;SHP-2026-0143173;2026-03-12 07:07:57;Incorrect Delivery;Wrong delivery instructions;Web Form;TRUE
CMP-0004303;SHP-2026-0172890;2026-06-07 05:50:54;Late Delivery;Long transit time;Email;TRUE
CMP-0002697;SHP-2025-0108332;2026-01-02 18:09:56;Incorrect Delivery;Other;Email;TRUE
CMP-0004836;SHP-2026-0193832;2026-08-21 00:58:44;Incorrect Delivery;Tracking issue;Phone;TRUE
CMP-0000366;SHP-2025-0014658;2025-02-14 17:15:14;Failed Delivery;Customer not available;Web Form;TRUE
CMP-0002757;SHP-2025-0110162;2025-12-28 21:56:51;Failed Delivery;Repeated delivery attempt;Web Form;TRUE
CMP-0001776;SHP-2025-0070888;2025-08-22 09:15:57;Late Delivery;Long transit time;Chat;TRUE
CMP-0003694;SHP-2026-0146423;2026-03-05 11:13:56;Failed Delivery;Courier did not reach customer;Phone;TRUE
CMP-0002803;SHP-2025-0111461;2026-01-03 02:47:29;Incorrect Delivery;Other;Phone;TRUE
CMP-0004821;SHP-2026-0193239;2026-08-15 19:12:05;Failed Delivery;Customer not available;Phone;TRUE
CMP-0001304;SHP-2025-0052347;2025-06-21 23:05:31;Failed Delivery;Delivery unsuccessful;Chat;TRUE
CMP-0001472;SHP-2025-0059246;2025-07-13 23:50:20;Late Delivery;Delivery date repeatedly changed;Web Form;TRUE
CMP-0000500;SHP-2025-0019676;2025-04-01 19:06:12;Failed Delivery;Repeated delivery attempt;Chat;TRUE
CMP-0004121;SHP-2026-0164919;2026-05-17 20:06:01;Other;Wrong delivery instructions;Chat;TRUE
CMP-0000380;SHP-2025-0015374;2025-02-08 10:44:48;Incorrect Delivery;Other;Email;TRUE
CMP-0000645;SHP-2025-0025525;2025-04-24 01:43:59;Failed Delivery;Customer not available;Email;TRUE
CMP-0003391;SHP-2026-0133712;2026-02-21 05:51:22;Failed Delivery;Courier did not reach customer;Web Form;TRUE
CMP-0005729;SHP-2026-0228502;2026-11-07 15:28:07;Failed Delivery;Repeated delivery attempt;Email;TRUE
CMP-0003600;SHP-2026-0142717;2026-03-16 16:01:57;Failed Delivery;Repeated delivery attempt;Web Form;TRUE
CMP-0004156;SHP-2026-0166095;2026-05-26 20:41:13;Lost Shipment;No tracking progress;Chat;TRUE
CMP-0002817;SHP-2025-0111840;2026-01-02 16:15:33;Other;Tracking issue;Phone;TRUE
CMP-0003507;SHP-2026-0138360;2026-03-11 21:20:12;Late Delivery;Long transit time;Email;TRUE
CMP-0001489;SHP-2025-0059941;2025-07-14 04:20:10;Late Delivery;Delivery date repeatedly changed;Chat;TRUE
CMP-0004057;SHP-2026-0162086;2026-05-16 16:39:18;Late Delivery;Delivered after promised date;Web Form;TRUE
CMP-0004826;SHP-2026-0193395;2026-08-25 15:15:03;Other;Wrong delivery instructions;Web Form;TRUE
CMP-0004736;SHP-2026-0189869;2026-08-10 14:02:33;Incorrect Delivery;Wrong delivery instructions;Web Form;TRUE
CMP-0002032;SHP-2025-0081788;2025-09-15 21:35:35;Failed Delivery;Courier did not reach customer;Web Form;TRUE
CMP-0000429;SHP-2025-0017176;2025-04-03 17:21:45;Incorrect Delivery;Other;Phone;TRUE
CMP-0002865;SHP-2025-0113288;2025-12-15 17:45:56;Other;Other;Phone;TRUE
CMP-0004415;SHP-2026-0177107;2026-06-21 09:00:57;Late Delivery;Delivery date repeatedly changed;Chat;TRUE
CMP-0002764;SHP-2025-0110366;2025-12-21 00:59:46;Failed Delivery;Courier did not reach customer;Web Form;TRUE
CMP-0000303;SHP-2025-0012346;2025-02-12 12:50:14;Other;Tracking issue;Phone;TRUE
CMP-0003822;SHP-2026-0151334;2026-04-17 00:24:06;Other;Wrong delivery instructions;Phone;TRUE
CMP-0001957;SHP-2025-0078839;2025-09-08 12:14:09;Incorrect Delivery;Wrong delivery instructions;Email;TRUE
CMP-0002947;SHP-2025-0115819;2025-12-16 21:43:43;Late Delivery;Delivery date repeatedly changed;Phone;TRUE
CMP-0004840;SHP-2026-0193954;2026-08-20 22:29:48;Other;Tracking issue;Phone;TRUE
CMP-0005907;SHP-2026-0234853;2026-12-28 06:27:34;Late Delivery;Long transit time;Web Form;TRUE
CMP-0003199;SHP-2026-0125896;2026-01-29 16:44:26;Late Delivery;Delivery date repeatedly changed;Phone;FALSE
CMP-0002537;SHP-2025-0102371;2025-12-04 19:59:02;Late Delivery;Delivery date repeatedly changed;Phone;TRUE
CMP-0002255;SHP-2025-0090776;2025-10-28 10:36:39;Late Delivery;Delivered after promised date;Email;TRUE
CMP-0000140;SHP-2025-0005850;2025-02-03 03:24:23;Incorrect Delivery;Wrong delivery instructions;Web Form;TRUE
CMP-0001741;SHP-2025-0069767;2025-08-07 11:49:11;Other;Other;Phone;TRUE
CMP-0002548;SHP-2025-0102691;2025-11-11 11:41:19;Late Delivery;Delivered after promised date;Chat;FALSE
CMP-0005977;SHP-2026-0237063;2026-12-21 00:32:46;Late Delivery;Delivered after promised date;Phone;TRUE
CMP-0002476;SHP-2025-0100309;2025-11-20 09:12:24;Failed Delivery;Repeated delivery attempt;Email;TRUE
CMP-0001755;SHP-2025-0070117;2025-08-12 15:36:42;Late Delivery;Delivery date repeatedly changed;Email;TRUE
CMP-0001111;SHP-2025-0045083;2025-06-25 21:52:47;Late Delivery;Long transit time;Web Form;TRUE
CMP-0004325;SHP-2026-0173796;2026-06-29 04:16:54;Late Delivery;Long transit time;Web Form;TRUE
CMP-0000805;SHP-2025-0032083;2025-04-28 19:58:10;Incorrect Delivery;Other;Email;TRUE
CMP-0001592;SHP-2025-0064499;2025-08-10 17:17:33;Late Delivery;Delivered after promised date;Phone;TRUE
CMP-0002188;SHP-2025-0087907;2025-10-10 13:54:49;Failed Delivery;Repeated delivery attempt;Email;TRUE
CMP-0001514;SHP-2025-0060737;2025-07-29 18:38:59;Failed Delivery;Courier did not reach customer;Web Form;TRUE
CMP-0002353;SHP-2025-0094996;2025-12-07 03:18:48;Late Delivery;Delivery date repeatedly changed;Email;TRUE
CMP-0001638;SHP-2025-0066118;2025-08-06 20:09:27;Other;Other;Email;TRUE
CMP-0002070;SHP-2025-0083411;2025-10-21 05:03:40;Failed Delivery;Courier did not reach customer;Phone;TRUE
CMP-0000431;SHP-2025-0017272;2025-04-02 20:22:28;Other;Tracking issue;Phone;TRUE
CMP-0004290;SHP-2026-0172143;2026-06-16 06:50:24;Late Delivery;Delivery date repeatedly changed;Email;TRUE
CMP-0003593;SHP-2026-0142263;2026-03-09 10:55:05;Other;Other;Web Form;TRUE
CMP-0000058;SHP-2025-0002599;2025-01-04 22:02:07;Incorrect Delivery;Tracking issue;Email;TRUE
CMP-0005308;SHP-2026-0213041;2026-10-23 09:41:50;Late Delivery;Long transit time;Phone;TRUE
CMP-0005149;SHP-2026-0206768;2026-09-13 22:31:50;Failed Delivery;Delivery unsuccessful;Web Form;TRUE
CMP-0004003;SHP-2026-0159810;2026-05-27 10:09:34;Other;Tracking issue;Email;TRUE
CMP-0005022;SHP-2026-0201002;2026-10-02 11:48:15;Incorrect Delivery;Wrong delivery instructions;Email;TRUE
CMP-0003782;SHP-2026-0149409;2026-05-02 09:29:19;Other;Tracking issue;Email;TRUE
CMP-0003617;SHP-2026-0143586;2026-03-31 07:59:41;Late Delivery;Long transit time;Web Form;TRUE
CMP-0000311;SHP-2025-0012700;2025-02-14 15:00:15;Late Delivery;Long transit time;Email;TRUE
CMP-0002473;SHP-2025-0100107;2025-11-13 13:05:57;Incorrect Delivery;Tracking issue;Email;TRUE
CMP-0002675;SHP-2025-0107646;2026-01-02 02:22:46;Incorrect Delivery;Wrong delivery instructions;Phone;TRUE
CMP-0004911;SHP-2026-0196579;2026-09-01 10:47:06;Other;Tracking issue;Phone;TRUE
CMP-0000508;SHP-2025-0019899;2025-03-19 00:43:20;Damaged Shipment;Package damaged;Phone;TRUE
CMP-0002097;SHP-2025-0084262;2025-10-26 23:52:01;Late Delivery;Delivery date repeatedly changed;Email;TRUE
CMP-0006049;SHP-2026-0239373;2026-12-14 17:06:58;Late Delivery;Delivered after promised date;Web Form;TRUE
CMP-0001978;SHP-2025-0079970;2025-10-01 18:28:30;Incorrect Delivery;Wrong delivery instructions;Email;TRUE
CMP-0000212;SHP-2025-0008628;2025-03-02 06:58:03;Late Delivery;Delivery date repeatedly changed;Web Form;TRUE
CMP-0004281;SHP-2026-0171746;2026-06-22 02:48:54;Late Delivery;Delivery date repeatedly changed;Chat;TRUE
CMP-0004271;SHP-2026-0171326;2026-06-19 18:39:36;Incorrect Delivery;Tracking issue;Email;TRUE
CMP-0004038;SHP-2026-0161299;2026-06-03 03:28:24;Other;Wrong delivery instructions;Phone;TRUE
CMP-0002745;SHP-2025-0109781;2026-01-04 19:57:08;Failed Delivery;Customer not available;Email;TRUE
CMP-0006337;SHP-2026-0247999;2026-12-15 11:42:46;Failed Delivery;Repeated delivery attempt;Web Form;TRUE
CMP-0002091;SHP-2025-0084137;2025-10-27 02:50:17;Failed Delivery;Customer not available;Chat;TRUE
CMP-0003612;SHP-2026-0143400;2026-03-21 06:58:26;Incorrect Delivery;Other;Web Form;FALSE
CMP-0004802;SHP-2026-0192020;2026-08-08 19:08:01;Incorrect Delivery;Wrong delivery instructions;Web Form;FALSE
CMP-0005778;SHP-2026-0230142;2026-11-26 00:41:05;Failed Delivery;Courier did not reach customer;Email;TRUE
CMP-0000127;SHP-2025-0005124;2025-01-30 15:27:10;Late Delivery;Long transit time;Email;TRUE
CMP-0001057;SHP-2025-0042571;2025-05-25 22:49:05;Failed Delivery;Courier did not reach customer;Email;TRUE
CMP-0003445;SHP-2026-0136184;2026-02-28 02:07:55;Other;Wrong delivery instructions;Web Form;TRUE
CMP-0005609;SHP-2026-0223924;2026-11-16 17:13:00;Late Delivery;Delivery date repeatedly changed;Phone;TRUE
CMP-0004510;SHP-2026-0180438;2026-07-21 11:42:58;Late Delivery;Long transit time;Web Form;TRUE
CMP-0001195;SHP-2025-0048041;2025-06-17 00:09:02;Incorrect Delivery;Other;Phone;TRUE
CMP-0001425;SHP-2025-0057640;2025-07-29 20:25:34;Other;Other;Chat;TRUE
CMP-0004863;SHP-2026-0194982;2026-08-03 19:56:23;Other;Wrong delivery instructions;Web Form;TRUE
CMP-0001738;SHP-2025-0069624;2025-08-21 08:12:18;Failed Delivery;Repeated delivery attempt;Chat;TRUE
CMP-0006205;SHP-2026-0243702;2026-12-19 17:07:41;Other;Tracking issue;Phone;TRUE
CMP-0001572;SHP-2025-0063625;2025-08-23 03:13:07;Late Delivery;Delivery date repeatedly changed;Email;TRUE
CMP-0003374;SHP-2026-0133047;2026-02-05 05:59:23;Other;Wrong delivery instructions;Email;TRUE
CMP-0005814;SHP-2026-0231338;2026-11-14 19:50:42;Incorrect Delivery;Wrong delivery instructions;Web Form;TRUE
CMP-0003232;SHP-2026-0127053;2026-01-11 02:14:02;Failed Delivery;Courier did not reach customer;Email;TRUE
CMP-0003917;SHP-2026-0155291;2026-04-15 02:29:22;Late Delivery;Delivery date repeatedly changed;Email;TRUE
CMP-0005942;SHP-2026-0235873;2026-12-25 22:29:59;Late Delivery;Long transit time;Email;TRUE
CMP-0006073;SHP-2026-0240024;2027-01-07 03:01:19;Late Delivery;Delivery date repeatedly changed;Web Form;TRUE
CMP-0001316;SHP-2025-0053032;2025-06-08 11:58:44;Other;Tracking issue;Email;TRUE
CMP-0005483;SHP-2026-0219555;2026-10-19 06:32:13;Incorrect Delivery;Other;Email;TRUE
CMP-0003741;SHP-2026-0148170;2026-04-08 12:55:02;Late Delivery;Delivery date repeatedly changed;Email;TRUE
CMP-0003988;SHP-2026-0158913;2026-01-01 21:17:52;Other;Other;Chat;TRUE
CMP-0001863;SHP-2025-0074461;2025-09-04 23:08:02;Other;Tracking issue;Phone;FALSE
CMP-0003068;SHP-2025-0120137;2026-01-06 07:36:55;Failed Delivery;Returned to sender;Phone;TRUE
CMP-0003340;SHP-2026-0131937;2026-02-20 21:30:42;Damaged Shipment;Packaging failure;Phone;TRUE
CMP-0000712;SHP-2025-0028569;2025-04-13 22:01:06;Other;Other;Email;TRUE
CMP-0001201;SHP-2025-0048308;2025-06-27 18:08:05;Other;Other;Phone;TRUE
CMP-0003499;SHP-2026-0137914;2026-02-12 03:49:50;Late Delivery;Delivery date repeatedly changed;Chat;TRUE
CMP-0001409;SHP-2025-0057098;2025-07-07 08:00:24;Other;Other;Email;TRUE
CMP-0002494;SHP-2025-0100939;2025-12-01 17:53:37;Late Delivery;Delivery date repeatedly changed;Web Form;TRUE
CMP-0006126;SHP-2026-0241273;2026-12-27 08:15:29;Incorrect Delivery;Other;Email;TRUE
CMP-0001796;SHP-2025-0071700;2025-08-15 06:56:24;Lost Shipment;Declared lost;Phone;TRUE
CMP-0001151;SHP-2025-0046575;2025-06-13 20:03:44;Late Delivery;Long transit time;Email;TRUE
CMP-0006151; SHP-2026-0242029 ;2027-01-02 15:01:38;Late Delivery;Delivery date repeatedly changed;Phone;TRUE
CMP-0002295;SHP-2025-0092830;2025-10-27 23:08:57;Other;Other;Phone;TRUE
CMP-0001113;SHP-2025-0045217;2025-06-14 08:58:58;Incorrect Delivery;Tracking issue;Phone;TRUE
CMP-0001507;SHP-2025-0060500;2025-07-14 03:03:32;Late Delivery;Delivered after promised date;Email;TRUE
CMP-0004751;SHP-2026-0190499;2026-08-12 00:03:19;Incorrect Delivery;Other;Email;TRUE
CMP-0005270;SHP-2026-0211337;2026-10-13 06:33:11;Other;Wrong delivery instructions;Phone;TRUE
CMP-0004181;SHP-2026-0167125;2026-05-26 11:10:35;Failed Delivery;Customer not available;Phone;TRUE
CMP-0001968;SHP-2025-0079469;2025-09-29 16:21:24;Failed Delivery;Customer not available;Web Form;TRUE
CMP-0000293;SHP-2025-0012011;2025-03-01 11:31:13;Failed Delivery;Courier did not reach customer;Phone;TRUE
CMP-0001473;SHP-2025-0059281;2025-07-23 09:15:58;Other;Other;Email;TRUE
CMP-0001115;SHP-2025-0045395;2025-06-17 06:46:03;Incorrect Delivery;Wrong delivery instructions;Chat;TRUE
CMP-0005811;SHP-2026-0231246;2026-11-22 22:18:26;Failed Delivery;Courier did not reach customer;Phone;TRUE
CMP-0003615;SHP-2026-0143494;2026-03-30 01:00:18;Other;Tracking issue;Chat;TRUE
CMP-0005704;SHP-2026-0227942;2026-11-12 18:40:33;Late Delivery;Delivery date repeatedly changed;Phone;TRUE
CMP-0004721;SHP-2026-0189409;2026-08-31 22:01:37;Lost Shipment;Declared lost;Web Form;TRUE
CMP-0002084;SHP-2025-0083892;2025-11-01 00:30:00;Late Delivery;Delivered after promised date;Web Form;TRUE
CMP-0003495;SHP-2026-0137745;2026-02-17 15:18:18;Failed Delivery;Customer not available;Phone;TRUE
CMP-0002690;SHP-2025-0108154;2025-12-15 23:35:58;Late Delivery;Long transit time;Email;TRUE
CMP-0003375;SHP-2026-0133047;2026-02-06 18:38:00;Incorrect Delivery;Tracking issue;Phone;FALSE
CMP-0001291;SHP-2025-0051945;2025-06-29 08:35:17;Late Delivery;Delivered after promised date;Email;TRUE
CMP-0003338;SHP-2026-0131918;2026-02-23 15:20:47;Damaged Shipment;Package damaged;Chat;TRUE
CMP-0005578;SHP-2026-0222749;2026-11-17 16:32:04;Late Delivery;Delivery date repeatedly changed;Web Form;TRUE
CMP-0003942;SHP-2026-0156376;2026-04-20 13:11:46;Failed Delivery;Customer not available;Email;TRUE
CMP-0004101;SHP-2026-0163692;2026-05-12 17:13:19;Failed Delivery;Delivery unsuccessful;Web Form;FALSE
CMP-0006266;SHP-2026-0245595;2026-12-28 03:39:51;Late Delivery;Long transit time;Email;TRUE
CMP-0006098;SHP-2026-0240637;2027-01-02 02:34:10;Late Delivery;Delivery date repeatedly changed;Phone;TRUE
CMP-0002256;SHP-2025-0090865;2025-10-31 17:31:26;Incorrect Delivery;Tracking issue;Phone;TRUE
CMP-0002142;SHP-2025-0085864;2025-10-19 17:20:31;Other;Tracking issue;Phone;TRUE
CMP-0004853;SHP-2026-0194567;2026-08-27 19:39:53;Incorrect Delivery;Tracking issue;Email;FALSE
CMP-0005886;SHP-2026-0233968;2026-11-17 08:28:09;Incorrect Delivery;Other;Email;TRUE
CMP-0001532;SHP-2025-0061480;2025-08-03 19:05:46;Failed Delivery;Repeated delivery attempt;Email;TRUE
CMP-0003351;SHP-2026-0132559;2026-03-07 04:50:30;Lost Shipment;Shipment not delivered;Email;TRUE
CMP-0001313;SHP-2025-0052861;2025-06-09 02:22:55;Late Delivery;Delivered after promised date;Phone;TRUE
CMP-0002522;SHP-2025-0101881;2025-12-01 10:10:18;Other;Wrong delivery instructions;Phone;TRUE
CMP-0002209;SHP-2025-0088892;2025-10-27 16:17:43;Late Delivery;Delivered after promised date;Web Form;TRUE
CMP-0000010;SHP-2025-0000473;2025-02-04 17:04:33;Late Delivery;Delivered after promised date;Phone;TRUE
CMP-0004346;SHP-2026-0174597;2026-06-08 09:54:12;Incorrect Delivery;Wrong delivery instructions;Chat;FALSE
CMP-0001972;SHP-2025-0079617;2025-09-17 22:20:15;Other;Wrong delivery instructions;Web Form;TRUE
CMP-0002227;SHP-2025-0089624;2025-10-18 03:30:11;Incorrect Delivery;Tracking issue;Web Form;TRUE
CMP-0000949;SHP-2025-0037710;2025-05-17 07:06:58;Incorrect Delivery;Tracking issue;Web Form;TRUE
CMP-0002408;SHP-2025-0097850;2025-12-02 21:45:31;Incorrect Delivery;Tracking issue;Phone;TRUE
CMP-0002469;SHP-2025-0099827;2025-12-05 05:19:05;Late Delivery;Long transit time;Email;TRUE
CMP-0005058;SHP-2026-0202394;2026-09-10 02:04:59;Other;Wrong delivery instructions;Chat;FALSE
CMP-0005567;SHP-2026-0222324;2026-11-15 00:47:35;Late Delivery;Delivery date repeatedly changed;Email;TRUE
CMP-0005348;SHP-2026-0214142;2026-10-09 07:29:13;Late Delivery;Delivery date repeatedly changed;Web Form;TRUE
CMP-0005980;SHP-2026-0237111;2026-12-31 20:14:26;Late Delivery;Long transit time;Email;TRUE
CMP-0001034;SHP-2025-0041704;2025-05-31 02:13:09;Failed Delivery;Courier did not reach customer;Phone;TRUE
CMP-0005748;SHP-2026-0229278;2026-11-14 19:53:37;Late Delivery;Long transit time;Phone;TRUE
CMP-0003476;SHP-2026-0136944;2026-02-06 00:06:15;Late Delivery;Delivered after promised date;Web Form;TRUE
CMP-0001435;SHP-2025-0057886;2025-07-29 03:14:04;Other;Other;Email;TRUE
CMP-0000944;SHP-2025-0037639;2025-05-19 01:18:15;Late Delivery;Delivered after promised date;Web Form;TRUE
CMP-0000373;SHP-2025-0015108;2025-02-09 10:18:03;Late Delivery;Delivered after promised date;Web Form;TRUE
CMP-0002657;SHP-2025-0106973;2025-12-19 21:47:02;Late Delivery;Delivered after promised date;Email;FALSE
CMP-0001971;SHP-2025-0079611;2025-09-14 08:32:22;Late Delivery;Delivered after promised date;Web Form;TRUE
CMP-0005668;SHP-2026-0226229;2026-11-18 09:57:58;Failed Delivery;Repeated delivery attempt;Phone;TRUE
CMP-0002610;SHP-2025-0104608;2025-12-05 23:32:49;Late Delivery;Long transit time;Phone;TRUE
CMP-0005028;SHP-2026-0201236;2026-09-16 07:56:50;Other;Other;Chat;TRUE
CMP-0002436;SHP-2025-0098720;2025-11-22 18:26:08;Incorrect Delivery;Wrong delivery instructions;Phone;TRUE
CMP-0003577;SHP-2026-0141178;2026-03-27 04:23:15;Failed Delivery;Delivery unsuccessful;Email;TRUE
CMP-0004562;SHP-2026-0182495;2026-07-13 16:34:31;Failed Delivery;Delivery unsuccessful;Email;TRUE
CMP-0002252;SHP-2025-0090696;2025-11-04 21:26:40;Other;Wrong delivery instructions;Web Form;TRUE
CMP-0003028;SHP-2025-0119048;2025-12-06 15:43:35;Late Delivery;Delivery date repeatedly changed;Email;TRUE
CMP-0005276;SHP-2026-0211555;2026-10-24 19:53:10;Incorrect Delivery;Other;Email;TRUE
CMP-0000184;SHP-2025-0007457;2025-01-31 21:13:11;Failed Delivery;Delivery unsuccessful;Phone;TRUE
CMP-0001413;SHP-2025-0057185;2025-07-05 18:58:11;Other;Other;Phone;TRUE
CMP-0000235;SHP-2025-0009683;2025-02-05 18:24:30;Other;Tracking issue;Email;TRUE
CMP-0000506;SHP-2025-0019892;2025-03-06 06:29:57;Incorrect Delivery;Tracking issue;Phone;TRUE
CMP-0005472;SHP-2026-0219250;2026-10-13 21:20:47;Other;Other;Chat;TRUE
CMP-0005918;SHP-2026-0235190;2026-12-14 10:29:35;Other;Wrong delivery instructions;Phone;TRUE
CMP-0000481;SHP-2025-0018816;2025-03-08 21:49:27;Incorrect Delivery;Wrong delivery instructions;Phone;TRUE
CMP-0002215;SHP-2025-0089142;2025-10-27 17:43:27;Late Delivery;Long transit time;Web Form;TRUE
CMP-0001420;SHP-2025-0057445;2025-07-10 13:00:06;Other;Other;Email;TRUE
CMP-0001536;SHP-2025-0061847;2025-08-05 07:12:14;Late Delivery;Long transit time;Email;TRUE
CMP-0000182;SHP-2025-0007435;2025-01-24 10:34:04;Late Delivery;Delivery date repeatedly changed;Email;TRUE
CMP-0000314;SHP-2025-0012855;2025-02-08 01:34:59;Other;Other;Email;TRUE
CMP-0002892;SHP-2025-0114137;2026-01-02 18:23:13;Other;Wrong delivery instructions;Email;TRUE
CMP-0001229;SHP-2025-0049485;2025-06-18 13:54:34;Incorrect Delivery;Tracking issue;Phone;TRUE
CMP-0005560;SHP-2026-0222207;2026-11-16 18:46:17;Failed Delivery;Courier did not reach customer;Phone;TRUE
CMP-0004267;SHP-2026-0171110;2026-06-16 09:58:59;Late Delivery;Long transit time;Web Form;TRUE
CMP-0006139;SHP-2026-0241757;2027-01-08 04:14:42;Late Delivery;Long transit time;Web Form;TRUE
CMP-0003686;SHP-2026-0146015;2026-03-27 07:45:48;Failed Delivery;Courier did not reach customer;Email;TRUE
CMP-0004043;SHP-2026-0161513;2026-05-15 17:29:43;Incorrect Delivery;Wrong delivery instructions;Email;FALSE
CMP-0003757;SHP-2026-0148656;2026-04-24 21:08:48;Late Delivery;Delivery date repeatedly changed;Email;TRUE
CMP-0002703;SHP-2025-0108420;2025-12-07 04:56:53;Late Delivery;Delivery date repeatedly changed;Email;TRUE
CMP-0000395;SHP-2025-0015847;2025-02-21 14:22:50;Incorrect Delivery;Other;Email;TRUE
CMP-0000519;SHP-2025-0020396;2025-03-10 17:15:53;Incorrect Delivery;Wrong delivery instructions;Phone;TRUE
CMP-0004192;SHP-2026-0167655;2026-05-29 19:32:32;Incorrect Delivery;Tracking issue;Web Form;TRUE
CMP-0004353;SHP-2026-0174784;2026-06-23 16:40:55;Incorrect Delivery;Other;Web Form;TRUE
CMP-0000002;SHP-2025-0000209;2025-01-31 18:55:19;Late Delivery;Delivered after promised date;Chat;TRUE
CMP-0005605;SHP-2026-0223813;2026-11-14 21:03:46;Failed Delivery;Courier did not reach customer;Phone;TRUE
CMP-0003080;SHP-2025-0120460;2025-12-25 21:15:18;Late Delivery;Delivered after promised date;Email;TRUE
CMP-0004435;SHP-2026-0178030;2026-06-17 19:18:58;Damaged Shipment;Package damaged;Chat;TRUE
CMP-0004489;SHP-2026-0179835;2026-07-16 03:22:00;Late Delivery;Delivered after promised date;Web Form;TRUE
CMP-0001460;SHP-2025-0058847;2025-08-07 05:19:49;Late Delivery;Delivered after promised date;Email;TRUE
CMP-0005651;SHP-2026-0225610;2026-11-25 16:34:41;Incorrect Delivery;Tracking issue;Phone;TRUE
CMP-0002896;SHP-2025-0114156;2026-01-08 06:08:11;Late Delivery;Delivery date repeatedly changed;Phone;TRUE
CMP-0000381;SHP-2025-0015423;2025-02-11 18:33:16;Late Delivery;Delivery date repeatedly changed;Phone;TRUE
CMP-0004191;SHP-2026-0167605;2026-05-16 09:22:14;Incorrect Delivery;Wrong delivery instructions;Web Form;TRUE
CMP-0002324;SHP-2025-0094140;2025-11-30 23:49:56;Failed Delivery;Customer not available;Chat;TRUE
CMP-0004044;SHP-2026-0161533;2026-05-16 23:58:23;Late Delivery;Delivery date repeatedly changed;Phone;TRUE
CMP-0000565;SHP-2025-0022315;2025-03-22 22:59:48;Late Delivery;Delivered after promised date;Web Form;TRUE
CMP-0002987;SHP-2025-0117548;2025-12-25 17:50:56;Late Delivery;Delivery date repeatedly changed;Phone;TRUE
CMP-0002569;SHP-2025-0103452;2025-11-22 16:31:14;Late Delivery;Delivery date repeatedly changed;Chat;TRUE
CMP-0005883;SHP-2026-0233840;2026-11-15 00:47:31;Late Delivery;Delivery date repeatedly changed;Web Form;TRUE
CMP-0003756;SHP-2026-0148615;2026-04-10 14:32:55;Other;Wrong delivery instructions;Chat;TRUE
CMP-0002361;SHP-2025-0095416;2025-11-06 23:06:00;Incorrect Delivery;Wrong delivery instructions;Email;TRUE
CMP-0003276;SHP-2026-0129241;2026-01-11 04:19:43;Failed Delivery;Customer not available;Chat;TRUE
CMP-0004273;SHP-2026-0171349;2026-06-06 22:21:02;Failed Delivery;Customer not available;Email;TRUE
CMP-0005821;SHP-2026-0231523;2026-12-01 21:57:56;Late Delivery;Delivered after promised date;Email;TRUE
CMP-0000511;SHP-2025-0020191;2025-04-01 18:59:09;Late Delivery;Long transit time;Phone;TRUE
CMP-0001814;SHP-2025-0072374;2025-08-15 01:33:52;Failed Delivery;Repeated delivery attempt;Email;TRUE
CMP-0004195;SHP-2026-0167879;2026-07-01 02:22:22;Late Delivery;Delivery date repeatedly changed;Email;TRUE
CMP-0001146;SHP-2025-0046423;2025-07-04 07:58:39;Failed Delivery;Repeated delivery attempt;Phone;TRUE
CMP-0003425;SHP-2026-0135312;2026-02-15 03:58:40;Failed Delivery;Courier did not reach customer;Phone;TRUE
CMP-0005995;SHP-2026-0237616;2026-12-17 12:15:31;Late Delivery;Long transit time;Email;TRUE
CMP-0001758;SHP-2025-0070252;2025-08-12 03:50:10;Late Delivery;Long transit time;Email;TRUE
CMP-0002040;SHP-2025-0082144;2025-09-18 02:26:09;Failed Delivery;Courier did not reach customer;Email;TRUE
CMP-0003976;SHP-2026-0158450;2026-05-20 06:06:45;Failed Delivery;Customer not available;Email;TRUE
CMP-0001072;SHP-2025-0043416;2025-05-23 00:15:41;Other;Tracking issue;Phone;TRUE
CMP-0002167;SHP-2025-0086704;2025-11-02 08:13:36;Late Delivery;Delivery date repeatedly changed;Email;TRUE
CMP-0006271;SHP-2026-0245763;2027-01-02 20:27:13;Late Delivery;Delivered after promised date;Chat;TRUE
CMP-0003395;SHP-2026-0133883;2026-02-23 12:40:09;Other;Wrong delivery instructions;Chat;TRUE
CMP-0000457;SHP-2025-0018163;2025-03-30 07:50:51;Late Delivery;Delivered after promised date;Email;TRUE
CMP-0000662;SHP-2025-0026047;2025-04-20 20:28:14;Failed Delivery;Customer not available;Email;TRUE
CMP-0005428;SHP-2026-0217181;2026-10-10 03:02:53;Incorrect Delivery;Other;Email;TRUE
CMP-0005451;SHP-2026-0218100;2026-10-31 15:22:56;Incorrect Delivery;Tracking issue;Phone;TRUE
CMP-0005115;SHP-2026-0204771;2026-01-01 17:08:59;Other;Tracking issue;Web Form;TRUE
CMP-0003679;SHP-2026-0145822;2026-04-01 09:01:16;Failed Delivery;Customer not available;Phone;TRUE
CMP-0002863;SHP-2025-0113201;2025-12-07 08:49:20;Lost Shipment;Shipment not delivered;Phone;TRUE
CMP-0000370;SHP-2025-0015029;2025-02-25 20:07:30;Other;Wrong delivery instructions;Email;TRUE
CMP-0001728;SHP-2025-0069379;2025-08-30 10:19:59;Late Delivery;Delivery date repeatedly changed;Email;TRUE
CMP-0005171;SHP-2026-0207536;2026-09-23 00:23:29;Failed Delivery;Courier did not reach customer;Web Form;TRUE
CMP-0002827;SHP-2025-0112149;2025-12-07 20:03:59;Other;Tracking issue;Chat;TRUE
CMP-0005669;SHP-2026-0226291;2026-11-27 07:40:51;Late Delivery;Delivered after promised date;Phone;TRUE
CMP-0005860;SHP-2026-0232942;2026-11-17 15:58:22;Failed Delivery;Customer not available;Email;TRUE
CMP-0000847;SHP-2025-0033330;2025-04-22 13:37:28;Late Delivery;Delivered after promised date;Email;TRUE
CMP-0001016;SHP-2025-0041122;2025-05-13 03:06:39;Other;Other;Email;TRUE
CMP-0000542;SHP-2025-0021365;2025-03-15 16:00:06;Incorrect Delivery;Tracking issue;Web Form;TRUE
CMP-0005363;SHP-2026-0214610;2026-11-04 03:56:59;Late Delivery;Delivered after promised date;Phone;TRUE
CMP-0006041;SHP-2026-0239035;2026-12-26 01:10:52;Late Delivery;Long transit time;Email;TRUE
CMP-0001965;SHP-2025-0079344;2025-09-23 04:26:22;Late Delivery;Delivery date repeatedly changed;Chat;FALSE
CMP-0003144;SHP-2026-0123266;2026-02-03 03:34:48;Other;Tracking issue;Web Form;TRUE
CMP-0006177;SHP-2026-0242739;2026-12-12 22:35:04;Late Delivery;Delivery date repeatedly changed;Chat;TRUE
CMP-0001687;SHP-2025-0067658;2025-08-21 01:27:21;Other;Wrong delivery instructions; Email ;TRUE
CMP-0004051;SHP-2026-0161903;2026-05-09 06:29:15;Incorrect Delivery;Other;Email;TRUE
CMP-0005226;SHP-2026-0209341;2026-10-31 16:36:35;Failed Delivery;Repeated delivery attempt;Chat;TRUE
CMP-0001934;SHP-2025-0077460;2025-09-09 01:31:36;Damaged Shipment;Packaging failure;Phone;TRUE
CMP-0000699;SHP-2025-0028113;2025-04-24 20:47:36;Incorrect Delivery;Wrong delivery instructions;Phone;TRUE
CMP-0005235;SHP-2026-0209757;2026-10-31 07:43:26;Incorrect Delivery;Wrong delivery instructions;Email;TRUE
CMP-0003382;SHP-2026-0133399;2026-03-04 18:59:25;Late Delivery;Long transit time;Chat;TRUE
CMP-0005767;SHP-2026-0229878;2026-12-03 20:49:34;Incorrect Delivery;Tracking issue;Email;TRUE
CMP-0000584;SHP-2025-0023111;2025-03-14 08:33:31;Failed Delivery;Courier did not reach customer;Web Form;TRUE
CMP-0001402;SHP-2025-0056702;2025-07-30 16:55:54;Lost Shipment;Shipment not delivered;Phone;TRUE
CMP-0001925;SHP-2025-0076911;2025-09-20 18:58:40;Other;Tracking issue;Web Form;TRUE
CMP-0000391;SHP-2025-0015776;2025-02-27 02:30:44;Late Delivery;Long transit time;Web Form;TRUE
CMP-0005064;SHP-2026-0202599;2026-09-09 15:01:42;Other;Tracking issue;Phone;TRUE
CMP-0000903;SHP-2025-0035879;2025-05-24 21:28:23;Other;Other;Web Form;TRUE
CMP-0003436;SHP-2026-0135715;2026-02-28 22:26:53;Incorrect Delivery;Tracking issue;Chat;TRUE
CMP-0004987;SHP-2026-0199651;2026-09-25 18:53:06;Other;Tracking issue;Phone;TRUE
CMP-0003810;SHP-2026-0151090;2026-04-29 10:47:15;Failed Delivery;Customer not available;Email;TRUE
CMP-0000553;SHP-2025-0021740;2025-04-03 23:33:14;Other;Other;Email;TRUE
CMP-0003767;SHP-2026-0148967;2026-04-29 15:34:49;Late Delivery;Delivered after promised date;Email;TRUE
CMP-0005119;SHP-2026-0204999;2026-09-25 12:11:26;Late Delivery;Long transit time;Chat;TRUE
CMP-0006243;SHP-2026-0244875;2026-12-16 08:38:37;Incorrect Delivery;Tracking issue;Email;TRUE
CMP-0004579;SHP-2026-0183159;2026-07-16 20:37:32;Failed Delivery;Repeated delivery attempt;Web Form;TRUE
CMP-0000986;SHP-2025-0039561;2025-05-31 03:28:37;Failed Delivery;Courier did not reach customer;Web Form;TRUE
CMP-0005939;SHP-2026-0235771;2026-12-06 02:56:48;Failed Delivery;Courier did not reach customer;Email;FALSE
CMP-0005515;SHP-2026-0220508;2026-10-18 10:26:54;Failed Delivery;Courier did not reach customer;Phone;TRUE
CMP-0002157;SHP-2025-0086354;2025-10-28 12:23:17;Late Delivery;Long transit time;Chat;TRUE
CMP-0005343;SHP-2026-0213988;2026-11-02 17:35:25;Incorrect Delivery;Tracking issue;Email;TRUE
CMP-0006395;SHP-2026-0249990;2026-12-23 01:02:32;Failed Delivery;Delivery unsuccessful;Web Form;TRUE
CMP-0004327;SHP-2026-0173851;2026-06-14 17:57:50;Late Delivery;Long transit time;Email;TRUE
CMP-0004457;SHP-2026-0178772;2026-07-25 15:06:49;Late Delivery;Long transit time;Phone;TRUE
CMP-0005589;SHP-2026-0223196;2026-12-04 03:43:31;Incorrect Delivery;Other;Phone;TRUE
CMP-0002747;SHP-2025-0109842;2026-01-08 10:58:01;Late Delivery;Delivery date repeatedly changed;Phone;TRUE
CMP-0002208;SHP-2025-0088889;2025-10-25 07:02:11;Late Delivery;Delivery date repeatedly changed;Web Form;TRUE
CMP-0002831;SHP-2025-0112238;2025-12-24 03:07:22;Late Delivery;Delivery date repeatedly changed;Phone;TRUE
CMP-0004099;SHP-2026-0163645;2026-05-31 02:18:43;Late Delivery;Long transit time;Phone;FALSE
CMP-0004551;SHP-2026-0182125;2026-07-18 16:08:10;Failed Delivery;Returned to sender;Phone;TRUE
CMP-0000521;SHP-2025-0020524;2025-04-06 17:44:34;Other;Tracking issue;Email;TRUE
CMP-0004580;SHP-2026-0183185;2026-07-08 03:17:09;Late Delivery;Delivery date repeatedly changed;Phone;TRUE
CMP-0002400;SHP-2025-0097096;2025-11-25 11:49:56;Failed Delivery;Returned to sender;Phone;TRUE
CMP-0002978;SHP-2025-0117082;2025-12-28 20:37:01;Late Delivery;Delivery date repeatedly changed;Chat;TRUE
CMP-0006094;SHP-2026-0240566;2026-12-28 06:20:45;Late Delivery;Long transit time;Phone;TRUE
CMP-0003422;SHP-2026-0135286;2026-02-07 00:17:24;Other;Wrong delivery instructions;Web Form;TRUE
CMP-0002169;SHP-2025-0086725;2025-10-28 04:29:22;Late Delivery;Delivery date repeatedly changed;Email;TRUE
CMP-0001799;SHP-2025-0071778;2025-08-30 07:19:38;Incorrect Delivery;Wrong delivery instructions;Email;TRUE
CMP-0005076;SHP-2026-0203072;2026-09-21 00:42:37;Failed Delivery;Returned to sender;Web Form;TRUE
CMP-0006276;SHP-2026-0246023;2026-12-18 10:27:13;Late Delivery;Long transit time;Phone;TRUE
CMP-0003599;SHP-2026-0142717;2026-03-17 02:26:12;Failed Delivery;Customer not available;Web Form;TRUE
CMP-0004361;SHP-2026-0175174;2026-07-04 23:52:25;Late Delivery;Delivered after promised date;Email;TRUE
CMP-0002332;SHP-2025-0094351;2025-12-03 17:25:49;Other;Other;Email;TRUE
CMP-0003689;SHP-2026-0146180;2026-03-24 01:27:42;Failed Delivery;Customer not available;Web Form;TRUE
CMP-0004883;SHP-2026-0195558;2026-08-26 15:16:02;Incorrect Delivery;;Web Form;TRUE
CMP-0003256;SHP-2026-0128213;2026-02-06 17:32:22;Late Delivery;Delivery date repeatedly changed;Phone;TRUE
CMP-0000773;SHP-2025-0030661;2025-05-02 02:11:13;Failed Delivery;Customer not available;Chat;TRUE
CMP-0004732;SHP-2026-0189825;2026-09-03 07:25:47;Other;Wrong delivery instructions;Phone;TRUE
CMP-0005031;SHP-2026-0201251;2026-10-03 23:22:24;Failed Delivery;Customer not available;Chat;TRUE
CMP-0003870;SHP-2026-0153318;2026-04-11 07:19:38;Late Delivery;Delivered after promised date;Phone;TRUE
CMP-0000151;SHP-2025-0006128;2025-01-10 06:12:45;Other;Other;Phone;TRUE
CMP-0004429;SHP-2026-0177816;2026-06-18 08:51:41;Late Delivery;Delivery date repeatedly changed;Phone;TRUE
CMP-0000870;SHP-2025-0034532;2025-05-09 03:36:23;Late Delivery;Delivered after promised date;Email;TRUE
CMP-0005792;SHP-2026-0230682;2026-11-11 19:21:03;Late Delivery;Delivery date repeatedly changed;Web Form;TRUE
CMP-0002871;SHP-2025-0113432;2025-12-12 02:58:37;Late Delivery;Long transit time;Email;TRUE
CMP-0005132;SHP-2026-0205385;2026-09-27 22:29:36;Incorrect Delivery;Wrong delivery instructions;Email;TRUE
CMP-0001264;SHP-2025-0051009;2025-07-02 08:50:43;Late Delivery;Long transit time;Web Form;TRUE
CMP-0002719;SHP-2025-0108850;2026-01-02 15:43:26;Late Delivery;Delivery date repeatedly changed;Email;TRUE
CMP-0000557;SHP-2025-0021918;2025-03-28 12:30:30;Failed Delivery;Returned to sender;Phone;TRUE
CMP-0000114;SHP-2025-0004656;2025-01-12 20:32:50;Other;Tracking issue;Phone;TRUE
CMP-0005184;SHP-2026-0208031;2026-01-03 02:49:31;Other;Tracking issue;Phone;TRUE
CMP-0005565;SHP-2026-0222316;2026-12-08 14:24:56;Late Delivery;Delivered after promised date;Email;TRUE
CMP-0000382;SHP-2025-0015459;2025-02-18 04:07:44;Late Delivery;Delivered after promised date;Email;TRUE
CMP-0004075;SHP-2026-0162706;2026-05-20 06:07:41;Late Delivery;Long transit time;Web Form;TRUE
CMP-0002951;SHP-2025-0115865;2025-12-18 02:15:57;Failed Delivery;Repeated delivery attempt;Email;TRUE
CMP-0003033;SHP-2025-0119309;2025-12-09 11:02:46;Other;Tracking issue;Chat;TRUE
CMP-0006313;SHP-2026-0247296;2027-01-04 10:41:31;Damaged Shipment;Contents damaged;Email;TRUE
CMP-0003178;SHP-2026-0124590;2026-01-22 16:57:51;Late Delivery;Long transit time;Phone;TRUE
CMP-0000890;SHP-2025-0035414;2025-05-10 15:50:14;Late Delivery;Delivered after promised date;Web Form;TRUE
CMP-0003133;SHP-2026-0122591;2026-01-25 11:29:57;Failed Delivery;Customer not available;Chat;TRUE
CMP-0003560;SHP-2026-0140443;2026-03-28 18:20:20;Other;Tracking issue;Web Form;TRUE
CMP-0002498;SHP-2025-0101099;2025-11-27 02:48:40;Late Delivery;Long transit time;Phone;TRUE
CMP-0005959;SHP-2026-0236425;2026-12-25 18:53:23;Failed Delivery;Customer not available;Web Form;TRUE
CMP-0000779;SHP-2025-0030863;2025-05-05 20:34:11;Incorrect Delivery;Tracking issue;Phone;TRUE
CMP-0004486;SHP-2026-0179745;2026-08-03 17:18:51;Other;Other;Email;TRUE
CMP-0002366;SHP-2025-0095676;2025-11-09 18:00:34;Late Delivery;Long transit time;Email;TRUE
CMP-0003194;SHP-2026-0125385;2026-01-09 03:53:09;Incorrect Delivery;Tracking issue;Web Form;TRUE
CMP-0001567;SHP-2025-0063486;2025-08-14 09:17:13;Failed Delivery;Courier did not reach customer;Phone;TRUE
CMP-0002179;SHP-2025-0087257;2025-10-30 12:29:10;Late Delivery;Long transit time;Email;FALSE
CMP-0005993;SHP-2026-0237569;2026-12-23 09:17:51;Late Delivery;Long transit time;Phone;TRUE
CMP-0005414;SHP-2026-0216628;2026-10-24 06:05:50;Late Delivery;Long transit time;Email;TRUE
CMP-0001711;SHP-2025-0068731;2025-08-21 11:52:24;Late Delivery;Delivery date repeatedly changed;Web Form;TRUE
CMP-0002102;SHP-2025-0084471;2025-11-02 14:49:40;Damaged Shipment;Contents damaged;Phone;TRUE
CMP-0000046;SHP-2025-0001952;2025-01-26 03:55:05;Incorrect Delivery;Tracking issue;Chat;TRUE
CMP-0000801;SHP-2025-0031922;2025-04-15 18:54:08;Other;Tracking issue;Phone;TRUE
CMP-0002306;SHP-2025-0093278;2025-10-29 21:09:19;Late Delivery;Delivered after promised date;Phone;TRUE
CMP-0001505;SHP-2025-0060447;2025-07-24 18:11:13;Incorrect Delivery;Wrong delivery instructions;Email;TRUE
CMP-0003546;SHP-2026-0139868;2026-04-04 19:32:03;Other;Other;Phone;TRUE
CMP-0000738;SHP-2025-0029384;2025-04-30 11:12:58;Late Delivery;Delivery date repeatedly changed;Web Form;TRUE
CMP-0003833;SHP-2026-0151777;2026-04-15 10:56:16;Other;Tracking issue;Web Form;TRUE
CMP-0003683;SHP-2026-0145925;2026-04-03 15:11:09;Failed Delivery;Repeated delivery attempt;Chat;TRUE
CMP-0004545;SHP-2026-0181950;2026-08-02 02:07:14;Incorrect Delivery;Other;Email;TRUE
CMP-0000099;SHP-2025-0004018;2025-02-04 19:42:33;Late Delivery;Delivery date repeatedly changed;Phone;TRUE
CMP-0002792;SHP-2025-0111124;2025-12-23 19:22:26;Other;Wrong delivery instructions;Email;TRUE
CMP-0001003;SHP-2025-0040479;2025-05-31 18:05:23;Failed Delivery;Repeated delivery attempt;Phone;TRUE
CMP-0001608;SHP-2025-0065054;2025-08-25 17:19:18;Late Delivery;Delivery date repeatedly changed;Web Form;TRUE
CMP-0004001;SHP-2026-0159413;2026-06-02 10:31:04;Late Delivery;Delivered after promised date;Email;TRUE
CMP-0005388;SHP-2026-0215499;2026-10-15 15:38:50;Failed Delivery;Repeated delivery attempt;Email;TRUE
CMP-0004275;SHP-2026-0171445;2026-06-05 15:05:19;Failed Delivery;Returned to sender;Email;FALSE
CMP-0001190;SHP-2025-0047916;2025-06-16 21:39:11;Incorrect Delivery;Other;Phone;TRUE
CMP-0004996;SHP-2026-0199957;2026-09-09 19:56:50;Late Delivery;Delivery date repeatedly changed;Email;TRUE
CMP-0005275;SHP-2026-0211515;2026-11-01 11:58:54;Late Delivery;Delivered after promised date;Chat;TRUE
CMP-0005122;SHP-2026-0205085;2026-09-27 23:54:24;Other;Other;Web Form;TRUE
CMP-0006227;SHP-2026-0244429;2026-12-26 22:24:17;Late Delivery;Delivery date repeatedly changed;Web Form;TRUE
CMP-0005075;SHP-2026-0203000;2026-09-06 13:50:34;Failed Delivery;Customer not available;Email;TRUE
CMP-0002524;SHP-2025-0101949;2025-11-09 23:03:27;Failed Delivery;Repeated delivery attempt;Email;TRUE
CMP-0003674;SHP-2026-0145585;2026-03-17 03:57:43;Late Delivery;Long transit time;Email;TRUE
CMP-0005463;SHP-2026-0218948;2026-10-31 02:06:07;Other;Other;Phone;TRUE
CMP-0001389;SHP-2025-0056109;2025-07-29 16:06:22;Failed Delivery;Repeated delivery attempt;Chat;TRUE
CMP-0005714;SHP-2026-0228210;2026-11-24 17:07:02;Incorrect Delivery;Other;Phone;TRUE
CMP-0004814;SHP-2026-0192805;2026-08-26 22:53:46;Failed Delivery;Courier did not reach customer;Phone;TRUE
CMP-0000362;SHP-2025-0014557;2025-02-05 04:33:31;Other;Wrong delivery instructions;Web Form;TRUE
CMP-0001255;SHP-2025-0050768;2025-06-27 05:52:10;Incorrect Delivery;Wrong delivery instructions;Phone;TRUE
CMP-0006064;SHP-2026-0239759;2026-12-28 02:46:31;Incorrect Delivery;Wrong delivery instructions;Email;TRUE
CMP-0000789;SHP-2025-0031361;2025-04-15 16:24:24;Damaged Shipment;Contents damaged;Phone;TRUE
CMP-0005244;SHP-2026-0210119;2026-10-13 19:53:41;Late Delivery;Long transit time;Web Form;TRUE
CMP-0001513;SHP-2025-0060674;2025-07-09 17:22:03;Late Delivery;Long transit time;Phone;TRUE
CMP-0000837;SHP-2025-0033128;2025-04-07 07:51:01;Incorrect Delivery;Tracking issue;Web Form;TRUE
CMP-0000647;SHP-2025-0025562;2025-05-02 19:13:41;Other;Wrong delivery instructions;Email;TRUE
CMP-0004270;SHP-2026-0171292;2026-06-22 14:57:18;Incorrect Delivery;Wrong delivery instructions;Chat;FALSE
CMP-0002531;SHP-2025-0102150;2025-11-24 23:06:24;Incorrect Delivery;Tracking issue;Web Form;TRUE
CMP-0004151;SHP-2026-0165946;2026-05-16 07:23:27;Other;Tracking issue;Phone;TRUE
CMP-0001898;SHP-2025-0075907;2025-09-11 14:17:04;Failed Delivery;Courier did not reach customer;Web Form;TRUE
CMP-0001706;SHP-2025-0068573;2025-09-03 01:09:24;Lost Shipment;No tracking progress;Email;TRUE
CMP-0004709;SHP-2026-0188492;2026-08-30 00:34:06;Other;Other;Phone;TRUE
CMP-0002210;SHP-2025-0088929;2025-10-31 07:08:42;Failed Delivery;Customer not available;Web Form;TRUE
CMP-0000559;SHP-2025-0022018;2025-04-04 03:58:21;Other;Tracking issue;Phone;TRUE
CMP-0005195;SHP-2026-0208431;2026-09-22 21:03:33;Incorrect Delivery;Other;Web Form;TRUE
CMP-0004321;SHP-2026-0173696;2026-06-25 17:25:12;Late Delivery;Long transit time;Email;TRUE
CMP-0004079;SHP-2026-0162839;2026-05-31 21:17:31;Late Delivery;Long transit time;Phone;TRUE
CMP-0001732;SHP-2025-0069422;2025-08-07 03:19:07;Incorrect Delivery;Tracking issue;Phone;TRUE
CMP-0005780;SHP-2026-0230244;2026-11-15 03:08:52;Late Delivery;Delivery date repeatedly changed;Email;TRUE
CMP-0002856;SHP-2025-0112978;2026-01-02 00:22:16;Damaged Shipment;Package damaged;Web Form;TRUE
CMP-0001648;SHP-2025-0066463;2025-08-08 18:26:22;Incorrect Delivery;Other;Email;TRUE
CMP-0001877;SHP-2025-0074933;2025-09-13 19:14:21;Late Delivery;Delivery date repeatedly changed;Chat;TRUE
CMP-0005212;SHP-2026-0208962;2026-10-17 12:23:08;Late Delivery;Delivered after promised date;Phone;TRUE
CMP-0001367;SHP-2025-0055071;2025-07-21 01:26:34;Other;Wrong delivery instructions;Phone;TRUE
CMP-0002648;SHP-2025-0106575;2025-12-01 17:29:38;Other;Tracking issue;Phone;TRUE
CMP-0003333;SHP-2026-0131587;2026-02-08 08:36:11;Other;Other;Web Form;TRUE
CMP-0002141;SHP-2025-0085859;2025-10-06 18:44:41;Other;Other;Phone;TRUE
CMP-0001369;SHP-2025-0055092;2025-07-25 22:57:43;Late Delivery;Delivery date repeatedly changed;Phone;TRUE
CMP-0002499;SHP-2025-0101100;2025-11-28 06:41:50;Late Delivery;Long transit time;Email;FALSE
CMP-0000821;SHP-2025-0032606;2025-05-03 14:56:05;Failed Delivery;Returned to sender;Phone;TRUE
CMP-0003693;SHP-2026-0146416;2026-04-02 21:13:45;Other;Tracking issue;Web Form;TRUE
CMP-0005434;SHP-2026-0217366;2026-10-12 01:38:02;Other;Other;Email;TRUE
CMP-0005032;SHP-2026-0201251;2026-10-04 00:22:52;Failed Delivery;Customer not available;Chat;TRUE
CMP-0004368;SHP-2026-0175366;2026-06-15 16:10:41;Incorrect Delivery;Tracking issue;Email;TRUE
CMP-0002732;SHP-2025-0109245;2025-12-24 16:11:48;Late Delivery;Delivery date repeatedly changed;Phone;TRUE
CMP-0002999;SHP-2025-0117930;2025-12-14 15:11:31;Late Delivery;Delivered after promised date;Web Form;TRUE
CMP-0001251;SHP-2025-0050595;2025-06-16 15:01:29;Failed Delivery;Repeated delivery attempt;Web Form;TRUE
CMP-0005199;SHP-2026-0208508;2026-09-17 15:42:13;Incorrect Delivery;Wrong delivery instructions;Email;TRUE
CMP-0006165;SHP-2026-0242368;2027-01-02 11:25:58;Failed Delivery;Courier did not reach customer;Email;TRUE
CMP-0004105;SHP-2026-0164078;2026-05-17 22:05:31;Other;Other;Phone;TRUE
CMP-0001171;SHP-2025-0047285;2025-06-21 12:08:53;Lost Shipment;No tracking progress;Email;TRUE
CMP-0004332;SHP-2026-0174043;2026-07-06 10:58:05;Late Delivery;Long transit time;Phone;TRUE
CMP-0004850;SHP-2026-0194537;2026-08-18 21:40:19;Incorrect Delivery;Wrong delivery instructions;Phone;TRUE
CMP-0003224;SHP-2026-0126858;2026-02-01 14:35:29;Incorrect Delivery;Tracking issue;Email;TRUE
CMP-0001012;SHP-2025-0040957;2025-06-05 10:52:29;Incorrect Delivery;Other;Email;TRUE
CMP-0002001;SHP-2025-0080870;2025-09-25 20:19:53;Late Delivery;Long transit time;Phone;TRUE
CMP-0004242;SHP-2026-0170043;2026-06-22 02:34:43;Late Delivery;Long transit time;Phone;TRUE
CMP-0001596;SHP-2025-0064651;2025-09-03 02:13:27;Failed Delivery;Delivery unsuccessful;Phone;TRUE
CMP-0005074;SHP-2026-0202982;2026-09-23 11:46:47;Other;Other;Email;TRUE
CMP-0003723;SHP-2026-0147569;2026-03-28 00:43:27;Late Delivery;Long transit time;Phone;TRUE
CMP-0006372;SHP-2026-0249312;2027-01-05 09:24:54;Late Delivery;Delivery date repeatedly changed;Email;TRUE
CMP-0002207;SHP-2025-0088886;2025-10-24 13:34:35;Damaged Shipment;Contents damaged;Email;TRUE
CMP-0006060;SHP-2026-0239646;2026-12-17 22:06:58;Failed Delivery;Customer not available;Phone;TRUE
CMP-0002514;SHP-2025-0101544;2025-11-10 18:31:23;Failed Delivery;Returned to sender;Web Form;TRUE
CMP-0001647;SHP-2025-0066407;2025-09-01 15:21:30;Damaged Shipment;Contents damaged;Phone;TRUE
CMP-0000037;SHP-2025-0001721;2025-01-05 04:12:20;Incorrect Delivery;Wrong delivery instructions;Chat;TRUE
CMP-0003311;SHP-2026-0130597;2026-02-19 00:24:11;Failed Delivery;Customer not available;Email;TRUE
CMP-0001323;SHP-2025-0053589;2025-07-04 08:58:36;Damaged Shipment;Packaging failure;Email;TRUE
CMP-0002627;SHP-2025-0105463;2025-11-23 18:30:00;Incorrect Delivery;Wrong delivery instructions;Email;FALSE
CMP-0005532;SHP-2026-0221206;2026-11-22 00:01:18;Late Delivery;Long transit time;Email;TRUE
CMP-0005378;SHP-2026-0215231;2026-10-09 20:49:43;Failed Delivery;Repeated delivery attempt;Web Form;TRUE
CMP-0000892;SHP-2025-0035494;2025-05-30 23:25:56;Late Delivery;Delivered after promised date;Web Form;TRUE
CMP-0005121;SHP-2026-0205048;2026-09-10 02:21:00;Late Delivery;Long transit time;Chat;TRUE
CMP-0006123;SHP-2026-0241166;2026-12-21 05:43:51;Incorrect Delivery;Wrong delivery instructions;Email;TRUE
CMP-0001817;SHP-2025-0072441;2025-08-19 05:08:50;Late Delivery;Delivered after promised date;Phone;TRUE
CMP-0000144;SHP-2025-0005991;2025-01-18 11:46:25;Late Delivery;Delivery date repeatedly changed;Email;TRUE
CMP-0003243;SHP-2026-0127570;2026-01-23 03:24:02;Failed Delivery;Repeated delivery attempt;Phone;TRUE
CMP-0003038;SHP-2025-0119462;2025-12-27 21:05:34;Other;Tracking issue;Phone;TRUE
CMP-0001770;SHP-2025-0070677;2025-08-17 09:08:37;Other;Other;Chat;TRUE
CMP-0000234;SHP-2025-0009644;2025-02-08 18:57:28;Failed Delivery;Customer not available;Phone;TRUE
CMP-0006210;SHP-2026-0243943;2027-01-03 11:21:57;Damaged Shipment;Contents damaged;Web Form;TRUE
CMP-0003802;SHP-2026-0150484;2026-04-09 16:55:10;Failed Delivery;Repeated delivery attempt;Web Form;TRUE
CMP-0003730;SHP-2026-0147779;2026-05-06 21:23:02;Late Delivery;Delivered after promised date;Email;TRUE
CMP-0004727;SHP-2026-0189585;2026-08-10 23:05:42;Incorrect Delivery;Tracking issue;Chat;TRUE
CMP-0004858;SHP-2026-0194728;2026-08-22 23:42:04;Other;Other;Web Form;TRUE
CMP-0004570;SHP-2026-0182799;2026-07-21 06:10:15;Late Delivery;Long transit time;Email;TRUE
CMP-0003864;SHP-2026-0152957;2026-04-22 08:07:30;Failed Delivery;Delivery unsuccessful; Phone ;TRUE
CMP-0001076;SHP-2025-0043507;2025-05-16 12:41:38;Incorrect Delivery;Wrong delivery instructions;Email;TRUE
CMP-0004370;SHP-2026-0175392;2026-07-06 04:47:04;Late Delivery;Delivered after promised date;Web Form;TRUE
CMP-0006213;SHP-2026-0244021;2026-12-31 06:52:04;Incorrect Delivery;Tracking issue;Phone;TRUE
CMP-0006169;SHP-2026-0242558;2026-12-19 15:28:13;Late Delivery;Delivered after promised date;Web Form;TRUE
CMP-0006330;SHP-2026-0247806;2026-12-16 03:52:00;Late Delivery;Long transit time;Email;TRUE
CMP-0006238;SHP-2026-0244721;2026-12-13 07:10:29;Failed Delivery;Delivery unsuccessful;Email;TRUE
CMP-0000331;SHP-2025-0013496;2025-02-24 10:06:59;Lost Shipment;Declared lost;Phone;TRUE
CMP-0002270;SHP-2025-0091712;2025-10-26 00:47:20;Failed Delivery;Repeated delivery attempt;Chat;TRUE
CMP-0003483;SHP-2026-0137340;2026-03-01 09:34:02;Damaged Shipment;Packaging failure;Email;TRUE
CMP-0003908;SHP-2026-0154902;2026-04-28 01:06:50;Late Delivery;Delivered after promised date;Phone;TRUE
CMP-0003913;SHP-2026-0155099;2026-04-13 21:53:33;Other;Tracking issue;Chat;TRUE
CMP-0000191;SHP-2025-0007680;2025-01-08 07:32:50;Incorrect Delivery;Tracking issue;Email;TRUE
CMP-0002518;SHP-2025-0101658;2025-11-26 03:42:09;Late Delivery;Delivered after promised date;Email;TRUE
CMP-0001569;SHP-2025-0063519;2025-09-04 02:54:56;Late Delivery;Delivered after promised date;Chat;TRUE
CMP-0003627;SHP-2026-0144076;2026-03-07 08:35:49;Failed Delivery;Delivery unsuccessful;Email;TRUE
CMP-0004801;SHP-2026-0191980;2026-09-02 16:22:49;Late Delivery;Delivery date repeatedly changed;Web Form;TRUE
CMP-0001470;SHP-2025-0059163;2025-07-24 05:10:05;Failed Delivery;Repeated delivery attempt;Web Form;TRUE
CMP-0000899;SHP-2025-0035690;2025-05-15 14:28:50;Other;Wrong delivery instructions;Web Form;TRUE
CMP-0001051;SHP-2025-0042453;2025-05-14 18:21:40;Other;Tracking issue;Phone;TRUE
CMP-0004116;SHP-2026-0164639;2026-05-22 22:53:16;Other;Tracking issue;Email;TRUE
CMP-0003211;SHP-2026-0126413;2026-01-13 01:25:25;Other;Tracking issue;Web Form;TRUE
CMP-0006284;SHP-2026-0246263;2026-12-13 09:29:52;Other;Tracking issue;Email;TRUE
CMP-0004331;SHP-2026-0173985;2026-07-06 09:33:08;Incorrect Delivery;Wrong delivery instructions;Web Form;TRUE
CMP-0003343;SHP-2026-0132058;2026-02-28 18:03:06;Late Delivery;Delivered after promised date;Phone;TRUE
CMP-0004691;SHP-2026-0188027;2026-07-05 18:54:08;Incorrect Delivery;Other;Email;TRUE
CMP-0004619;SHP-2026-0184901;2026-07-24 20:09:07;Late Delivery;Delivered after promised date;Email;TRUE
CMP-0001928;SHP-2025-0076983;2025-09-10 11:35:26;Late Delivery;Delivered after promised date;Email;TRUE
CMP-0005673;SHP-2026-0226403;2026-11-16 17:04:47;Late Delivery;Delivery date repeatedly changed;Web Form;TRUE
CMP-0006387;SHP-2026-0249750;2026-12-25 17:08:07;Failed Delivery;Courier did not reach customer;Phone;TRUE
CMP-0002379;SHP-2025-0096039;2025-11-24 03:18:13;Late Delivery;Long transit time;Email;TRUE
CMP-0006186;SHP-2026-0243068;2026-12-28 22:21:00;Incorrect Delivery;Tracking issue;Email;TRUE
CMP-0002695;SHP-2025-0108312;2025-12-29 02:30:49;Incorrect Delivery;Wrong delivery instructions;Email;TRUE
CMP-0005611;SHP-2026-0224058;2026-11-14 17:40:20;Late Delivery;Delivery date repeatedly changed;Phone;TRUE
CMP-0006155;SHP-2026-0242228;2026-12-22 22:37:47;Late Delivery;Long transit time;Email;TRUE
CMP-0001395;SHP-2025-0056246;2025-07-26 17:27:56;Late Delivery;Long transit time;Chat;TRUE
CMP-0000261;SHP-2025-0010865;2025-02-05 02:05:00;Incorrect Delivery;Other;Web Form;TRUE
CMP-0001455;SHP-2025-0058710;2025-07-28 16:27:21;Late Delivery;Long transit time;Phone;TRUE
CMP-0005196;SHP-2026-0208443;2026-09-14 15:39:07;Late Delivery;Delivered after promised date;Web Form;TRUE
CMP-0001416;SHP-2025-0057325;2025-07-18 03:53:39;Failed Delivery;Courier did not reach customer;Email;TRUE
CMP-0001708;SHP-2025-0068601;2025-09-02 13:42:23;Incorrect Delivery;Other;Email;FALSE
CMP-0003610;SHP-2026-0143233;2026-03-20 08:53:27;Failed Delivery;Courier did not reach customer;Web Form;TRUE
CMP-0003848;SHP-2026-0152214;2026-04-21 21:51:43;Late Delivery;Delivered after promised date;Email;TRUE
CMP-0004498;SHP-2026-0180042;2026-07-08 14:53:23;Other;Tracking issue;Phone;FALSE
CMP-0002261;SHP-2025-0091025;2025-10-26 07:52:38;Failed Delivery;Returned to sender;Web Form;FALSE
CMP-0005521;SHP-2026-0220711;2026-11-14 02:03:24;Late Delivery;Delivery date repeatedly changed;Chat;FALSE
CMP-0002392;SHP-2025-0096761;2025-11-11 04:35:52;Incorrect Delivery;Tracking issue;Email;TRUE
CMP-0002453;SHP-2025-0099221;2025-11-25 23:24:17;Late Delivery;Delivered after promised date;Email;TRUE
CMP-0005826;SHP-2026-0231750;2026-11-04 09:10:08;Late Delivery;Delivery date repeatedly changed;Email;TRUE
CMP-0000637;SHP-2025-0025253;2025-04-22 01:32:12;Incorrect Delivery;Other;Email;TRUE
CMP-0002714;SHP-2025-0108772;2025-12-20 13:17:46;Failed Delivery;Returned to sender;Chat;TRUE
CMP-0002373;SHP-2025-0095944;2025-11-25 00:26:17;Failed Delivery;Courier did not reach customer;Phone;TRUE
CMP-0005495;SHP-2026-0219885;2026-10-31 12:07:21;Late Delivery;Delivered after promised date;Email;TRUE
CMP-0001208;SHP-2025-0048709;2025-07-04 13:37:07;Failed Delivery;Customer not available;Email;TRUE
CMP-0002950;SHP-2025-0115850;2025-12-22 06:20:46;Other;Other;Chat;TRUE
CMP-0005041;SHP-2026-0201586;2026-09-17 01:27:07;Other;Other;Web Form;TRUE
CMP-0004651;SHP-2026-0186000;2026-07-19 18:00:00;Late Delivery;Long transit time;Phone;TRUE
CMP-0006280;SHP-2026-0246198;2026-12-14 04:57:10;Late Delivery;Delivery date repeatedly changed;Email;TRUE
CMP-0003847;SHP-2026-0152135;2026-04-12 09:34:37;Other;Tracking issue;Email;TRUE
CMP-0004965;SHP-2026-0198783;2026-09-22 02:07:37;Other;Tracking issue;Email;TRUE
CMP-0002216;SHP-2025-0089184;2025-10-17 05:34:24;Failed Delivery;Courier did not reach customer;Phone;TRUE
CMP-0000138;SHP-2025-0005728;2025-01-24 18:44:54;Late Delivery;Long transit time;Email;TRUE
CMP-0006149;SHP-2026-0241991;2027-01-04 20:28:01;Late Delivery;Delivered after promised date;Email;TRUE
CMP-0004952;SHP-2026-0198279;2026-09-15 03:11:15;Late Delivery;Long transit time;Web Form;TRUE
CMP-0002797;SHP-2025-0111362;2026-01-03 02:29:35;Failed Delivery;Repeated delivery attempt;Phone;TRUE
CMP-0005901;SHP-2026-0234627;2026-12-09 23:52:50;Late Delivery;Long transit time;Phone;TRUE
CMP-0005862;SHP-2026-0233035;2026-12-05 08:22:17;Other;Other;Phone;TRUE
CMP-0004018;SHP-2026-0160451;2026-05-31 16:16:38;Failed Delivery;Courier did not reach customer;Web Form;TRUE
CMP-0001590;SHP-2025-0064427;2025-09-04 13:14:41;Incorrect Delivery;Wrong delivery instructions;Phone;TRUE
CMP-0003994;SHP-2026-0159164;2026-05-26 18:58:38;Late Delivery;Long transit time;Web Form;TRUE
CMP-0006246;SHP-2026-0244988;2026-12-18 13:59:20;Late Delivery;Long transit time;Email;TRUE
CMP-0004060;SHP-2026-0162123;2026-05-25 14:05:07;Failed Delivery;Customer not available;Email;TRUE
CMP-0005103;SHP-2026-0204318;2026-09-27 03:00:43;Incorrect Delivery;Other;Phone;TRUE
CMP-0005547;SHP-2026-0221773;2026-11-23 09:27:36;Failed Delivery;Customer not available;Email;TRUE
CMP-0005597;SHP-2026-0223576;2026-11-16 16:15:27;Incorrect Delivery;Other;Web Form;TRUE
CMP-0000883;SHP-2025-0035055;2025-05-18 16:49:32;Late Delivery;Delivered after promised date;Phone;TRUE
CMP-0000397;SHP-2025-0015960;2025-03-04 14:00:21;Late Delivery;Delivered after promised date;Phone;TRUE
CMP-0000458;SHP-2025-0018165;2025-04-05 01:55:31;Late Delivery;Delivered after promised date;Email;TRUE
CMP-0006039;SHP-2026-0238991;2026-12-09 00:32:43;Incorrect Delivery;Wrong delivery instructions;Phone;TRUE
CMP-0000098;SHP-2025-0003997;2025-01-31 00:16:16;Late Delivery;Delivered after promised date;Email;TRUE
CMP-0004296;SHP-2026-0172533;2026-06-07 16:14:34;Lost Shipment;Shipment not delivered;Phone;TRUE
CMP-0006323;SHP-2026-0247539;2027-01-03 05:33:01;Late Delivery;Delivered after promised date;Chat;TRUE
CMP-0005829;SHP-2026-0231906;2026-12-03 19:57:01;Late Delivery;Delivered after promised date;Phone;TRUE
CMP-0005342;SHP-2026-0213954;2026-10-18 04:03:26;Incorrect Delivery;Tracking issue;Phone;TRUE
CMP-0003752;SHP-2026-0148585;2026-04-28 02:31:03;Other;Other;Phone;TRUE
CMP-0003968;SHP-2026-0158047;2026-05-31 17:18:30;Late Delivery;Delivered after promised date;Web Form;TRUE
CMP-0002233;SHP-2025-0089907;2025-10-14 22:21:51;Other;Other;Email;TRUE
CMP-0004199;SHP-2026-0168057;2026-07-05 05:28:55;Damaged Shipment;Packaging failure;Chat;TRUE
CMP-0001481;SHP-2025-0059622;2025-07-14 03:54:23;Other;Tracking issue;Chat;TRUE
CMP-0005421;SHP-2026-0216781;2026-10-28 05:51:19;Late Delivery;Long transit time;Phone;TRUE
CMP-0004601;SHP-2026-0184123;2026-08-03 21:53:41;Late Delivery;Delivered after promised date;Phone;TRUE
CMP-0001927;SHP-2025-0076940;2025-09-11 11:16:02;Other;Other;Web Form;FALSE
CMP-0003268;SHP-2026-0129028;2026-01-19 11:29:49;Late Delivery;Delivered after promised date;Email;TRUE
CMP-0003897;SHP-2026-0154566;2026-04-28 02:37:34;Failed Delivery;Delivery unsuccessful;Phone;TRUE
CMP-0006004;SHP-2026-0238104;2026-12-08 03:54:15;Late Delivery;Delivered after promised date;Email;TRUE
CMP-0000713;SHP-2025-0028594;2025-04-14 19:05:05;Incorrect Delivery;Other;Email;TRUE
CMP-0003011;SHP-2025-0118244;2025-12-08 14:31:42;Damaged Shipment;Contents damaged;Web Form;TRUE
CMP-0003292;SHP-2026-0129556;2026-01-13 05:31:32;Late Delivery;Long transit time;Web Form;TRUE
CMP-0004235;SHP-2026-0169583;2026-06-17 00:21:02;Late Delivery;Delivered after promised date;Phone;FALSE
CMP-0001267;SHP-2025-0051042;2025-06-11 07:20:13;Late Delivery;Long transit time;Email;TRUE
CMP-0001510;SHP-2025-0060627;2025-07-07 19:35:44;Damaged Shipment;Contents damaged;Phone;TRUE
CMP-0001159;SHP-2025-0046801;2025-06-23 07:50:20;Late Delivery;Delivery date repeatedly changed;Phone;TRUE
CMP-0004718;SHP-2026-0189333;2026-08-15 21:15:20;Late Delivery;Delivered after promised date;Email;TRUE
CMP-0002241;SHP-2025-0090242;2025-10-30 00:20:43;Incorrect Delivery;Wrong delivery instructions;Phone;FALSE
CMP-0006268;SHP-2026-0245700;2026-12-07 17:27:47;Failed Delivery;Courier did not reach customer;Web Form;TRUE
CMP-0005325;SHP-2026-0213411;2026-10-28 16:43:25;Late Delivery;Delivery date repeatedly changed;Phone;TRUE
CMP-0003697;SHP-2026-0146554;2026-04-03 18:48:13;Late Delivery;Long transit time;Web Form;TRUE
CMP-0004257;SHP-2026-0170820;2026-06-28 22:21:33;Other;Tracking issue;Email;TRUE
CMP-0005183;SHP-2026-0208012;2026-09-11 04:47:05;Incorrect Delivery;Wrong delivery instructions;Web Form;TRUE
CMP-0005517;SHP-2026-0220627;2026-10-13 12:37:10;Late Delivery;Delivery date repeatedly changed;Web Form;TRUE
CMP-0001779;SHP-2025-0070987;2025-08-11 16:12:38;Lost Shipment;Declared lost;Web Form;TRUE
CMP-0004298;SHP-2026-0172606;2026-06-24 09:02:07;Other;Tracking issue;Email;TRUE
CMP-0000249;SHP-2025-0010347;2025-02-10 02:48:15;Incorrect Delivery;Tracking issue;Chat;TRUE
CMP-0001832;SHP-2025-0072903;2025-09-11 07:58:18;Failed Delivery;Delivery unsuccessful;Phone;TRUE
CMP-0004747;SHP-2026-0190184;2026-08-16 04:59:33;Failed Delivery;Returned to sender;Web Form;TRUE
CMP-0002425;SHP-2025-0098392;2025-11-24 04:00:19;Late Delivery;Long transit time;Phone;TRUE
CMP-0004871;SHP-2026-0195314;2026-09-02 23:44:37;Failed Delivery;Delivery unsuccessful;Chat;TRUE
CMP-0003166;SHP-2026-0124188;2026-01-19 05:03:54;Incorrect Delivery;Tracking issue;Web Form;TRUE
CMP-0004021;SHP-2026-0160601;2026-05-27 09:13:17;Other;Other;Phone;TRUE
CMP-0004947;SHP-2026-0198134;2026-09-07 18:09:03;Late Delivery;Delivery date repeatedly changed;Email;TRUE
CMP-0000539;SHP-2025-0021317;2025-03-09 08:28:53;Late Delivery;Delivery date repeatedly changed;Web Form;TRUE
CMP-0001683;SHP-2025-0067584;2025-09-01 10:14:53;Failed Delivery;Repeated delivery attempt;Email;FALSE
CMP-0000289;SHP-2025-0011987;2025-02-18 02:09:34;Failed Delivery;Returned to sender;Email;TRUE
CMP-0004933;SHP-2026-0197623;2026-09-04 08:58:05;Failed Delivery;Returned to sender;Phone;TRUE
CMP-0002528;SHP-2025-0102098;2025-11-23 09:17:08;Late Delivery;Delivered after promised date;Phone;TRUE
CMP-0004734;SHP-2026-0189841;2026-08-24 13:57:15;Late Delivery;Long transit time;Phone;TRUE
CMP-0000756;SHP-2025-0029756;2025-04-06 16:04:46;Incorrect Delivery;Other;Phone;TRUE
CMP-0006176;SHP-2026-0242670;2027-01-03 22:41:47;Late Delivery;Delivery date repeatedly changed;Chat;TRUE
CMP-0005175;SHP-2026-0207671;2026-09-14 12:43:07;Other;Other;Phone;TRUE
CMP-0003995;SHP-2026-0159254;2026-06-05 20:25:15;Failed Delivery;Repeated delivery attempt;Email;TRUE
CMP-0003264;SHP-2026-0128865;2026-02-04 19:27:29;Other;Other;Phone;TRUE
CMP-0001694;SHP-2025-0068027;2025-08-26 10:23:16;Other;Other;Phone;TRUE
CMP-0004623;SHP-2026-0185150;2026-07-17 11:34:14;Incorrect Delivery;Tracking issue;Email;TRUE
CMP-0003335;SHP-2026-0131786;2026-02-10 00:49:09;Late Delivery;Delivered after promised date;Email;FALSE
CMP-0000625;SHP-2025-0024724;2025-04-06 19:03:10;Failed Delivery;Courier did not reach customer;Email;TRUE
CMP-0000269;SHP-2025-0011068;2025-02-27 10:03:02;Late Delivery;Delivery date repeatedly changed;Email;TRUE
CMP-0002242;SHP-2025-0090249;2025-10-16 15:06:30;Incorrect Delivery;Tracking issue;Email;TRUE
CMP-0004680;SHP-2026-0187582;2026-07-24 22:53:05;Late Delivery;Delivery date repeatedly changed;Email;TRUE
CMP-0005191;SHP-2026-0208352;2026-10-06 14:18:03;Failed Delivery;Courier did not reach customer;Phone;TRUE
CMP-0000242;SHP-2025-0009871;2025-03-05 11:06:38;Other;Wrong delivery instructions;Email;TRUE
CMP-0003749;SHP-2026-0148449;2026-04-10 08:04:53;Failed Delivery;Customer not available;Email;TRUE
CMP-0004349;SHP-2026-0174619;2026-06-27 13:31:47;Late Delivery;Delivered after promised date;Phone;TRUE
CMP-0006241;SHP-2026-0244850;2027-01-03 01:57:19;Late Delivery;Delivery date repeatedly changed;Web Form;TRUE
CMP-0002720;SHP-2025-0108867;2026-01-04 19:15:15;Late Delivery;Delivered after promised date;Chat;TRUE
CMP-0005338;SHP-2026-0213804;2026-10-08 10:51:07;Other;Wrong delivery instructions;Web Form;TRUE
CMP-0001454;SHP-2025-0058668;2025-07-24 16:38:46;Late Delivery;Delivered after promised date;Chat;FALSE
CMP-0001610;SHP-2025-0065148;2025-08-12 22:29:15;Other;Other;Web Form;TRUE
CMP-0000813;SHP-2025-0032205;2025-04-07 14:53:48;Late Delivery;Long transit time;Email;TRUE
CMP-0002203;SHP-2025-0088738;2025-10-29 08:19:07;Late Delivery;Delivered after promised date;Web Form;TRUE
CMP-0005288;SHP-2026-0212064;2026-10-11 22:38:15;Late Delivery;Delivered after promised date;Email;TRUE
CMP-0005761;SHP-2026-0229673;2026-11-20 00:05:22;Late Delivery;Delivered after promised date;Chat;TRUE
CMP-0003417;SHP-2026-0135039;2026-02-21 03:04:23;Other;Wrong delivery instructions;Phone;TRUE
CMP-0002060;SHP-2025-0083274;2025-10-31 21:40:03;Late Delivery;Delivery date repeatedly changed;Phone;TRUE
CMP-0003477;SHP-2026-0137015;2026-02-14 01:48:22;Failed Delivery;Returned to sender;Email;TRUE
CMP-0001393;SHP-2025-0056185;2025-07-06 13:35:06;Late Delivery;Delivered after promised date;Phone;TRUE
CMP-0005915;SHP-2026-0235055;2026-12-18 04:12:23;Failed Delivery;Customer not available;Email;TRUE
CMP-0004953;SHP-2026-0198284;2026-09-20 06:13:06;Incorrect Delivery;Tracking issue;Email;FALSE
CMP-0006111;SHP-2026-0240809;2027-01-02 19:18:08;Late Delivery;Long transit time;Web Form;TRUE
CMP-0004564;SHP-2026-0182582;2026-07-20 19:42:48;Late Delivery;Long transit time;Chat;TRUE
CMP-0003042;SHP-2025-0119507;2025-12-12 09:49:08;Late Delivery;Long transit time;Web Form;TRUE
CMP-0000464;SHP-2025-0018208;2025-03-15 04:37:42;Other;Tracking issue;Phone;TRUE
CMP-0001371;SHP-2025-0055170;2025-07-20 08:47:13;Late Delivery;Long transit time;Email;TRUE
CMP-0000919;SHP-2025-0036402;2025-05-24 15:58:16;Other;Tracking issue;Web Form;TRUE
CMP-0002393;SHP-2025-0096768;2025-11-29 10:28:21;Incorrect Delivery;Other;Email;TRUE
CMP-0001765;SHP-2025-0070527;2025-08-11 15:48:04;Late Delivery;Long transit time;Phone;FALSE
CMP-0002851;SHP-2025-0112874;2025-12-18 11:11:35;Late Delivery;Long transit time;Phone;FALSE
CMP-0000243;SHP-2025-0009996;2025-02-04 11:34:32;Incorrect Delivery;Wrong delivery instructions;Email;TRUE
CMP-0005871;SHP-2026-0233331;2026-12-04 16:43:20;Failed Delivery;Repeated delivery attempt;Phone;TRUE
CMP-0004669;SHP-2026-0187123;2026-07-15 11:39:13;Failed Delivery;Customer not available;Email;TRUE
CMP-0005172;SHP-2026-0207562;2026-09-21 23:23:32;Failed Delivery;Courier did not reach customer;Email;TRUE
CMP-0002837;SHP-2025-0112392;2025-12-30 02:23:22;Other;Other;Web Form;TRUE
CMP-0000244;SHP-2025-0010007;2025-02-27 03:23:59;Incorrect Delivery;Wrong delivery instructions;Web Form;TRUE
CMP-0004895;SHP-2026-0196202;2026-08-19 22:10:11;Late Delivery;Delivery date repeatedly changed;Phone;TRUE
CMP-0001892;SHP-2025-0075588;2025-09-05 21:43:28;Incorrect Delivery;Tracking issue;Phone;TRUE
CMP-0004626;SHP-2026-0185304;2026-07-25 03:07:12;Other;Wrong delivery instructions;Web Form;TRUE
CMP-0003941;SHP-2026-0156308;2026-05-05 10:28:48;Incorrect Delivery;Wrong delivery instructions;Web Form;TRUE
CMP-0003696;SHP-2026-0146549;2026-04-06 01:05:49;Failed Delivery;Delivery unsuccessful;Email;TRUE
CMP-0002410;SHP-2025-0097930;2025-11-13 16:07:48;Late Delivery;Delivery date repeatedly changed;Phone;TRUE
CMP-0001888;SHP-2025-0075460;2025-09-10 19:35:34;Other;Tracking issue;Email;TRUE
CMP-0003726;SHP-2026-0147633;2026-04-01 17:56:03;Failed Delivery;Courier did not reach customer;Chat;TRUE
CMP-0001621;SHP-2025-0065383;2025-08-20 01:03:17;Incorrect Delivery;Wrong delivery instructions;Phone;TRUE
CMP-0003113;SHP-2025-0121373;2025-12-13 18:23:26;Late Delivery;Delivery date repeatedly changed;Phone;TRUE
CMP-0001185;SHP-2025-0047575;2025-07-06 02:32:47;Late Delivery;Delivered after promised date;Phone;TRUE
CMP-0002307;SHP-2025-0093308;2025-10-23 20:46:06;Late Delivery;Delivery date repeatedly changed;Phone;TRUE
CMP-0003171;SHP-2026-0124452;2026-02-02 19:40:44;Late Delivery;Long transit time;Phone;TRUE
CMP-0005962;SHP-2026-0236563;2026-12-28 23:31:11;Other;Tracking issue;Web Form;TRUE
CMP-0001519;SHP-2025-0060921;2025-07-21 05:13:04;Failed Delivery;Customer not available;Web Form;TRUE
CMP-0003700;SHP-2026-0146713;2026-03-20 16:19:16;Late Delivery;Delivery date repeatedly changed;Web Form;TRUE
CMP-0005666;SHP-2026-0226143;2026-12-01 06:09:18;Late Delivery;Long transit time;Chat;TRUE
CMP-0004161;SHP-2026-0166433;2026-05-24 15:20:26;Failed Delivery;Courier did not reach customer;Web Form;TRUE
CMP-0001485;SHP-2025-0059755;2025-07-09 03:03:33;Late Delivery;Delivered after promised date;Email;TRUE
CMP-0001434;SHP-2025-0057814;2025-07-11 03:05:38;Failed Delivery;Repeated delivery attempt;Email;TRUE
CMP-0006084;SHP-2026-0240407;2026-12-30 23:43:38;Late Delivery;Delivery date repeatedly changed;Web Form;TRUE
CMP-0004572;SHP-2026-0182923;2026-07-11 02:26:44;Late Delivery;Long transit time;Chat;TRUE
CMP-0002105;SHP-2025-0084685;2025-10-19 02:51:44;Late Delivery;Delivery date repeatedly changed;Chat;TRUE
CMP-0000077;SHP-2025-0003084;2025-01-20 05:16:01;Late Delivery;Long transit time;Web Form;TRUE
CMP-0000400;SHP-2025-0016035;2025-02-15 12:20:07;Late Delivery;Delivery date repeatedly changed;Email;TRUE
CMP-0001670;SHP-2025-0067271;2025-08-13 22:09:42;Late Delivery;Delivered after promised date;Web Form;TRUE
CMP-0003315;SHP-2026-0130657;2026-03-01 00:48:57;Other;Wrong delivery instructions;Phone;TRUE
CMP-0004239;SHP-2026-0169832;2026-07-03 22:56:49;Late Delivery;Long transit time;Email;TRUE
CMP-0005685;SHP-2026-0226918;2026-11-13 17:19:49;Failed Delivery;Customer not available;Phone;TRUE
CMP-0000437;SHP-2025-0017392;2025-03-30 17:16:35;Other;Tracking issue;Phone;TRUE
CMP-0004986;SHP-2026-0199621;2026-09-11 02:47:43;Failed Delivery;Courier did not reach customer;Email;TRUE
CMP-0003642;SHP-2026-0144587;2026-03-29 02:46:56;Late Delivery;Long transit time;Phone;TRUE
CMP-0005795;SHP-2026-0230696;2026-11-25 16:36:28;Incorrect Delivery;Tracking issue;Chat;TRUE
CMP-0002396;SHP-2025-0096848;2025-11-06 03:28:19;Incorrect Delivery;Wrong delivery instructions;Email;FALSE
CMP-0002343;SHP-2025-0094615;2025-11-28 17:28:07;Failed Delivery;Repeated delivery attempt;Phone;TRUE
CMP-0001803;SHP-2025-0071955;2025-08-20 18:41:23;Lost Shipment;No tracking progress;Web Form;TRUE
CMP-0000549;SHP-2025-0021564;2025-03-26 07:00:16;Failed Delivery;Courier did not reach customer;Phone;TRUE
CMP-0000396;SHP-2025-0015858;2025-02-09 00:51:34;Other;Wrong delivery instructions;Web Form;TRUE
CMP-0003062;SHP-2025-0120035;2025-12-08 10:31:36;Other;Wrong delivery instructions;Email;TRUE
CMP-0001370;SHP-2025-0055170;2025-07-19 12:08:56;Failed Delivery;Customer not available;Web Form;TRUE
CMP-0001152;SHP-2025-0046614;2025-06-20 18:28:23;Damaged Shipment;Package damaged;Web Form;TRUE
CMP-0000255;SHP-2025-0010521;2025-02-16 14:26:58;Other;Other;Email;TRUE
CMP-0003349;SHP-2026-0132278;2026-02-13 03:39:37;Failed Delivery;Repeated delivery attempt;Web Form;TRUE
CMP-0005877;SHP-2026-0233602;2026-11-29 00:03:32;Incorrect Delivery;Wrong delivery instructions;Email;TRUE
CMP-0000780;SHP-2025-0030964;2025-04-26 09:07:14;Lost Shipment;No tracking progress;Email;TRUE
CMP-0003935;SHP-2026-0155954;2026-04-19 00:33:48;late delivery;Long transit time;Chat;TRUE
CMP-0003025;SHP-2025-0118886;2026-01-06 12:43:39;Failed Delivery;Repeated delivery attempt;Chat;TRUE
CMP-0003558;SHP-2026-0140325;2026-03-22 14:06:18;Other;Tracking issue;Phone;TRUE
CMP-0005519;SHP-2026-0220699;2026-11-27 07:05:19;Late Delivery;Delivery date repeatedly changed;Web Form;TRUE
CMP-0003348;SHP-2026-0132218;2026-03-04 16:38:50;Late Delivery;Delivery date repeatedly changed;Email;TRUE
CMP-0003071;SHP-2025-0120273;2025-12-15 11:29:54;Late Delivery;Long transit time;Email;TRUE
CMP-0002083;SHP-2025-0083810;2025-10-28 20:20:25;Late Delivery;Long transit time;Web Form;TRUE
CMP-0002234;SHP-2025-0089911;2025-10-10 16:20:45;Late Delivery;Delivery date repeatedly changed;Chat;TRUE
CMP-0002674;SHP-2025-0107617;2025-12-24 05:16:41;Late Delivery;Delivered after promised date;Chat;TRUE
CMP-0005328;SHP-2026-0213455;2026-10-22 19:13:15;Late Delivery;Delivered after promised date;Email;TRUE
CMP-0004108;SHP-2026-0164177;2026-05-18 17:30:46;Late Delivery;Delivery date repeatedly changed;Email;TRUE
CMP-0004871;SHP-2026-0195314;2026-09-02 23:44:37;Failed Delivery;Delivery unsuccessful;Chat;TRUE
CMP-0001584;SHP-2025-0064026;2025-09-04 14:55:57;Other;Other;Web Form;TRUE
CMP-0003651;SHP-2026-0144876;2026-03-13 02:21:31;Incorrect Delivery;Other;Chat;FALSE
CMP-0005437;SHP-2026-0217608;2026-10-27 16:19:58;Late Delivery;Delivery date repeatedly changed;Chat;TRUE
CMP-0000995;SHP-2025-0039925;2025-05-24 15:16:06;Late Delivery;Long transit time;Chat;TRUE
CMP-0005176;SHP-2026-0207744;2026-09-14 14:22:05;Failed Delivery;Repeated delivery attempt;Email;TRUE
CMP-0005319;SHP-2026-0213309;2026-10-31 07:07:11;Incorrect Delivery;Other;Email;TRUE
CMP-0003863;SHP-2026-0152908;2026-04-12 13:04:38;Incorrect Delivery;Tracking issue;Email;TRUE
CMP-0004313;SHP-2026-0173459;2026-06-12 21:18:05;Incorrect Delivery;Other;Chat;TRUE
CMP-0002021;SHP-2025-0081335;2025-09-08 19:26:10;Incorrect Delivery;Tracking issue;Web Form;TRUE
CMP-0002543;SHP-2025-0102566;2025-12-08 09:03:07;Other;Other;Chat;TRUE
CMP-0000591;SHP-2025-0023389;2025-03-12 06:59:42;Incorrect Delivery;Other;Web Form;TRUE
CMP-0004091;SHP-2026-0163349;2026-05-28 21:01:34;Failed Delivery;Courier did not reach customer;Web Form;TRUE
CMP-0004494;SHP-2026-0179969;2026-07-18 19:27:49;Late Delivery;Delivery date repeatedly changed;Web Form;TRUE
CMP-0002748;SHP-2025-0109842;2026-01-08 12:28:30;Late Delivery;Delivered after promised date;Chat;TRUE
CMP-0001833;SHP-2025-0072914;2025-09-14 13:16:15;Incorrect Delivery;Wrong delivery instructions;Email;TRUE
CMP-0006104;SHP-2026-0240717;2026-12-12 09:10:10;Failed Delivery;Customer not available;Phone;TRUE
CMP-0000146;SHP-2025-0006001;2025-02-08 18:53:39;Late Delivery;Delivered after promised date;Phone;FALSE
CMP-0000613;SHP-2025-0024266;2025-03-20 10:57:06;Failed Delivery;Courier did not reach customer;Email;TRUE
CMP-0001558;SHP-2025-0063047;2025-07-14 14:45:24;Late Delivery;Long transit time;Web Form;TRUE
CMP-0004166;SHP-2026-0166662;2026-06-06 06:46:03;Failed Delivery;Courier did not reach customer;Phone;TRUE
CMP-0004970;SHP-2026-0198987;2026-09-13 06:14:01;Failed Delivery;Delivery unsuccessful;Web Form;TRUE
CMP-0003817;SHP-2026-0151248;2026-05-05 14:27:09;Failed Delivery;Customer not available;Email;TRUE
CMP-0001129;SHP-2025-0045891;2025-06-25 21:43:07;Incorrect Delivery;Tracking issue;Chat;TRUE
CMP-0006272;SHP-2026-0245855;2026-12-06 07:19:10;Late Delivery;Delivered after promised date;Email;TRUE
CMP-0003150;SHP-2026-0123405;2026-01-30 15:32:28;Other;Tracking issue;Email;TRUE
CMP-0002772;SHP-2025-0110641;2025-12-15 07:25:17;Late Delivery;Long transit time;Chat;TRUE
CMP-0002111;SHP-2025-0085033;2025-10-22 11:54:29;Late Delivery;Long transit time;Phone;TRUE
CMP-0001266;SHP-2025-0051042;2025-06-10 18:40:30;Failed Delivery;Customer not available;Chat;TRUE
CMP-0000684;SHP-2025-0027360;2025-04-18 20:51:42;Incorrect Delivery;Tracking issue;Web Form;TRUE
CMP-0003533;SHP-2026-0139102;2026-04-03 15:46:06;Failed Delivery;Repeated delivery attempt;Email;TRUE
CMP-0005218;SHP-2026-0209109;2026-10-12 01:58:07;Incorrect Delivery;Other;Email;TRUE
CMP-0005396;SHP-2026-0215759;2026-10-17 14:18:09;Other;Wrong delivery instructions;Web Form;FALSE
CMP-0004343;SHP-2026-0174534;2026-06-06 22:03:52;Late Delivery;Delivery date repeatedly changed;Web Form;TRUE
CMP-0000969;SHP-2025-0038893;2025-05-22 02:39:37;Other;Tracking issue;Web Form;FALSE
CMP-0001671;SHP-2025-0067282;2025-08-18 02:34:55;Failed Delivery;Courier did not reach customer;Phone;TRUE
CMP-0005359;SHP-2026-0214326;2026-10-25 04:41:47;Late Delivery;Delivered after promised date;Phone;TRUE
CMP-0000220;SHP-2025-0008865;2025-03-01 13:06:26;Late Delivery;Long transit time;Email;TRUE
CMP-0002376;SHP-2025-0096009;2025-11-15 14:46:28;Failed Delivery;Customer not available;Email;TRUE
CMP-0005056;SHP-2026-0202242;2026-09-13 18:44:16;Other;Wrong delivery instructions;Phone;FALSE
CMP-0002559;SHP-2025-0103161;2025-11-30 21:16:42;Incorrect Delivery;Tracking issue;Email;TRUE
CMP-0005444;SHP-2026-0217734;2026-10-26 05:47:30;Late Delivery;Long transit time;Chat;TRUE
CMP-0001712;SHP-2025-0068731;2025-08-21 10:59:19;Late Delivery;Delivery date repeatedly changed;Phone;TRUE
CMP-0003386;SHP-2026-0133512;2026-02-06 14:47:55;Failed Delivery;Repeated delivery attempt;Email;TRUE
CMP-0004354;SHP-2026-0174805;2026-06-21 21:35:16;Late Delivery;Delivered after promised date;Phone;TRUE
CMP-0001394;SHP-2025-0056226;2025-07-08 08:36:04;Other;Wrong delivery instructions;Email;TRUE
CMP-0004061;SHP-2026-0162240;2026-06-02 08:27:22;Late Delivery;Delivery date repeatedly changed;Email;TRUE
CMP-0003807;SHP-2026-0150796;2026-04-05 05:05:09;Failed Delivery;Returned to sender;Web Form;TRUE
CMP-0001715;SHP-2025-0068885;2025-08-08 14:35:23;Late Delivery;Long transit time;Web Form;TRUE
CMP-0004770;SHP-2026-0191391;2026-08-20 22:13:59;Late Delivery;Delivered after promised date;Phone;TRUE
CMP-0003624;SHP-2026-0143993;2026-04-04 09:47:59;Lost Shipment;Shipment not delivered;Phone;TRUE
CMP-0004407;SHP-2026-0176866;2026-06-14 22:17:11;Failed Delivery;Repeated delivery attempt;Phone;TRUE
CMP-0004479;SHP-2026-0179578;2026-08-02 04:13:28;Other;Other;Web Form;TRUE
CMP-0003329;SHP-2026-0131284;2026-03-07 19:36:33;Late Delivery;Delivered after promised date;Email;TRUE
CMP-0002468;SHP-2025-0099818;2025-11-23 04:52:38;Failed Delivery;Repeated delivery attempt;Email;TRUE
CMP-0005614;SHP-2026-0224303;2026-11-13 15:24:11;Late Delivery;Delivered after promised date;Web Form;TRUE
CMP-0004180;SHP-2026-0167052;2026-05-24 16:27:34;Late Delivery;Delivery date repeatedly changed;Chat;TRUE
CMP-0002905;SHP-2025-0114459;2026-01-07 08:14:59;Late Delivery;Long transit time;Email;TRUE
CMP-0002819;SHP-2025-0111983;2025-12-07 06:02:54;Late Delivery;Delivery date repeatedly changed;Phone;TRUE
CMP-0004515;SHP-2026-0180608;2026-08-06 06:49:38;Late Delivery;Long transit time;Phone;TRUE
CMP-0000411;SHP-2025-0016395;2025-03-16 23:08:28;Failed Delivery;Courier did not reach customer;Phone;TRUE
CMP-0002095;SHP-2025-0084226;2025-10-23 09:55:16;Late Delivery;Delivery date repeatedly changed;Web Form;TRUE
CMP-0003930;SHP-2026-0155767;2026-04-25 11:48:29;Other;Other;Phone;TRUE
CMP-0004604;SHP-2026-0184313;2026-07-11 02:44:36;Late Delivery;Delivered after promised date;Email;TRUE
CMP-0001543;SHP-2025-0062066;2025-08-02 12:01:29;Failed Delivery;Courier did not reach customer;Phone;TRUE
CMP-0003022;SHP-2025-0118787;2025-12-20 03:05:46;Incorrect Delivery;Wrong delivery instructions;Email;TRUE
CMP-0003471;SHP-2026-0136849;2026-03-07 07:10:33;Late Delivery;Delivered after promised date;Email;TRUE
CMP-0001709;SHP-2025-0068610;2025-08-13 06:51:54;Failed Delivery;Repeated delivery attempt;Web Form;TRUE
CMP-0004771;SHP-2026-0191407;2026-08-15 17:29:12;Other;Wrong delivery instructions;Email;FALSE
CMP-0003415;SHP-2026-0134931;2026-02-27 01:17:40;Failed Delivery;Returned to sender;Email;TRUE
CMP-0001235;SHP-2025-0049864;2025-06-24 14:48:16;Late Delivery;Long transit time;Web Form;TRUE
CMP-0006080; SHP-2026-0240268 ;2026-12-28 04:37:08;Failed Delivery;Returned to sender;Phone;TRUE
CMP-0000471;SHP-2025-0018505;2025-03-12 13:32:01;Failed Delivery;Courier did not reach customer;Phone;TRUE
CMP-0001826;SHP-2025-0072708;2025-09-23 05:12:33;Other;Tracking issue;Email;TRUE
CMP-0004428;SHP-2026-0177813;2026-06-23 16:42:36;Lost Shipment;No tracking progress;Chat;TRUE
CMP-0004824;SHP-2026-0193301;2026-08-08 05:28:30;Incorrect Delivery;Wrong delivery instructions;Web Form;TRUE
CMP-0001939;SHP-2025-0077695;2025-09-15 16:11:14;Late Delivery;Delivered after promised date;Email;TRUE
CMP-0000318;SHP-2025-0012907;2025-02-17 03:57:26;Late Delivery;Long transit time;Email;TRUE
CMP-0006033;SHP-2026-0238790;2026-12-21 16:05:04;Other;Other;Email;FALSE
CMP-0002873;SHP-2025-0113621;2025-12-17 16:06:31;Late Delivery;Delivered after promised date;Chat;TRUE
CMP-0001873;SHP-2025-0074758;2025-09-28 17:51:43;Late Delivery;Delivery date repeatedly changed;Phone;TRUE
CMP-0005102;SHP-2026-0204231;2026-09-13 09:25:58;Other;Other;Web Form;TRUE
CMP-0004372;SHP-2026-0175414;2026-06-25 07:46:26;Late Delivery;Delivered after promised date;Chat;TRUE
CMP-0001170;SHP-2025-0047281;2025-07-07 07:38:58;Late Delivery;Long transit time;Phone;TRUE
CMP-0000753;SHP-2025-0029725;2025-04-29 07:03:57;Incorrect Delivery;Other;Email;FALSE
CMP-0001157;SHP-2025-0046692;2025-06-21 11:20:11;Other;Tracking issue;Chat;TRUE
CMP-0003950;SHP-2026-0157206;2026-04-24 11:24:50;Incorrect Delivery;Tracking issue;Phone;TRUE
CMP-0002042;SHP-2025-0082218;2025-09-28 10:43:34;Failed Delivery;Customer not available;Web Form;TRUE
CMP-0000913;SHP-2025-0036168;2025-05-08 10:18:36;Incorrect Delivery;Tracking issue;Phone;TRUE
CMP-0004548;SHP-2026-0182045;2026-07-15 05:24:57;Late Delivery;Long transit time;Web Form;TRUE
CMP-0003816;SHP-2026-0151245;2026-04-19 10:48:57;Failed Delivery;Courier did not reach customer;Phone;TRUE
CMP-0005659;SHP-2026-0225936;2026-11-24 09:49:35;Late Delivery;Delivery date repeatedly changed;Phone;TRUE
CMP-0001165;SHP-2025-0047037;2025-06-07 10:24:33;Late Delivery;Long transit time;Email;TRUE
CMP-0000982;SHP-2025-0039402;2025-05-18 11:17:30;Failed Delivery;Courier did not reach customer;Web Form;TRUE
CMP-0002235;SHP-2025-0089946;2025-10-28 11:45:08;Incorrect Delivery;Wrong delivery instructions;Phone;TRUE
CMP-0002315;SHP-2025-0093575;2025-10-10 11:19:33;Other;Tracking issue;Web Form;TRUE
CMP-0003285;SHP-2026-0129382;2026-02-03 11:08:15;Incorrect Delivery;Other;Phone;TRUE
CMP-0003698;SHP-2026-0146615;2026-03-07 10:13:55;Late Delivery;Long transit time;Phone;TRUE
CMP-0005841;SHP-2026-0232369;2026-11-13 08:24:49;Late Delivery;Long transit time;Email;TRUE
CMP-0006152;SHP-2026-0242123;2026-12-14 10:14:40;Late Delivery;Delivery date repeatedly changed;Email;TRUE
CMP-0002708;SHP-2025-0108673;2025-12-14 03:42:16;Failed Delivery;Repeated delivery attempt;Web Form;TRUE
CMP-0000263;SHP-2025-0010926;2025-02-28 19:08:28;Other;Wrong delivery instructions;Phone;TRUE
CMP-0005677;SHP-2026-0226515;2026-12-05 09:50:04;Late Delivery;Delivery date repeatedly changed;Email;TRUE
CMP-0000711;SHP-2025-0028480;2025-04-19 09:32:05;Late Delivery;Delivery date repeatedly changed;Chat;FALSE
CMP-0005575;SHP-2026-0222593;2026-11-26 21:16:57;Failed Delivery;Courier did not reach customer;Web Form;FALSE
CMP-0005592;SHP-2026-0223437;2026-11-07 14:56:09;Other;Wrong delivery instructions;Web Form;TRUE
CMP-0000049;SHP-2025-0002224;2025-01-11 02:23:01;Lost Shipment;Shipment not delivered;Phone;TRUE
CMP-0005540;SHP-2026-0221656;2026-11-07 17:53:51;Late Delivery;Long transit time;Web Form;FALSE
CMP-0005878;SHP-2026-0233612;2026-11-29 15:28:58;Failed Delivery;Delivery unsuccessful;Email;TRUE
CMP-0001241;SHP-2025-0050269;2025-07-01 15:15:36;Incorrect Delivery;Other;Email;TRUE
CMP-0001942;SHP-2025-0077856;2025-09-14 00:38:31;Failed Delivery;Customer not available;Web Form;TRUE
CMP-0001916;SHP-2025-0076560;2025-09-19 18:07:38;Late Delivery;Delivered after promised date;Phone;TRUE
CMP-0002984;SHP-2025-0117418;2025-12-30 06:23:56;Late Delivery;Delivered after promised date;Email;TRUE
CMP-0005008;SHP-2026-0200447;2026-09-29 21:55:07;Other;Tracking issue;Email;TRUE
CMP-0000648;SHP-2025-0025597;2025-05-06 03:06:10;Late Delivery;Long transit time;Email;TRUE
CMP-0000744;SHP-2025-0029481;2025-05-02 15:09:26;Other;Wrong delivery instructions;Email;TRUE
CMP-0004224;SHP-2026-0169068;2026-06-25 21:36:16;Incorrect Delivery;Wrong delivery instructions;Phone;TRUE
CMP-0003903;SHP-2026-0154849;2026-04-21 22:50:57;Failed Delivery;Courier did not reach customer;Phone;TRUE
CMP-0005279;SHP-2026-0211810;2026-10-10 01:58:09;Late Delivery;Delivery date repeatedly changed;Email;TRUE
CMP-0000165;SHP-2025-0006642;2025-01-18 20:33:04;Failed Delivery;Customer not available;Chat;TRUE
CMP-0004796;SHP-2026-0191873;2026-08-21 08:31:27;Late Delivery;Delivered after promised date;Phone;TRUE
CMP-0002274;SHP-2025-0091900;2025-10-13 04:22:48;Other;Wrong delivery instructions;Phone;TRUE
CMP-0006208;SHP-2026-0243782;2026-12-07 23:31:14;Failed Delivery;Delivery unsuccessful;Email;TRUE
CMP-0000670;SHP-2025-0026822;2025-05-03 11:21:13;Damaged Shipment;Contents damaged;Email;TRUE
CMP-0003986;SHP-2026-0158844;2026-05-21 07:12:02;Failed Delivery;Courier did not reach customer;Chat;TRUE
CMP-0002247;SHP-2025-0090423;2025-10-30 11:31:05;Other;Wrong delivery instructions;Phone;TRUE
CMP-0006231;SHP-2026-0244587;2026-12-31 02:18:13;Late Delivery;Long transit time;Email;TRUE
CMP-0000777;SHP-2025-0030820;2025-04-29 20:24:45;Late Delivery;Delivered after promised date;Email;TRUE
CMP-0000027;SHP-2025-0001320;2025-01-08 12:24:34;Other;Wrong delivery instructions;Email;TRUE
CMP-0006312;SHP-2026-0247272;2026-12-16 13:35:11;Other;Other;Email;TRUE
CMP-0003510;SHP-2026-0138560;2026-04-04 05:55:49;Late Delivery;Long transit time;Email;TRUE
CMP-0000364;SHP-2025-0014615;2025-02-17 10:05:30;Other;Tracking issue;Web Form;FALSE
CMP-0000347;SHP-2025-0014115;2025-02-15 00:27:10;Late Delivery;Long transit time;Email;TRUE
CMP-0001719;SHP-2025-0069073;2025-08-19 07:21:58;Late Delivery;Delivery date repeatedly changed;Phone;TRUE
CMP-0002620;SHP-2025-0104976;2025-12-01 18:15:15;Failed Delivery;Customer not available;Phone;TRUE
CMP-0001361;SHP-2025-0054799;2025-07-30 11:02:53;Failed Delivery;Repeated delivery attempt;Email;FALSE
CMP-0002847;SHP-2025-0112719;2025-12-15 18:07:54;Failed Delivery;Customer not available;Email;TRUE
CMP-0000524;SHP-2025-0020580;2025-04-03 15:09:37;Late Delivery;Delivered after promised date;Chat;TRUE
CMP-0005077;SHP-2026-0203085;2026-09-23 08:20:06;Incorrect Delivery;Other;Email;TRUE
CMP-0005488;SHP-2026-0219663;2026-10-16 03:01:29;Late Delivery;Delivery date repeatedly changed;Phone;TRUE
CMP-0001577;SHP-2025-0063697;2025-08-11 00:17:48;Incorrect Delivery;Wrong delivery instructions;Email;TRUE
CMP-0002563;SHP-2025-0103257;2025-11-19 18:23:23;Late Delivery;Long transit time;Web Form;TRUE
CMP-0000849;SHP-2025-0033380;2025-04-12 13:26:06;Failed Delivery;Customer not available;Phone;TRUE
CMP-0001050;SHP-2025-0042380;2025-05-23 19:08:24;Late Delivery;Long transit time;Email;TRUE
CMP-0006074;SHP-2026-0240054;2026-12-31 06:37:06;Late Delivery;Long transit time;Email;TRUE
CMP-0005038;SHP-2026-0201448;2026-09-13 03:35:09;Late Delivery;Long transit time;Web Form;TRUE
CMP-0006198;SHP-2026-0243477;2026-12-12 16:30:48;Failed Delivery;Courier did not reach customer;Web Form;TRUE
CMP-0003418;SHP-2026-0135051;2026-02-08 21:45:36;Late Delivery;Long transit time;Phone;TRUE
CMP-0000697;SHP-2025-0028047;2025-04-17 08:53:27;Late Delivery;Delivered after promised date;Phone;TRUE
CMP-0003120;SHP-2026-0121850;2026-01-29 02:21:28;Incorrect Delivery;Tracking issue;Web Form;TRUE
CMP-0001202;SHP-2025-0048405;2025-06-06 09:16:33;Other;Other;Phone;TRUE
CMP-0005331;SHP-2026-0213523;2026-10-27 13:56:29;Other;Tracking issue;Email;TRUE
CMP-0000059;SHP-2025-0002608;2025-01-28 01:50:55;Other;Tracking issue;Chat;TRUE
CMP-0005954;SHP-2026-0236198;2026-12-17 14:27:41;Late Delivery;Delivered after promised date;Phone;TRUE
CMP-0003185;SHP-2026-0124934;2026-01-18 21:24:25;Other;Other;Phone;TRUE
CMP-0003794;SHP-2026-0149891;2026-04-08 18:47:07;Other;Wrong delivery instructions;Chat;TRUE
CMP-0003164;SHP-2026-0123894;2026-01-13 04:01:33;Other;Other;Phone;TRUE
CMP-0003750;SHP-2026-0148530;2026-04-13 18:02:36;Late Delivery;Delivery date repeatedly changed;Chat;TRUE
CMP-0002974;SHP-2025-0116986;2026-01-04 18:20:57;Other;Tracking issue;Chat;TRUE
CMP-0002358;SHP-2025-0095226;2025-11-20 19:45:25;Other;Other;Email;TRUE
CMP-0003312;SHP-2026-0130597;2026-02-17 18:34:22;Failed Delivery;Repeated delivery attempt;Email;TRUE
CMP-0004148;SHP-2026-0165926;2026-06-01 15:06:10;Late Delivery;Long transit time;Web Form;TRUE
CMP-0000614;SHP-2025-0024270;2025-03-19 22:33:00;Incorrect Delivery;Wrong delivery instructions;Web Form;TRUE
CMP-0000630;SHP-2025-0025071;2025-05-05 18:41:40;Other;Other;Web Form;FALSE
CMP-0002942;SHP-2025-0115661;2025-12-29 07:53:39;Late Delivery;Delivered after promised date;Phone;TRUE
CMP-0002112;SHP-2025-0085033;2025-10-23 02:09:58;Late Delivery;Delivery date repeatedly changed;Web Form;TRUE
CMP-0001062;SHP-2025-0042670;2025-05-18 10:56:01;Failed Delivery;Courier did not reach customer;Web Form;TRUE
CMP-0000764;SHP-2025-0030007;2025-04-20 11:49:30;Late Delivery;Delivered after promised date;Email;TRUE
CMP-0004213;SHP-2026-0168724;2026-07-09 15:43:33;Failed Delivery;Repeated delivery attempt;Phone;FALSE
CMP-0006178;SHP-2026-0242765;2026-12-12 14:10:09;Late Delivery;Long transit time;Web Form;TRUE
CMP-0000927;SHP-2025-0036672;2025-05-08 03:05:26;Incorrect Delivery;Wrong delivery instructions;Phone;TRUE
CMP-0004938;SHP-2026-0197743;2026-08-26 09:11:48;Failed Delivery;Repeated delivery attempt;Email;TRUE
CMP-0000236;SHP-2025-0009690;2025-02-17 00:49:45;Late Delivery;Delivery date repeatedly changed;Email;TRUE
CMP-0005425;SHP-2026-0217087;2026-11-03 17:44:59;Late Delivery;Delivered after promised date;Email;TRUE
CMP-0002177;SHP-2025-0087211;2025-10-26 18:02:05;Incorrect Delivery;Other;Phone;TRUE
CMP-0003429;SHP-2026-0135430;2026-02-11 04:00:48;Late Delivery;Long transit time;Email;TRUE
CMP-0002629;SHP-2025-0105632;2025-11-11 21:14:30;Late Delivery;Long transit time;Web Form;TRUE
CMP-0005433;SHP-2026-0217355;2026-10-27 23:15:26;Late Delivery;Delivery date repeatedly changed;Chat;TRUE
CMP-0002761;SHP-2025-0110263;2025-12-23 14:42:53;Late Delivery;Delivered after promised date;Phone;TRUE
CMP-0000817;SHP-2025-0032387;2025-05-05 04:25:15;Late Delivery;Delivered after promised date;Phone;TRUE
CMP-0004258;SHP-2026-0170850;2026-06-25 16:09:05;Late Delivery;Long transit time;Phone;TRUE
CMP-0003528;SHP-2026-0139071;2026-03-22 22:13:02;Other;Tracking issue;Chat;TRUE
CMP-0004286;SHP-2026-0171898;2026-07-02 13:23:59;Late Delivery;Delivered after promised date;Phone;TRUE
CMP-0005335;SHP-2026-0213722;2026-10-18 15:48:24;Late Delivery;Delivery date repeatedly changed;Email;TRUE
CMP-0004708;SHP-2026-0188478;2026-09-06 17:56:13;Late Delivery;Long transit time;Phone;TRUE
CMP-0005137;SHP-2026-0205848;2026-09-23 13:08:57;Late Delivery;Long transit time;Phone;TRUE
CMP-0004265;SHP-2026-0171101;2026-06-10 02:00:12;Late Delivery;Delivery date repeatedly changed;Web Form;TRUE
CMP-0004345;SHP-2026-0174595;2026-06-12 06:21:43;Late Delivery;Long transit time;Web Form;TRUE
CMP-0000874;SHP-2025-0034641;2025-05-27 09:44:09;Failed Delivery;Repeated delivery attempt;Chat;TRUE
CMP-0004969;SHP-2026-0198945;2026-09-18 10:53:10;Other;Wrong delivery instructions;Phone;TRUE
CMP-0005671;SHP-2026-0226344;2026-11-22 19:04:32;Incorrect Delivery;Tracking issue;Email;TRUE
CMP-0005262;SHP-2026-0211053;2026-10-22 09:00:09;Other;Wrong delivery instructions;Web Form;TRUE
CMP-0005663;SHP-2026-0226108;2026-01-02 23:43:42;Incorrect Delivery;Tracking issue;Email;TRUE
CMP-0002155;SHP-2025-0086300;2025-10-10 13:04:24;Lost Shipment;;Email;TRUE
CMP-0004473;SHP-2026-0179456;2026-07-25 15:26:29;Lost Shipment;Shipment not delivered;Web Form;FALSE
CMP-0000708;SHP-2025-0028394;2025-05-06 10:31:49;Late Delivery;Delivered after promised date;Phone;TRUE
CMP-0004567;SHP-2026-0182670;2026-07-23 21:34:55;Late Delivery;Long transit time;Web Form;TRUE
CMP-0005773;SHP-2026-0230064;2026-11-10 13:20:17;Failed Delivery;Customer not available;Phone;TRUE
CMP-0003480;SHP-2026-0137249;2026-02-22 05:28:02;Late Delivery;Long transit time;Phone;TRUE
CMP-0006364;SHP-2026-0249040;2026-12-16 09:39:20;Failed Delivery;Courier did not reach customer;Phone;TRUE
CMP-0003955;SHP-2026-0157349;2026-05-02 05:15:11;Incorrect Delivery;Other;Email;TRUE
CMP-0003505;SHP-2026-0138346;2026-03-12 01:03:14;Late Delivery;Long transit time;Email;TRUE
CMP-0003635;SHP-2026-0144340;2026-03-30 15:19:24;Late Delivery;Long transit time;Phone;TRUE
CMP-0001262;SHP-2025-0050887;2025-07-05 00:56:02;Late Delivery;Long transit time;Web Form;TRUE
CMP-0003420;SHP-2026-0135190;2026-02-09 07:00:31;Other;Tracking issue;Web Form;TRUE
CMP-0000297;SHP-2025-0012151;2025-02-17 03:10:26;Other;Tracking issue;Chat;TRUE
CMP-0000650;SHP-2025-0025628;2025-04-29 03:35:23;Failed Delivery;Repeated delivery attempt;Web Form;TRUE
CMP-0003569;SHP-2026-0140932;2026-03-22 15:36:58;Failed Delivery;Courier did not reach customer;Web Form;TRUE
CMP-0002335;SHP-2025-0094437;2025-11-18 18:28:47;Late Delivery;Delivered after promised date;Phone;TRUE
CMP-0005166;SHP-2026-0207318;2026-09-19 16:17:41;Damaged Shipment;Contents damaged;Web Form;TRUE
CMP-0000142;SHP-2025-0005952;2025-01-16 11:59:26;Incorrect Delivery;Other;Email;TRUE
CMP-0006228;SHP-2026-0244459;2026-12-25 13:29:14;Late Delivery;Delivery date repeatedly changed;Email;TRUE
CMP-0001886;SHP-2025-0075382;2025-09-17 09:48:42;Other;Tracking issue;Phone;TRUE
CMP-0002878;SHP-2025-0113811;2025-12-28 07:27:11;Late Delivery;Long transit time;Chat;TRUE
CMP-0005456;SHP-2026-0218314;2026-10-14 08:00:44;Other;Other;Chat;TRUE
CMP-0002663;SHP-2025-0107273;2025-12-22 04:19:46;Failed Delivery;Delivery unsuccessful;Web Form;TRUE
CMP-0006040;SHP-2026-0239005;2026-12-27 02:02:54;Late Delivery;Long transit time;Phone;TRUE
CMP-0005549;SHP-2026-0221889;2026-01-02 23:06:09;Incorrect Delivery;Wrong delivery instructions;Web Form;TRUE
CMP-0002801;SHP-2025-0111448;2026-01-05 16:23:41;Late Delivery;Delivered after promised date;Email;TRUE
CMP-0004136;SHP-2026-0165605;2026-06-02 13:42:28;Failed Delivery;Repeated delivery attempt;Email;TRUE
CMP-0002572;SHP-2025-0103519;2025-11-29 23:42:19;Failed Delivery;Returned to sender;Web Form;TRUE
CMP-0004478;SHP-2026-0179560;2026-07-22 18:15:47;Late Delivery;Delivered after promised date;Web Form;TRUE
CMP-0003016;SHP-2025-0118439;2025-12-13 16:09:49;Failed Delivery;Customer not available;Email;TRUE
CMP-0006344;SHP-2026-0248314;2027-01-02 22:32:52;Incorrect Delivery;Tracking issue;Web Form;TRUE
CMP-0001259;SHP-2025-0050809;2025-06-21 00:39:37;Late Delivery;Delivery date repeatedly changed;Chat;TRUE
CMP-0005996;SHP-2026-0237626;2026-12-19 12:39:58;Late Delivery;Long transit time;Phone;TRUE
CMP-0006232;SHP-2026-0244600;2026-12-28 09:22:48;Late Delivery;Long transit time;Email;TRUE
CMP-0002692;SHP-2025-0108174;2025-12-24 17:37:49;Other;Other;Phone;TRUE
CMP-0006373;SHP-2026-0249328;2026-12-25 16:09:42;Late Delivery;Delivery date repeatedly changed;Phone;TRUE
CMP-0000135;SHP-2025-0005645;2025-01-31 17:45:00;Other;Wrong delivery instructions;Phone;FALSE
CMP-0000541;SHP-2025-0021325;2025-03-27 03:08:38;Other;Tracking issue;Chat;TRUE
CMP-0001044;SHP-2025-0042191;2025-05-20 02:11:24;Failed Delivery;Courier did not reach customer;Email;TRUE
CMP-0001414;SHP-2025-0057233;2025-08-01 11:20:38;Other;Wrong delivery instructions;Email;TRUE
CMP-0005898;SHP-2026-0234517;2026-12-09 07:57:52;Late Delivery;Delivered after promised date;Web Form;TRUE
CMP-0000286;SHP-2025-0011767;2025-02-05 04:58:26;Damaged Shipment;Packaging failure;Web Form;TRUE
CMP-0004848;SHP-2026-0194487;2026-08-16 03:40:45;Other;Wrong delivery instructions;Web Form;TRUE
CMP-0003097;SHP-2025-0121066;2025-12-09 13:20:53;Late Delivery;Long transit time;Chat;TRUE
CMP-0004915;SHP-2026-0196735;2026-08-24 17:33:19;Failed Delivery;Customer not available;Web Form;TRUE
CMP-0003761;SHP-2026-0148782;2026-05-01 22:57:52;Lost Shipment;Declared lost;Email;TRUE
CMP-0000384;SHP-2025-0015629;2025-02-24 05:37:01;Incorrect Delivery;Tracking issue;Chat;TRUE
CMP-0004023;SHP-2026-0160656;2026-05-28 19:29:04;Late Delivery;Delivery date repeatedly changed;Chat;TRUE
CMP-0000017;SHP-2025-0000810;2025-02-05 22:46:51;Incorrect Delivery;Other;Web Form;TRUE
CMP-0000509;SHP-2025-0019904;2025-03-12 12:59:42;Late Delivery;Delivered after promised date;Chat;TRUE
CMP-0000558;SHP-2025-0021964;2025-03-12 05:16:18;Other;Wrong delivery instructions;Chat;TRUE
CMP-0000534;SHP-2025-0021029;2025-03-17 11:10:06;Late Delivery;Delivered after promised date;Phone;TRUE
CMP-0001308;SHP-2025-0052582;2025-06-28 15:27:41;Late Delivery;Delivery date repeatedly changed;Web Form;TRUE
CMP-0003410;SHP-2026-0134717;2026-03-03 23:10:47;Failed Delivery;Courier did not reach customer;Web Form;TRUE
CMP-0000774;SHP-2025-0030661;2025-05-01 15:56:50;Failed Delivery;Repeated delivery attempt;Phone;FALSE
CMP-0006075; SHP-2026-0240081 ;2026-12-25 02:05:36;Late Delivery;Long transit time;Web Form;TRUE
CMP-0006201;SHP-2026-0243573;2026-12-06 09:58:39;Late Delivery;Long transit time;Phone;TRUE
CMP-0000226;SHP-2025-0009307;2025-02-11 06:26:14;Incorrect Delivery;Tracking issue;Email;TRUE
CMP-0000767;SHP-2025-0030334;2025-05-01 15:52:51;Incorrect Delivery;Tracking issue;Web Form;TRUE
CMP-0005105;SHP-2026-0204382;2026-09-12 14:48:48;Late Delivery;Delivery date repeatedly changed;Email;FALSE
CMP-0005113;SHP-2026-0204669;2026-09-14 20:50:13;Late Delivery;Long transit time;Phone;TRUE
CMP-0003820;SHP-2026-0151271;2026-04-26 21:41:16;Incorrect Delivery;Other;Email;TRUE
CMP-0000573;SHP-2025-0022642;2025-03-07 18:14:04;Other;Other;Chat;TRUE
CMP-0003821;SHP-2026-0151293;2026-04-24 14:51:16;Other;Other;Email;TRUE
CMP-0006125;SHP-2026-0241227;2026-12-21 15:49:15;Failed Delivery;Courier did not reach customer;Email;TRUE
CMP-0001120;SHP-2025-0045531;2025-06-22 20:52:17;Late Delivery;;Chat;TRUE
CMP-0002368;SHP-2025-0095703;2025-11-09 06:20:41;Failed Delivery;Customer not available;Chat;TRUE
CMP-0000171;SHP-2025-0006890;2025-01-09 12:40:34;Late Delivery;Long transit time;Email;TRUE
CMP-0005725;SHP-2026-0228444;2026-11-20 20:26:46;Late Delivery;Delivered after promised date;Email;TRUE
CMP-0003450;SHP-2026-0136236;2026-02-26 15:28:04;Late Delivery;Delivered after promised date;Web Form;TRUE
CMP-0002143;SHP-2025-0085882;2025-10-30 13:27:22;Other;Wrong delivery instructions;Email;TRUE
CMP-0003929;SHP-2026-0155718;2026-04-24 03:21:15;Failed Delivery;Repeated delivery attempt;Web Form;TRUE
CMP-0003614;SHP-2026-0143459;2026-03-27 18:11:31;Failed Delivery;Returned to sender;Phone;TRUE
CMP-0001891;SHP-2025-0075572;2025-09-05 18:02:06;Damaged Shipment;Contents damaged;Email;TRUE
CMP-0005400;SHP-2026-0215831;2026-10-23 06:22:35;Late Delivery;Delivery date repeatedly changed;Web Form;TRUE
CMP-0000618;SHP-2025-0024388;2025-03-21 05:48:04;Incorrect Delivery;Wrong delivery instructions;Phone;TRUE
CMP-0004128;SHP-2026-0165042;2026-05-10 20:58:09;Failed Delivery;Courier did not reach customer;Web Form;TRUE
CMP-0001761;SHP-2025-0070364;2025-08-19 17:13:44;Late Delivery;Delivery date repeatedly changed;Email;TRUE
CMP-0002611;SHP-2025-0104755;2025-11-09 18:06:19;Other;Wrong delivery instructions;Web Form;TRUE
CMP-0006215;SHP-2026-0244052;2026-12-30 13:21:06;Failed Delivery;Courier did not reach customer;Web Form;TRUE
CMP-0002104;SHP-2025-0084584;2025-10-15 16:43:37;Late Delivery;Long transit time;Phone;TRUE
CMP-0003074;SHP-2025-0120349;2025-12-28 04:11:28;Failed Delivery;Repeated delivery attempt;Email;TRUE
CMP-0005174;SHP-2026-0207622;2026-09-22 08:28:08;Late Delivery;Long transit time;Phone;TRUE
CMP-0000812;SHP-2025-0032189;2025-04-22 11:40:02;Failed Delivery;Repeated delivery attempt;Chat;TRUE
CMP-0004306;SHP-2026-0173057;2026-06-17 00:35:00;Other;Tracking issue;Phone;TRUE
CMP-0000104;SHP-2025-0004222;2025-01-17 22:30:19;Failed Delivery;Courier did not reach customer;Phone;TRUE
CMP-0002317;SHP-2025-0093739;2025-11-29 06:57:42;Failed Delivery;Returned to sender;Email;TRUE
CMP-0001211;SHP-2025-0048869;2025-06-25 22:27:49;Late Delivery;Delivery date repeatedly changed;Phone;TRUE
CMP-0001257;SHP-2025-0050798;2025-06-14 12:34:17;Failed Delivery;Customer not available;Phone;TRUE
CMP-0004574;SHP-2026-0182976;2026-07-30 00:34:20;Failed Delivery;Customer not available;Phone;TRUE
CMP-0001697;SHP-2025-0068099;2025-09-05 05:22:21;Late Delivery;Delivery date repeatedly changed;Email;FALSE
CMP-0004388;SHP-2026-0176113;2026-07-05 04:55:59;Late Delivery;Long transit time;Email;TRUE
CMP-0003385;SHP-2026-0133488;2026-03-02 19:24:49;Failed Delivery;Customer not available;Email;TRUE
CMP-0002205;SHP-2025-0088849;2025-10-11 17:28:01;Other;Other;Phone;TRUE
CMP-0000454;SHP-2025-0018017;2025-04-06 15:53:10;Late Delivery;Delivered after promised date;Email;TRUE
CMP-0005307;SHP-2026-0213007;2026-10-24 06:50:52;Late Delivery;Delivery date repeatedly changed;Web Form;FALSE
CMP-0000917;SHP-2025-0036343;2025-05-08 08:41:00;Late Delivery;Long transit time;Email;TRUE
CMP-0005126;SHP-2026-0205227;2026-09-11 08:47:12;Late Delivery;Long transit time;Email;TRUE
CMP-0002037;SHP-2025-0082003;2025-09-26 00:01:13;Other;Other;Email;TRUE
CMP-0002886;SHP-2025-0113987;2025-12-20 11:15:20;Other;Other;Email;TRUE
CMP-0003254;SHP-2026-0128009;2026-01-20 17:46:56;Incorrect Delivery;Tracking issue;Email;TRUE
CMP-0004310;SHP-2026-0173298;2026-06-25 21:57:56;Late Delivery;Long transit time;Web Form;TRUE
CMP-0000323;SHP-2025-0013181;2025-02-08 06:25:23;Late Delivery;Delivery date repeatedly changed;Phone;TRUE
CMP-0005204;SHP-2026-0208589;2026-09-20 10:37:09;Late Delivery;Long transit time;Email;TRUE
CMP-0004404;SHP-2026-0176781;2026-06-27 06:37:58;Incorrect Delivery;Wrong delivery instructions;Email;TRUE
CMP-0003621;SHP-2026-0143841;2026-04-03 08:48:44;Late Delivery;Delivery date repeatedly changed;Phone;TRUE
CMP-0001795;SHP-2025-0071687;2025-09-06 13:39:03;Late Delivery;Delivery date repeatedly changed;Web Form;TRUE
CMP-0001546;SHP-2025-0062157;2025-07-27 09:13:48;Other;Wrong delivery instructions;Phone;TRUE
CMP-0004763;SHP-2026-0191112;2026-08-28 22:49:47;Late Delivery;Delivered after promised date;Web Form;TRUE
CMP-0000718;SHP-2025-0028757;2025-04-07 10:29:28;Failed Delivery;Customer not available;Email;TRUE
CMP-0005117;SHP-2026-0204859;2026-09-28 11:56:14;Late Delivery;Delivery date repeatedly changed;Email;TRUE
CMP-0003302;SHP-2026-0130245;2026-02-27 00:38:02;Incorrect Delivery;Tracking issue;Phone;TRUE
CMP-0001459;SHP-2025-0058847;2025-08-06 06:24:47;Late Delivery;Delivery date repeatedly changed;Phone;TRUE
CMP-0006113;SHP-2026-0240891;2026-12-08 05:26:30;Other;Other;Phone;TRUE
CMP-0006338;SHP-2026-0248001;2026-12-15 12:40:21;Failed Delivery;Customer not available;Phone;TRUE
CMP-0001919;SHP-2025-0076622;2025-09-30 03:44:14;Failed Delivery;Courier did not reach customer;Phone;TRUE
CMP-0001951;SHP-2025-0078359;2025-10-01 18:59:51;Incorrect Delivery;Wrong delivery instructions;Web Form;TRUE
CMP-0003787;SHP-2026-0149629;2026-04-10 01:59:04;Incorrect Delivery;Other;Email;TRUE
CMP-0001589;SHP-2025-0064263;2025-08-14 00:45:48;Failed Delivery;Repeated delivery attempt;Chat;TRUE
CMP-0003459;SHP-2026-0136574;2026-02-20 21:42:18;Late Delivery;Delivery date repeatedly changed;Email;TRUE
CMP-0001131;SHP-2025-0045965;2025-06-05 22:21:40;Late Delivery;Delivery date repeatedly changed;Web Form;TRUE
CMP-0001952;SHP-2025-0078440;2025-10-03 13:15:40;Incorrect Delivery;Other;Web Form;TRUE
CMP-0000449;SHP-2025-0017909;2025-03-11 08:55:27;Late Delivery;Delivered after promised date;Email;TRUE
CMP-0005045;SHP-2026-0201734;2026-09-17 22:47:02;Other;Tracking issue;Phone;FALSE
CMP-0005257;SHP-2026-0210716;2026-10-18 05:52:57;Failed Delivery;Courier did not reach customer;Phone;TRUE
CMP-0004851;SHP-2026-0194539;2026-08-11 04:11:25;Late Delivery;Delivery date repeatedly changed;Phone;TRUE
CMP-0001173;SHP-2025-0047293;2025-06-13 19:24:21;Late Delivery;Long transit time;Phone;TRUE
CMP-0004391;SHP-2026-0176217;2026-06-21 14:22:42;Other;Other;Email;TRUE
CMP-0003875;SHP-2026-0153512;2026-04-07 04:39:56;Late Delivery;Long transit time;Chat;TRUE
CMP-0003606;SHP-2026-0143168;2026-03-19 04:35:19;Other;Other;Email;TRUE
CMP-0005180;SHP-2026-0207964;2026-09-13 09:35:57;Failed Delivery;Courier did not reach customer;Email;TRUE
CMP-0004807;SHP-2026-0192339;2026-08-29 10:42:10;Late Delivery;Delivered after promised date;Web Form;TRUE
CMP-0001908;SHP-2025-0076317;2025-09-24 23:13:10;Incorrect Delivery;Other;Chat;FALSE
CMP-0002109;SHP-2025-0084840;2025-10-11 11:16:27;Other;Wrong delivery instructions;Chat;TRUE
CMP-0001421;SHP-2025-0057453;2025-07-23 10:47:32;Failed Delivery;Returned to sender;Phone;TRUE
CMP-0003922;SHP-2026-0155547;2026-04-23 19:30:07;Late Delivery;Long transit time;Email;TRUE
CMP-0004053;SHP-2026-0161972;2026-05-20 04:31:44;Incorrect Delivery;Wrong delivery instructions;Phone;TRUE
CMP-0000824;SHP-2025-0032758;2025-04-14 20:21:51;Incorrect Delivery;Wrong delivery instructions;Email;TRUE
CMP-0001181;SHP-2025-0047538;2025-06-05 17:55:21;Failed Delivery;Courier did not reach customer;Email;TRUE
CMP-0005222;SHP-2026-0209206;2026-10-19 06:29:15;Failed Delivery;Repeated delivery attempt;Phone;FALSE
CMP-0006329;SHP-2026-0247802;2026-12-30 04:38:10;Late Delivery;Delivery date repeatedly changed;Email;TRUE
CMP-0000139;SHP-2025-0005752;2025-01-13 03:25:58;Late Delivery;Delivery date repeatedly changed;Web Form;FALSE
CMP-0005530;SHP-2026-0221149;2026-11-25 18:58:44;Late Delivery;Delivered after promised date;Web Form;TRUE
CMP-0001045; SHP-2025-0042215 ;2025-05-13 03:41:54;Failed Delivery;Repeated delivery attempt;Email;TRUE
CMP-0004387;SHP-2026-0176089;2026-06-10 19:31:16;Failed Delivery;Repeated delivery attempt;Web Form;TRUE
CMP-0005508;SHP-2026-0220370;2026-10-13 04:34:10;Failed Delivery;Courier did not reach customer;Email;TRUE
CMP-0002597;SHP-2025-0104033;2025-11-17 16:15:45;Late Delivery;Delivery date repeatedly changed;Chat;TRUE
CMP-0002348;SHP-2025-0094875;2025-11-08 14:06:14;Late Delivery;Delivered after promised date;Web Form;TRUE
CMP-0003667;SHP-2026-0145238;2026-03-06 21:23:05;Other;Tracking issue;Chat;TRUE
CMP-0003798;SHP-2026-0150329;2026-04-12 10:34:28;Other;Tracking issue;Web Form;TRUE
CMP-0004652;SHP-2026-0186029;2026-07-10 12:45:08;Late Delivery;Long transit time;Phone;TRUE
CMP-0005897;SHP-2026-0234386;2027-01-01 00:14:49;Failed Delivery;Customer not available;Email;TRUE
CMP-0003180;SHP-2026-0124626;2026-01-21 02:41:13;Incorrect Delivery;Tracking issue;Chat;TRUE
CMP-0000213;SHP-2025-0008643;2025-03-03 14:23:23;Late Delivery;Delivered after promised date;Email;TRUE
CMP-0005624;SHP-2026-0224710;2026-11-21 17:29:26;Incorrect Delivery;Wrong delivery instructions;Web Form;TRUE
CMP-0005742;SHP-2026-0229067;2026-11-12 15:20:58;Late Delivery;Long transit time;Phone;TRUE
CMP-0000743;SHP-2025-0029431;2025-04-19 18:42:07;Failed Delivery;Returned to sender;Phone;TRUE
CMP-0004724;SHP-2026-0189486;2026-08-27 22:38:40;Other;Tracking issue;Web Form;TRUE
CMP-0004859;SHP-2026-0194790;2026-08-09 19:08:55;Other;Other;Phone;TRUE
CMP-0003705;SHP-2026-0146945;2026-03-28 22:21:37;Late Delivery;Delivery date repeatedly changed;Web Form;TRUE
CMP-0000729;SHP-2025-0029150;2025-04-25 06:52:59;Failed Delivery;Repeated delivery attempt;Chat;TRUE
CMP-0004411;SHP-2026-0176987;2026-06-20 08:42:20;Failed Delivery;Returned to sender;Email;TRUE
CMP-0000129;SHP-2025-0005162;2025-01-08 20:12:05;Failed Delivery;Courier did not reach customer;Web Form;TRUE
CMP-0003594;SHP-2026-0142438;2026-03-07 01:53:50;Failed Delivery;Customer not available;Phone;TRUE
CMP-0000832;SHP-2025-0032989;2025-04-15 00:50:20;Late Delivery;Delivery date repeatedly changed;Phone;TRUE
CMP-0006160;SHP-2026-0242323;2026-12-22 06:13:31;Late Delivery;Long transit time;Phone;TRUE
CMP-0005674;SHP-2026-0226409;2026-12-04 15:52:04;Failed Delivery;Customer not available;Email;TRUE
CMP-0001742;SHP-2025-0069798;2025-08-16 02:04:15;Failed Delivery;Repeated delivery attempt;Email;TRUE
CMP-0000221;SHP-2025-0008944;2025-02-28 16:25:54;Other;Wrong delivery instructions;Web Form;TRUE
CMP-0001808;SHP-2025-0072110;2025-08-09 11:51:45;Other;Wrong delivery instructions;Phone;TRUE
CMP-0005441;SHP-2026-0217680;2026-10-30 14:25:57;Failed Delivery;Customer not available;Email;TRUE
CMP-0004896;SHP-2026-0196206;2026-08-20 20:02:26;Late Delivery;Delivered after promised date;Email;TRUE
CMP-0006005;SHP-2026-0238177;2026-12-23 10:25:54;Late Delivery;Delivered after promised date;Web Form;TRUE
CMP-0000299;SHP-2025-0012195;2025-03-01 22:29:50;Other;Tracking issue;Phone;TRUE
CMP-0004627;SHP-2026-0185374;2026-07-15 06:43:49;Late Delivery;Delivery date repeatedly changed;Phone;TRUE
CMP-0003565;SHP-2026-0140570;2026-04-05 20:15:05;Late Delivery;Delivery date repeatedly changed;Web Form;TRUE
CMP-0004499;SHP-2026-0180058;2026-08-09 00:03:35;Failed Delivery;Customer not available;Email;TRUE
CMP-0003673;SHP-2026-0145504;2026-03-10 06:34:02;Late Delivery;Delivery date repeatedly changed;Phone;TRUE
CMP-0002846;SHP-2025-0112719;2025-12-17 01:22:01;Failed Delivery;Customer not available;Web Form;TRUE
CMP-0001821;SHP-2025-0072505;2025-09-17 01:55:40;Late Delivery;Delivery date repeatedly changed;Email;TRUE
CMP-0004092;SHP-2026-0163359;2026-05-29 11:14:15;Incorrect Delivery;Tracking issue;Phone;TRUE
CMP-0004256;SHP-2026-0170804;2026-06-09 23:35:57;Late Delivery;Delivery date repeatedly changed;Phone;TRUE
CMP-0001911;SHP-2025-0076414;2025-09-09 05:24:04;Failed Delivery;Courier did not reach customer;Email;TRUE
CMP-0000880;SHP-2025-0034960;2025-06-04 12:11:09;Failed Delivery;Customer not available;Chat;TRUE
CMP-0003112;SHP-2025-0121352;2026-01-02 11:19:31;Late Delivery;Long transit time;Web Form;TRUE
CMP-0001922;SHP-2025-0076669;2025-09-12 14:31:36;Failed Delivery;Customer not available;Email;TRUE
CMP-0004065;SHP-2026-0162352;2026-05-20 10:03:03;Late Delivery;Long transit time;Phone;TRUE
CMP-0004203;SHP-2026-0168269;2026-06-26 06:04:43;Incorrect Delivery;Wrong delivery instructions;Chat;TRUE
CMP-0004074;SHP-2026-0162672;2026-05-17 07:11:03;Other;Tracking issue;Phone;TRUE
CMP-0000689;SHP-2025-0027650;2025-04-25 16:41:01;Other;Wrong delivery instructions;Email;TRUE
CMP-0002236;SHP-2025-0089977;2025-10-15 17:57:13;Failed Delivery;Courier did not reach customer;Web Form;TRUE
CMP-0001183;SHP-2025-0047553;2025-06-26 16:48:14;Other;Tracking issue;Chat;TRUE
CMP-0003918;SHP-2026-0155312;2026-04-08 22:13:48;Damaged Shipment;Package damaged;Phone;TRUE
CMP-0003743;SHP-2026-0148198;2026-04-12 14:00:55;Incorrect Delivery;Other;Phone;TRUE
CMP-0005418;SHP-2026-0216686;2026-11-02 20:44:46;Late Delivery;Long transit time;Web Form;TRUE
CMP-0001149;SHP-2025-0046532;2025-06-16 06:12:30;Failed Delivery;Customer not available;Chat;TRUE
CMP-0001127;SHP-2025-0045827;2025-06-06 16:16:04;Failed Delivery;Delivery unsuccessful;Chat;TRUE
CMP-0005630;SHP-2026-0224901;2026-11-11 00:28:51;Late Delivery;Long transit time;Phone;TRUE
CMP-0003906;SHP-2026-0154885;2026-04-11 13:29:40;Failed Delivery;Returned to sender;Web Form;TRUE
CMP-0006339;SHP-2026-0248018;2026-12-14 17:55:57;Late Delivery;Delivery date repeatedly changed;Phone;FALSE
CMP-0001184;SHP-2025-0047553;2025-06-28 11:12:24;Incorrect Delivery;Tracking issue;Web Form;TRUE
CMP-0004803;SHP-2026-0192085;2026-09-06 09:57:35;Lost Shipment;Declared lost;Web Form;TRUE
CMP-0001854;SHP-2025-0073782;2025-09-08 02:15:14;Late Delivery;Long transit time;Chat;TRUE
CMP-0002253;SHP-2025-0090709;2025-11-03 21:47:25;Other;Other;Phone;TRUE
CMP-0001164;SHP-2025-0046957;2025-06-14 20:47:43;Damaged Shipment;Contents damaged;Phone;TRUE
CMP-0002884;SHP-2025-0113948;2025-12-30 09:48:56;Late Delivery;Delivered after promised date;Email;TRUE
CMP-0002411;SHP-2025-0097949;2025-11-24 18:56:20;Late Delivery;Long transit time;Web Form;TRUE
CMP-0005476;SHP-2026-0219437;2026-10-19 08:41:22;Other;Tracking issue;Phone;TRUE
CMP-0004039;SHP-2026-0161331;2026-05-19 10:54:22;Late Delivery;Long transit time;Web Form;TRUE
CMP-0003969;SHP-2026-0158136;2026-05-28 13:21:54;Damaged Shipment;Contents damaged;Phone;FALSE
CMP-0000597;SHP-2025-0023684;2025-03-30 02:28:44;Late Delivery;Long transit time;Phone;FALSE
CMP-0000739;SHP-2025-0029384;2025-04-29 19:05:41;Late Delivery;Delivered after promised date;Email;TRUE
CMP-0004792;SHP-2026-0191823;2026-08-15 08:14:48;Incorrect Delivery;Wrong delivery instructions;Web Form;TRUE
CMP-0003800;SHP-2026-0150347;2026-05-08 10:55:58;Late Delivery;Delivered after promised date;Email;TRUE
CMP-0000918;SHP-2025-0036343;2025-05-10 13:27:09;Late Delivery;Delivery date repeatedly changed;Email;TRUE
CMP-0000504;SHP-2025-0019848;2025-03-05 17:31:47;Damaged Shipment;Packaging failure;Email;TRUE
CMP-0004715;SHP-2026-0189109;2026-08-08 22:40:57;Late Delivery;Long transit time;Web Form;TRUE
CMP-0005620;SHP-2026-0224501;2026-11-27 01:16:33;Failed Delivery;Repeated delivery attempt;Chat;TRUE
CMP-0003885;SHP-2026-0154049;2026-04-29 05:07:36;Late Delivery;Delivery date repeatedly changed;Phone;FALSE
CMP-0003492;SHP-2026-0137500;2026-02-24 15:30:53;Late Delivery;Delivery date repeatedly changed;Web Form;TRUE
CMP-0003359;SHP-2026-0132767;2026-03-09 17:27:35;Late Delivery;Delivered after promised date;Email;TRUE
CMP-0005828;SHP-2026-0231906;2026-12-02 07:55:36;Late Delivery;Delivered after promised date;Web Form;TRUE
CMP-0000470;SHP-2025-0018496;2025-03-09 13:52:28;Failed Delivery;Customer not available;Email;TRUE
CMP-0005133;SHP-2026-0205554;2026-10-03 05:41:59;Late Delivery;Delivered after promised date;Email;TRUE
CMP-0001216;SHP-2025-0048982;2025-06-09 18:08:26;Late Delivery;Long transit time;Web Form;TRUE
CMP-0002451;SHP-2025-0099175;2025-11-11 06:41:16;Incorrect Delivery;Other;Email;TRUE
CMP-0000585;SHP-2025-0023119;2025-03-25 15:47:05;Lost Shipment;No tracking progress;Email;TRUE
CMP-0001579;SHP-2025-0063908;2025-08-11 04:45:41;Failed Delivery;Courier did not reach customer;Web Form;TRUE
CMP-0004012;SHP-2026-0160327;2026-06-03 04:02:59;Lost Shipment;No tracking progress;Phone;TRUE
CMP-0005840;SHP-2026-0232357;2026-11-16 21:31:13;Failed Delivery;Repeated delivery attempt;Email;TRUE
CMP-0003271;SHP-2026-0129122;2026-01-29 19:35:32;Late Delivery;Long transit time;Phone;TRUE
CMP-0000661;SHP-2025-0026043;2025-04-13 02:02:30;Incorrect Delivery;Other;Chat;TRUE
CMP-0000980;SHP-2025-0039350;2025-06-06 15:26:15;Damaged Shipment;Package damaged;Phone;TRUE
CMP-0001342;SHP-2025-0054318;2025-07-21 01:35:26;Late Delivery;Delivered after promised date;Web Form;TRUE
CMP-0004506;SHP-2026-0180321;2026-07-18 06:42:40;Other;Wrong delivery instructions;Email;TRUE
CMP-0006043;SHP-2026-0239215;2026-12-15 02:38:59;Late Delivery;Delivery date repeatedly changed;Phone;FALSE
CMP-0005167;SHP-2026-0207318;2026-09-19 02:09:51;Damaged Shipment;Packaging failure;Chat;TRUE
CMP-0003688;SHP-2026-0146101;2026-03-13 09:44:20;Failed Delivery;Customer not available;Phone;TRUE
CMP-0001412;SHP-2025-0057182;2025-07-18 06:35:18;Lost Shipment;Shipment not delivered;Email;TRUE
CMP-0004864;SHP-2026-0195065;2026-09-03 08:32:18;Failed Delivery;Repeated delivery attempt;Email;TRUE
CMP-0001258;SHP-2025-0050804;2025-06-29 07:49:23;Incorrect Delivery;Other;Phone;TRUE
CMP-0003261;SHP-2026-0128701;2026-01-17 19:17:56;Late Delivery;Long transit time;Phone;TRUE
CMP-0001841;SHP-2025-0073231;2025-09-12 13:16:56;Failed Delivery;Courier did not reach customer;Email;TRUE
CMP-0000725;SHP-2025-0029023;2025-05-05 15:58:28;Failed Delivery;Returned to sender;Email;TRUE
CMP-0000423;SHP-2025-0017081;2025-03-27 17:39:06;Late Delivery;Delivered after promised date;Web Form;TRUE
CMP-0003539;SHP-2026-0139499;2026-03-19 12:19:02;Other;Other;Email;TRUE
CMP-0005616;SHP-2026-0224352;2026-11-30 05:57:49;Other;Other;Web Form;TRUE
CMP-0006077;SHP-2026-0240206;2026-12-13 12:24:40;Late Delivery;Delivery date repeatedly changed;Phone;TRUE
CMP-0000205;SHP-2025-0008433;2025-02-14 08:44:29;Late Delivery;Delivery date repeatedly changed;Phone;FALSE
CMP-0004972;SHP-2026-0199133;2026-09-28 01:59:01;Incorrect Delivery;Tracking issue;Web Form;TRUE
CMP-0006108;SHP-2026-0240746;2027-01-05 08:00:09;Late Delivery;Delivered after promised date;Phone;TRUE
CMP-0001075;SHP-2025-0043473;2025-05-30 18:09:06;Failed Delivery;Repeated delivery attempt;Chat;FALSE
CMP-0002086;SHP-2025-0083951;2025-10-22 17:29:39;Incorrect Delivery;Other;Email;TRUE
CMP-0003019;SHP-2025-0118575;2025-12-27 02:13:33;Other;Wrong delivery instructions;Email;TRUE
CMP-0005552;SHP-2026-0221907;2026-11-26 05:27:39;Late Delivery;Long transit time;Phone;TRUE
CMP-0005644;SHP-2026-0225311;2026-11-07 15:59:00;Late Delivery;Delivery date repeatedly changed;Email;TRUE
CMP-0004521;SHP-2026-0180758;2026-07-07 18:21:55;Late Delivery;Delivery date repeatedly changed;Email;TRUE
CMP-0001148;SHP-2025-0046516;2025-06-29 13:53:16;Failed Delivery;Courier did not reach customer;Web Form;TRUE
CMP-0006386;SHP-2026-0249750;2026-12-27 19:50:06;Failed Delivery;Returned to sender;Email;TRUE
CMP-0005676;SHP-2026-0226482;2026-12-08 18:48:46;Late Delivery;Long transit time;Phone;TRUE
CMP-0002885;SHP-2025-0113952;2026-01-07 21:47:29;Failed Delivery;Courier did not reach customer;Web Form;TRUE
CMP-0002162;SHP-2025-0086562;2025-11-04 20:38:16;Failed Delivery;Repeated delivery attempt;Chat;TRUE
CMP-0001718;SHP-2025-0069065;2025-08-14 18:58:00;Other;Wrong delivery instructions;Email;TRUE
CMP-0005379;SHP-2026-0215278;2026-10-29 18:56:58;Late Delivery;Long transit time;Email;TRUE
CMP-0003881;SHP-2026-0153839;2026-04-18 15:52:06;Late Delivery;Delivery date repeatedly changed;Chat;TRUE
CMP-0002149;SHP-2025-0086106;2025-10-26 22:15:43;Late Delivery;Long transit time;Phone;TRUE
CMP-0000482;SHP-2025-0018832;2025-03-05 10:56:05;Other;Tracking issue;Chat;TRUE
CMP-0001169;SHP-2025-0047273;2025-06-11 07:16:44;Other;Tracking issue;Email;TRUE
CMP-0005806;SHP-2026-0231051;2026-12-06 11:26:07;Other;Other;Email;TRUE
CMP-0002726;SHP-2025-0109103;2025-12-10 06:42:10;Other;Wrong delivery instructions;Phone;TRUE
CMP-0001322;SHP-2025-0053499;2025-06-22 07:54:59;Incorrect Delivery;Tracking issue;Email;FALSE
CMP-0004102;SHP-2026-0163728;2026-05-13 15:24:22;Failed Delivery;Repeated delivery attempt;Phone;FALSE
CMP-0005712;SHP-2026-0228177;2026-11-08 05:13:20;Failed Delivery;Courier did not reach customer;Email;TRUE
CMP-0004430;SHP-2026-0177829;2026-06-13 06:58:23;Failed Delivery;Customer not available;Email;TRUE
CMP-0001585;SHP-2025-0064123;2025-08-28 19:55:10;Incorrect Delivery;Tracking issue;Phone;TRUE
CMP-0003928;SHP-2026-0155718;2026-04-24 21:07:00;Late Delivery;Delivery date repeatedly changed;Web Form;TRUE
CMP-0000143;SHP-2025-0005959;2025-02-05 07:19:07;Late Delivery;Long transit time;Email;TRUE
CMP-0005344;SHP-2026-0213998;2026-11-04 18:48:49;Damaged Shipment;Package damaged;Phone;TRUE
CMP-0003126;SHP-2026-0122453;2026-01-20 21:05:15;Other;Tracking issue; Phone ;TRUE
CMP-0001904;SHP-2025-0076224;2025-09-07 13:22:44;Incorrect Delivery;Tracking issue;Phone;TRUE
CMP-0005642;SHP-2026-0225293;2026-11-15 13:21:36;Incorrect Delivery;Tracking issue;Email;TRUE
CMP-0004812;SHP-2026-0192738;2026-08-09 18:01:00;Late Delivery;Delivered after promised date;Web Form;TRUE
CMP-0002841;SHP-2025-0112520;2025-12-13 02:05:34;Late Delivery;Delivered after promised date;Chat;TRUE
CMP-0005145;SHP-2026-0206688;2026-09-30 17:24:29;Late Delivery;Long transit time;Phone;TRUE
CMP-0005701;SHP-2026-0227648;2026-11-13 23:45:52;Late Delivery;Delivered after promised date;Phone;TRUE
CMP-0000841;SHP-2025-0033192;2025-04-09 18:44:33;Late Delivery;Delivered after promised date;Phone;TRUE
CMP-0005875;SHP-2026-0233513;2026-11-14 06:05:59;Failed Delivery;Repeated delivery attempt;Chat;TRUE
CMP-0000302;SHP-2025-0012336;2025-02-24 02:42:44;Incorrect Delivery;Tracking issue;Phone;TRUE
CMP-0005271;SHP-2026-0211392;2026-10-09 15:17:37;Other;Wrong delivery instructions;Email;TRUE
CMP-0000124;SHP-2025-0004987;2025-01-28 23:02:59;Late Delivery;Long transit time;Phone;TRUE
CMP-0005928;SHP-2026-0235420;2026-12-16 07:27:08;Late Delivery;Delivery date repeatedly changed;Email;TRUE
CMP-0004613;SHP-2026-0184628;2026-07-22 08:12:13;Late Delivery;Delivered after promised date;Web Form;TRUE
CMP-0001545;SHP-2025-0062131;2025-07-10 00:05:33;Failed Delivery;Courier did not reach customer;Email;TRUE
CMP-0003342;SHP-2026-0131988;2026-02-23 22:05:28;Other;Wrong delivery instructions;Email;TRUE
CMP-0001991;SHP-2025-0080599;2025-09-29 03:14:58;Late Delivery;Long transit time;Email;TRUE
CMP-0000659;SHP-2025-0025977;2025-04-07 17:33:56;Other;Other;Chat;TRUE
CMP-0003193;SHP-2026-0125344;2026-01-26 13:38:15;Late Delivery;Delivered after promised date;Web Form;TRUE
CMP-0005974;SHP-2026-0236960;2026-12-17 05:59:51;Late Delivery;Delivery date repeatedly changed;Web Form;TRUE
CMP-0006209;SHP-2026-0243861;2026-01-02 04:00:00;Incorrect Delivery;Wrong delivery instructions;Email;TRUE
CMP-0004238;SHP-2026-0169751;2026-06-23 03:04:47;Other;Tracking issue;Chat;TRUE
CMP-0000466;SHP-2025-0018321;2025-03-14 09:01:56;Late Delivery;Long transit time;Web Form;TRUE
CMP-0006256;SHP-2026-0245240;2026-12-07 22:20:49;Incorrect Delivery;Tracking issue;Phone;TRUE
CMP-0005756;SHP-2026-0229504;2026-11-22 14:16:16;Late Delivery;Delivered after promised date;Email;TRUE
CMP-0005913;SHP-2026-0235053;2026-12-31 05:37:41;Late Delivery;Delivery date repeatedly changed;Web Form;FALSE
CMP-0006317;SHP-2026-0247443;2026-12-09 22:13:49;Incorrect Delivery;Other;Email;TRUE
CMP-0001319;SHP-2025-0053269;2025-06-28 04:25:52;Incorrect Delivery;Tracking issue;Email;TRUE
CMP-0002493;SHP-2025-0100909;2025-12-05 20:47:54;Other;Other;Phone;TRUE
CMP-0002870;SHP-2025-0113425;2025-12-10 07:29:55;Other;Wrong delivery instructions;Web Form;TRUE
CMP-0005867;SHP-2026-0233195;2026-12-04 05:15:31;Incorrect Delivery;Tracking issue;Email;TRUE
CMP-0003301;SHP-2026-0130229;2026-02-25 19:24:49;Other;Other;Chat;TRUE
CMP-0003470;SHP-2026-0136849;2026-03-06 23:27:33;Late Delivery;Delivered after promised date;Email;TRUE
CMP-0004657;SHP-2026-0186294;2026-07-29 09:28:25;Late Delivery;Delivery date repeatedly changed;Email;TRUE
CMP-0001523;SHP-2025-0061072;2025-07-10 07:04:17;Incorrect Delivery;Other;Email;FALSE
CMP-0003219;SHP-2026-0126770;2026-01-13 05:26:16;Failed Delivery;Customer not available;Chat;TRUE
CMP-0000934;SHP-2025-0036915;2025-05-08 13:04:38;Other;Wrong delivery instructions;Web Form;TRUE
CMP-0004031;SHP-2026-0160880;2026-05-17 23:44:20;Other;Wrong delivery instructions;Email;TRUE
CMP-0001055;SHP-2025-0042555;2025-05-16 15:37:41;Incorrect Delivery;Other;Phone;TRUE
CMP-0005018;SHP-2026-0200850;2026-09-10 17:53:26;Other;Other;Phone;TRUE
CMP-0000657;SHP-2025-0025893;2025-05-06 10:51:03;Late Delivery;Delivered after promised date;Chat;TRUE
CMP-0000678;SHP-2025-0027107;2025-04-25 12:02:37;Failed Delivery;Customer not available;Email;TRUE
CMP-0001174;SHP-2025-0047315;2025-06-17 01:54:22;Other;Wrong delivery instructions;Web Form;TRUE
CMP-0001315;SHP-2025-0053030;2025-06-16 07:09:17;Failed Delivery;Courier did not reach customer;Phone;TRUE
CMP-0004236;SHP-2026-0169624;2026-06-25 18:04:24;Other;Other;Phone;TRUE
CMP-0002839;SHP-2025-0112424;2026-01-02 02:14:01;Other;Other;Web Form;TRUE
CMP-0001058;SHP-2025-0042631;2025-05-30 06:11:50;Failed Delivery;Courier did not reach customer;Email;TRUE
CMP-0005306;SHP-2026-0212961;2026-10-31 09:00:29;Late Delivery;Delivery date repeatedly changed;Phone;TRUE
CMP-0005700;SHP-2026-0227606;2026-11-28 22:03:34;Late Delivery;Delivery date repeatedly changed;Phone;TRUE
CMP-0004383;SHP-2026-0175781;2026-06-05 20:22:20;Late Delivery;Long transit time;Web Form;TRUE
CMP-0006199;SHP-2026-0243505;2027-01-02 07:20:23;Lost Shipment;Declared lost;Web Form;TRUE
CMP-0005951;SHP-2026-0236116;2026-12-31 17:51:49;Late Delivery;Delivered after promised date;Web Form;TRUE
CMP-0001857;SHP-2025-0073846;2025-09-22 04:56:17;Failed Delivery;Delivery unsuccessful;Email;TRUE
CMP-0002883;SHP-2025-0113915;2025-12-29 00:31:21;Late Delivery;Delivery date repeatedly changed;Email;TRUE
CMP-0001192;SHP-2025-0047956;2025-06-08 09:23:32;Lost Shipment;No tracking progress;Phone;TRUE
CMP-0002195;SHP-2025-0088506;2025-11-01 00:28:01;Late Delivery;Delivery date repeatedly changed;Chat;TRUE
CMP-0002478;SHP-2025-0100404;2025-11-12 01:49:10;Late Delivery;Long transit time;Email;TRUE
CMP-0000671;SHP-2025-0026856;2025-05-03 06:20:31;Incorrect Delivery;Wrong delivery instructions;Phone;TRUE
CMP-0005202;SHP-2026-0208587;2026-10-04 10:07:41;Lost Shipment;Shipment not delivered;Email;TRUE
CMP-0002099;SHP-2025-0084312;2025-11-03 20:58:15;Late Delivery;Delivered after promised date;Web Form;TRUE
CMP-0002000;SHP-2025-0080784;2025-09-09 17:58:44;Other;Tracking issue;Web Form;TRUE
CMP-0004450;SHP-2026-0178636;2026-07-26 22:00:05;Failed Delivery;Customer not available;Email;TRUE
CMP-0003818;SHP-2026-0151267;2026-04-22 23:11:49;Damaged Shipment;Contents damaged;Phone;TRUE
CMP-0004202;SHP-2026-0168242;2026-06-17 14:28:52;Other;Wrong delivery instructions;Web Form;TRUE
